{
  "efp_nh": {
    "DJF": {
      "efp": 0.33969019526708216,
      "months": [
        12,
        1,
        2
      ]
    },
    "JFM": {
      "efp": 0.3269125560755446,
      "months": [
        1,
        2,
        3
      ]
    },
    "FMA": {
      "efp": 0.3464291018138304,
      "months": [
        2,
        3,
        4
      ]
    },
    "MAM": {
      "efp": 0.3739876036688424,
      "months": [
        3,
        4,
        5
      ]
    },
    "AMJ": {
      "efp": 0.3214025853756044,
      "months": [
        4,
        5,
        6
      ]
    },
    "MJJ": {
      "efp": 0.29779140303058144,
      "months": [
        5,
        6,
        7
      ]
    },
    "JJA": {
      "efp": 0.2245711150726578,
      "months": [
        6,
        7,
        8
      ]
    },
    "JAS": {
      "efp": 0.13411531910669,
      "months": [
        7,
        8,
        9
      ]
    },
    "ASO": {
      "efp": 0.15866552026611033,
      "months": [
        8,
        9,
        10
      ]
    },
    "SON": {
      "efp": 0.19069274064441744,
      "months": [
        9,
        10,
        11
      ]
    },
    "OND": {
      "efp": 0.25835039652277886,
      "months": [
        10,
        11,
        12
      ]
    },
    "NDJ": {
      "efp": 0.352037717011946,
      "months": [
        11,
        12,
        1
      ]
    }
  },
  "efp_nh_123": {
    "DJF": {
      "efp": 0.09735541502541561,
      "months": [
        12,
        1,
        2
      ]
    },
    "JFM": {
      "efp": 0.09903401598612506,
      "months": [
        1,
        2,
        3
      ]
    },
    "FMA": {
      "efp": 0.08174105153245043,
      "months": [
        2,
        3,
        4
      ]
    },
    "MAM": {
      "efp": 0.09583295572031507,
      "months": [
        3,
        4,
        5
      ]
    },
    "AMJ": {
      "efp": 0.08791461406780364,
      "months": [
        4,
        5,
        6
      ]
    },
    "MJJ": {
      "efp": 0.06283349145453192,
      "months": [
        5,
        6,
        7
      ]
    },
    "JJA": {
      "efp": 0.05974102857906807,
      "months": [
        6,
        7,
        8
      ]
    },
    "JAS": {
      "efp": 0.03404880858621961,
      "months": [
        7,
        8,
        9
      ]
    },
    "ASO": {
      "efp": 0.03716163046839184,
      "months": [
        8,
        9,
        10
      ]
    },
    "SON": {
      "efp": 0.07254885058092855,
      "months": [
        9,
        10,
        11
      ]
    },
    "OND": {
      "efp": 0.07656568984645917,
      "months": [
        10,
        11,
        12
      ]
    },
    "NDJ": {
      "efp": 0.1243841812865506,
      "months": [
        11,
        12,
        1
      ]
    }
  },
  "efp_nh_gt3": {
    "DJF": {
      "efp": 0.23126015520419277,
      "months": [
        12,
        1,
        2
      ]
    },
    "JFM": {
      "efp": 0.24099874285457967,
      "months": [
        1,
        2,
        3
      ]
    },
    "FMA": {
      "efp": 0.23911017847302315,
      "months": [
        2,
        3,
        4
      ]
    },
    "MAM": {
      "efp": 0.29245245025165156,
      "months": [
        3,
        4,
        5
      ]
    },
    "AMJ": {
      "efp": 0.26714308711167895,
      "months": [
        4,
        5,
        6
      ]
    },
    "MJJ": {
      "efp": 0.22935405792258368,
      "months": [
        5,
        6,
        7
      ]
    },
    "JJA": {
      "efp": 0.15816382458382325,
      "months": [
        6,
        7,
        8
      ]
    },
    "JAS": {
      "efp": 0.1198633730217785,
      "months": [
        7,
        8,
        9
      ]
    },
    "ASO": {
      "efp": 0.14883644062997875,
      "months": [
        8,
        9,
        10
      ]
    },
    "SON": {
      "efp": 0.14404128661668267,
      "months": [
        9,
        10,
        11
      ]
    },
    "OND": {
      "efp": 0.18321171652850102,
      "months": [
        10,
        11,
        12
      ]
    },
    "NDJ": {
      "efp": 0.23601295738470776,
      "months": [
        11,
        12,
        1
      ]
    }
  },
  "efp_sh": {
    "DJF": {
      "efp": 0.2186430463316025,
      "months": [
        12,
        1,
        2
      ]
    },
    "JFM": {
      "efp": 0.20771982403941977,
      "months": [
        1,
        2,
        3
      ]
    },
    "FMA": {
      "efp": 0.2500417131026503,
      "months": [
        2,
        3,
        4
      ]
    },
    "MAM": {
      "efp": 0.2810499807588015,
      "months": [
        3,
        4,
        5
      ]
    },
    "AMJ": {
      "efp": 0.2777356335902598,
      "months": [
        4,
        5,
        6
      ]
    },
    "MJJ": {
      "efp": 0.37000351447368435,
      "months": [
        5,
        6,
        7
      ]
    },
    "JJA": {
      "efp": 0.32502624201612157,
      "months": [
        6,
        7,
        8
      ]
    },
    "JAS": {
      "efp": 0.3217931938422888,
      "months": [
        7,
        8,
        9
      ]
    },
    "ASO": {
      "efp": 0.33697823230611085,
      "months": [
        8,
        9,
        10
      ]
    },
    "SON": {
      "efp": 0.3050339056069869,
      "months": [
        9,
        10,
        11
      ]
    },
    "OND": {
      "efp": 0.2637948555561257,
      "months": [
        10,
        11,
        12
      ]
    },
    "NDJ": {
      "efp": 0.2518405082735944,
      "months": [
        11,
        12,
        1
      ]
    }
  },
  "efp_sh_123": {
    "DJF": {
      "efp": 0.036267118584814094,
      "months": [
        12,
        1,
        2
      ]
    },
    "JFM": {
      "efp": 0.049198233155680365,
      "months": [
        1,
        2,
        3
      ]
    },
    "FMA": {
      "efp": 0.05916071362637135,
      "months": [
        2,
        3,
        4
      ]
    },
    "MAM": {
      "efp": 0.025368511450915125,
      "months": [
        3,
        4,
        5
      ]
    },
    "AMJ": {
      "efp": 0.013123083817813033,
      "months": [
        4,
        5,
        6
      ]
    },
    "MJJ": {
      "efp": 0.04418367560654198,
      "months": [
        5,
        6,
        7
      ]
    },
    "JJA": {
      "efp": 0.048278860849926594,
      "months": [
        6,
        7,
        8
      ]
    },
    "JAS": {
      "efp": 0.04508452415395911,
      "months": [
        7,
        8,
        9
      ]
    },
    "ASO": {
      "efp": 0.019440231252902843,
      "months": [
        8,
        9,
        10
      ]
    },
    "SON": {
      "efp": 0.029699983466370327,
      "months": [
        9,
        10,
        11
      ]
    },
    "OND": {
      "efp": 0.028256617477386715,
      "months": [
        10,
        11,
        12
      ]
    },
    "NDJ": {
      "efp": 0.04606647373627603,
      "months": [
        11,
        12,
        1
      ]
    }
  },
  "efp_sh_gt3": {
    "DJF": {
      "efp": 0.18435744996787087,
      "months": [
        12,
        1,
        2
      ]
    },
    "JFM": {
      "efp": 0.13786195988064825,
      "months": [
        1,
        2,
        3
      ]
    },
    "FMA": {
      "efp": 0.15537223279747628,
      "months": [
        2,
        3,
        4
      ]
    },
    "MAM": {
      "efp": 0.20629168422472222,
      "months": [
        3,
        4,
        5
      ]
    },
    "AMJ": {
      "efp": 0.22551609984155588,
      "months": [
        4,
        5,
        6
      ]
    },
    "MJJ": {
      "efp": 0.3075064512930619,
      "months": [
        5,
        6,
        7
      ]
    },
    "JJA": {
      "efp": 0.3014223406452665,
      "months": [
        6,
        7,
        8
      ]
    },
    "JAS": {
      "efp": 0.28587748072131447,
      "months": [
        7,
        8,
        9
      ]
    },
    "ASO": {
      "efp": 0.27500274781670636,
      "months": [
        8,
        9,
        10
      ]
    },
    "SON": {
      "efp": 0.24097464001089344,
      "months": [
        9,
        10,
        11
      ]
    },