{
  "efp_nh": {
    "DJF": {
      "efp": 0.3007842466481872,
      "months": [
        12,
        1,
        2
      ]
    },
    "JFM": {
      "efp": 0.30692980256695057,
      "months": [
        1,
        2,
        3
      ]
    },
    "FMA": {
      "efp": 0.21317449130057226,
      "months": [
        2,
        3,
        4
      ]
    },
    "MAM": {
      "efp": 0.1265635355901477,
      "months": [
        3,
        4,
        5
      ]
    },
    "AMJ": {
      "efp": 0.12465189590736409,
      "months": [
        4,
        5,
        6
      ]
    },
    "MJJ": {
      "efp": 0.13107969361195354,
      "months": [
        5,
        6,
        7
      ]
    },
    "JJA": {
      "efp": 0.16064174851692486,
      "months": [
        6,
        7,
        8
      ]
    },
    "JAS": {
      "efp": 0.13239305920170943,
      "months": [
        7,
        8,
        9
      ]
    },
    "ASO": {
      "efp": 0.12565303522190216,
      "months": [
        8,
        9,
        10
      ]
    },
    "SON": {
      "efp": 0.1585497163510559,
      "months": [
        9,
        10,
        11
      ]
    },
    "OND": {
      "efp": 0.17956789489874292,
      "months": [
        10,
        11,
        12
      ]
    },
    "NDJ": {
      "efp": 0.27962627512794686,
      "months": [
        11,
        12,
        1
      ]
    }
  },
  "efp_nh_123": {
    "DJF": {
      "efp": 0.1303301578029949,
      "months": [
        12,
        1,
        2
      ]
    },
    "JFM": {
      "efp": 0.12488455334068602,
      "months": [
        1,
        2,
        3
      ]
    },
    "FMA": {
      "efp": 0.07326785821154438,
      "months": [
        2,
        3,
        4
      ]
    },
    "MAM": {
      "efp": 0.05128278977700657,
      "months": [
        3,
        4,
        5
      ]
    },
    "AMJ": {
      "efp": 0.038083432573373543,
      "months": [
        4,
        5,
        6
      ]
    },
    "MJJ": {
      "efp": 0.03463378035585749,
      "months": [
        5,
        6,
        7
      ]
    },
    "JJA": {
      "efp": 0.04713658878441699,
      "months": [
        6,
        7,
        8
      ]
    },
    "JAS": {
      "efp": 0.050464260697230465,
      "months": [
        7,
        8,
        9
      ]
    },
    "ASO": {
      "efp": 0.042547625556026654,
      "months": [
        8,
        9,
        10
      ]
    },
    "SON": {
      "efp": 0.032001600472029386,
      "months": [
        9,
        10,
        11
      ]
    },
    "OND": {
      "efp": 0.04984330018236863,
      "months": [
        10,
        11,
        12
      ]
    },
    "NDJ": {
      "efp": 0.09925216554281877,
      "months": [
        11,
        12,
        1
      ]
    }
  },
  "efp_nh_gt3": {
    "DJF": {
      "efp": 0.1653936990615737,
      "months": [
        12,
        1,
        2
      ]
    },
    "JFM": {
      "efp": 0.16906164971906837,
      "months": [
        1,
        2,
        3
      ]
    },
    "FMA": {
      "efp": 0.1324289106255829,
      "months": [
        2,
        3,
        4
      ]
    },
    "MAM": {
      "efp": 0.08960641018549409,
      "months": [
        3,
        4,
        5
      ]
    },
    "AMJ": {
      "efp": 0.10747884696898787,
      "months": [
        4,
        5,
        6
      ]
    },
    "MJJ": {
      "efp": 0.09240445141014215,
      "months": [
        5,
        6,
        7
      ]
    },
    "JJA": {
      "efp": 0.10494781092389244,
      "months": [
        6,
        7,
        8
      ]
    },
    "JAS": {
      "efp": 0.09588581181310928,
      "months": [
        7,
        8,
        9
      ]
    },
    "ASO": {
      "efp": 0.11742165811508211,
      "months": [
        8,
        9,
        10
      ]
    },
    "SON": {
      "efp": 0.11687847848671953,
      "months": [
        9,
        10,
        11
      ]
    },
    "OND": {
      "efp": 0.14088782101049113,
      "months": [
        10,
        11,
        12
      ]
    },
    "NDJ": {
      "efp": 0.18616480068426022,
      "months": [
        11,
        12,
        1
      ]
    }
  },
  "efp_sh": {
    "DJF": {
      "efp": 0.21642611199688094,
      "months": [
        12,
        1,
        2
      ]
    },
    "JFM": {
      "efp": 0.18616625905490175,
      "months": [
        1,
        2,
        3
      ]
    },
    "FMA": {
      "efp": 0.16190404647634035,
      "months": [
        2,
        3,
        4
      ]
    },
    "MAM": {
      "efp": 0.22111830043868433,
      "months": [
        3,
        4,
        5
      ]
    },
    "AMJ": {
      "efp": 0.23089441316183287,
      "months": [
        4,
        5,
        6
      ]
    },
    "MJJ": {
      "efp": 0.275416979318253,
      "months": [
        5,
        6,
        7
      ]
    },
    "JJA": {
      "efp": 0.24616660419265873,
      "months": [
        6,
        7,
        8
      ]
    },
    "JAS": {
      "efp": 0.312355447676093,
      "months": [
        7,
        8,
        9
      ]
    },
    "ASO": {
      "efp": 0.30475668615246115,
      "months": [
        8,
        9,
        10
      ]
    },
    "SON": {
      "efp": 0.2342528509801535,
      "months": [
        9,
        10,
        11
      ]
    },
    "OND": {
      "efp": 0.22664156487796255,
      "months": [
        10,
        11,
        12
      ]
    },
    "NDJ": {
      "efp": 0.22347158887181184,
      "months": [
        11,
        12,
        1
      ]
    }
  },
  "efp_sh_123": {
    "DJF": {
      "efp": 0.06324692512210157,
      "months": [
        12,
        1,
        2
      ]
    },
    "JFM": {
      "efp": 0.0698789372479304,
      "months": [
        1,
        2,
        3
      ]
    },
    "FMA": {
      "efp": 0.0419098140931461,
      "months": [
        2,
        3,
        4
      ]
    },
    "MAM": {
      "efp": 0.019563093576036243,
      "months": [
        3,
        4,
        5
      ]
    },
    "AMJ": {
      "efp": 0.031792582012123725,
      "months": [
        4,
        5,
        6
      ]
    },
    "MJJ": {
      "efp": 0.048516908032061004,
      "months": [
        5,
        6,
        7
      ]
    },
    "JJA": {
      "efp": 0.05489867510263761,
      "months": [
        6,
        7,
        8
      ]
    },
    "JAS": {
      "efp": 0.06651005214419202,
      "months": [
        7,
        8,
        9
      ]
    },
    "ASO": {
      "efp": 0.03125555799670258,
      "months": [
        8,
        9,
        10
      ]
    },
    "SON": {
      "efp": 0.05279003555793391,
      "months": [
        9,
        10,
        11
      ]
    },
    "OND": {
      "efp": 0.03463006597022217,
      "months": [
        10,
        11,
        12
      ]
    },
    "NDJ": {
      "efp": 0.033878819578344904,
      "months": [
        11,
        12,
        1
      ]
    }
  },
  "efp_sh_gt3": {
    "DJF": {
      "efp": 0.19490955138227462,
      "months": [
        12,
        1,
        2
      ]
    },
    "JFM": {
      "efp": 0.17660391284056207,
      "months": [
        1,
        2,
        3
      ]
    },
    "FMA": {
      "efp": 0.1622002860175991,
      "months": [
        2,
        3,
        4
      ]
    },
    "MAM": {
      "efp": 0.18934286971135428,
      "months": [
        3,
        4,
        5
      ]
    },
    "AMJ": {
      "efp": 0.17573892750837544,
      "months": [
        4,
        5,
        6
      ]
    },
    "MJJ": {
      "efp": 0.22787711981852943,
      "months": [
        5,
        6,
        7
      ]
    },
    "JJA": {
      "efp": 0.23151619126341355,
      "months": [
        6,
        7,
        8
      ]
    },
    "JAS": {
      "efp": 0.24745809715196124,
      "months": [
        7,
        8,
        9
      ]
    },
    "ASO": {
      "efp": 0.22608800376167712,
      "months": [
        8,
        9,
        10
      ]
    },
    "SON": {
      "efp": 0.20317000224072465,