{
  "efp_nh": {
    "DJF": {
      "efp": 0.22807159272761304,
      "months": [
        12,
        1,
        2
      ]
    },
    "JFM": {
      "efp": 0.30625915079684224,
      "months": [
        1,
        2,
        3
      ]
    },
    "FMA": {
      "efp": 0.26516418676203507,
      "months": [
        2,
        3,
        4
      ]
    },
    "MAM": {
      "efp": 0.2764935437432635,
      "months": [
        3,
        4,
        5
      ]
    },
    "AMJ": {
      "efp": 0.1760425372894011,
      "months": [
        4,
        5,
        6
      ]
    },
    "MJJ": {
      "efp": 0.1444390260636643,
      "months": [
        5,
        6,
        7
      ]
    },
    "JJA": {
      "efp": 0.11126064453784755,
      "months": [
        6,
        7,
        8
      ]
    },
    "JAS": {
      "efp": 0.06753337691481667,
      "months": [
        7,
        8,
        9
      ]
    },
    "ASO": {
      "efp": 0.09020887756705685,
      "months": [
        8,
        9,
        10
      ]
    },
    "SON": {
      "efp": 0.13334703124967853,
      "months": [
        9,
        10,
        11
      ]
    },
    "OND": {
      "efp": 0.19960218478670788,
      "months": [
        10,
        11,
        12
      ]
    },
    "NDJ": {
      "efp": 0.2452770316731804,
      "months": [
        11,
        12,
        1
      ]
    }
  },
  "efp_nh_123": {
    "DJF": {
      "efp": 0.07351270225639743,
      "months": [
        12,
        1,
        2
      ]
    },
    "JFM": {
      "efp": 0.06787574320575192,
      "months": [
        1,
        2,
        3
      ]
    },
    "FMA": {
      "efp": 0.06700321633324316,
      "months": [
        2,
        3,
        4
      ]
    },
    "MAM": {
      "efp": 0.054952685082359835,
      "months": [
        3,
        4,
        5
      ]
    },
    "AMJ": {
      "efp": 0.05091092740027719,
      "months": [
        4,
        5,
        6
      ]
    },
    "MJJ": {
      "efp": 0.027683760556149312,
      "months": [
        5,
        6,
        7
      ]
    },
    "JJA": {
      "efp": 0.02908671163013395,
      "months": [
        6,
        7,
        8
      ]
    },
    "JAS": {
      "efp": 0.02802904419662489,
      "months": [
        7,
        8,
        9
      ]
    },
    "ASO": {
      "efp": 0.014970964397305518,
      "months": [
        8,
        9,
        10
      ]
    },
    "SON": {
      "efp": 0.02687732172670146,
      "months": [
        9,
        10,
        11
      ]
    },
    "OND": {
      "efp": 0.029917929495730484,
      "months": [
        10,
        11,
        12
      ]
    },
    "NDJ": {
      "efp": 0.05651626703888644,
      "months": [
        11,
        12,
        1
      ]
    }
  },
  "efp_nh_gt3": {
    "DJF": {
      "efp": 0.12562661325809032,
      "months": [
        12,
        1,
        2
      ]
    },
    "JFM": {
      "efp": 0.1834773396426673,
      "months": [
        1,
        2,
        3
      ]
    },
    "FMA": {
      "efp": 0.1634251834307072,
      "months": [
        2,
        3,
        4
      ]
    },
    "MAM": {
      "efp": 0.19388472694385148,
      "months": [
        3,
        4,
        5
      ]
    },
    "AMJ": {
      "efp": 0.1220045993614602,
      "months": [
        4,
        5,
        6
      ]
    },
    "MJJ": {
      "efp": 0.09486781747147463,
      "months": [
        5,
        6,
        7
      ]
    },
    "JJA": {
      "efp": 0.06819881188905662,
      "months": [
        6,
        7,
        8
      ]
    },
    "JAS": {
      "efp": 0.04537670004222227,
      "months": [
        7,
        8,
        9
      ]
    },
    "ASO": {
      "efp": 0.07792063103102295,
      "months": [
        8,
        9,
        10
      ]
    },
    "SON": {
      "efp": 0.08658498298859274,
      "months": [
        9,
        10,
        11
      ]
    },
    "OND": {
      "efp": 0.14242355089805905,
      "months": [
        10,
        11,
        12
      ]
    },
    "NDJ": {
      "efp": 0.13930702033148337,
      "months": [
        11,
        12,
        1
      ]
    }
  },
  "efp_sh": {
    "DJF": {
      "efp": 0.17968776706609332,
      "months": [
        12,
        1,
        2
      ]
    },
    "JFM": {
      "efp": 0.141109662447485,
      "months": [
        1,
        2,
        3
      ]
    },
    "FMA": {
      "efp": 0.17239781283089234,
      "months": [
        2,
        3,
        4
      ]
    },
    "MAM": {
      "efp": 0.18715252203874239,
      "months": [
        3,
        4,
        5
      ]
    },
    "AMJ": {
      "efp": 0.2405721707663331,
      "months": [
        4,
        5,
        6
      ]
    },
    "MJJ": {
      "efp": 0.27350620696654265,
      "months": [
        5,
        6,
        7
      ]
    },
    "JJA": {
      "efp": 0.3318564677009636,
      "months": [
        6,
        7,
        8
      ]
    },
    "JAS": {
      "efp": 0.3811208073385181,
      "months": [
        7,
        8,
        9
      ]
    },
    "ASO": {
      "efp": 0.367827895327364,
      "months": [
        8,
        9,
        10
      ]
    },
    "SON": {
      "efp": 0.35113478399045894,
      "months": [
        9,
        10,
        11
      ]
    },
    "OND": {
      "efp": 0.3143169900659409,
      "months": [
        10,
        11,
        12
      ]
    },
    "NDJ": {
      "efp": 0.2468009814996538,
      "months": [
        11,
        12,
        1
      ]
    }
  },
  "efp_sh_123": {
    "DJF": {
      "efp": 0.03901013748243831,
      "months": [
        12,
        1,
        2
      ]
    },
    "JFM": {
      "efp": 0.03598683095788006,
      "months": [
        1,
        2,
        3
      ]
    },
    "FMA": {
      "efp": 0.038524600543605944,
      "months": [
        2,
        3,
        4
      ]
    },
    "MAM": {
      "efp": 0.0254070092877789,
      "months": [
        3,
        4,
        5
      ]
    },
    "AMJ": {
      "efp": 0.017281663976374897,
      "months": [
        4,
        5,
        6
      ]
    },
    "MJJ": {
      "efp": 0.024765084380977753,
      "months": [
        5,
        6,
        7
      ]
    },
    "JJA": {
      "efp": 0.028152342500926103,
      "months": [
        6,
        7,
        8
      ]
    },
    "JAS": {
      "efp": 0.048938873367726544,
      "months": [
        7,
        8,
        9
      ]
    },
    "ASO": {
      "efp": 0.05091834448883528,
      "months": [
        8,
        9,
        10
      ]
    },
    "SON": {
      "efp": 0.059397805707858777,
      "months": [
        9,
        10,
        11
      ]
    },
    "OND": {
      "efp": 0.03852762032896839,
      "months": [
        10,
        11,
        12
      ]
    },
    "NDJ": {
      "efp": 0.07428504182175094,
      "months": [
        11,
        12,
        1
      ]
    }
  },
  "efp_sh_gt3": {
    "DJF": {
      "efp": 0.13529632877739922,
      "months": [
        12,
        1,
        2
      ]
    },
    "JFM": {
      "efp": 0.10696776741349162,
      "months": [
        1,
        2,
        3
      ]
    },
    "FMA": {
      "efp": 0.12932196916768118,
      "months": [
        2,
        3,
        4
      ]
    },
    "MAM": {
      "efp": 0.16361458259596345,
      "months": [
        3,
        4,
        5
      ]
    },
    "AMJ": {
      "efp": 0.18805033331996943,
      "months": [
        4,
        5,
        6
      ]
    },
    "MJJ": {
      "efp": 0.21287492890454107,
      "months": [
        5,
        6,
        7
      ]
    },
    "JJA": {
      "efp": 0.25964867167122146,
      "months": [
        6,
        7,
        8
      ]
    },
    "JAS": {
      "efp": 0.3208024469498294,
      "months": [
        7,
        8,
        9
      ]
    },
    "ASO": {
      "efp": 0.3086587909076542,
      "months": [
        8,
        9,
        10
      ]
    },
    "SON": {
      "efp": 0.2849277676899904,
      "months": [
        9,
        10,
        11
      ]
    },