{
  "efp_nh": {
    "DJF": {
      "efp": 0.24088066625825333,
      "months": [
        12,
        1,
        2
      ]
    },
    "JFM": {
      "efp": 0.2416425631090708,
      "months": [
        1,
        2,
        3
      ]
    },
    "FMA": {
      "efp": 0.21324710728772475,
      "months": [
        2,
        3,
        4
      ]
    },
    "MAM": {
      "efp": 0.16460686657229276,
      "months": [
        3,
        4,
        5
      ]
    },
    "AMJ": {
      "efp": 0.24417082174256075,
      "months": [
        4,
        5,
        6
      ]
    },
    "MJJ": {
      "efp": 0.1901275054595034,
      "months": [
        5,
        6,
        7
      ]
    },
    "JJA": {
      "efp": 0.2016456609818849,
      "months": [
        6,
        7,
        8
      ]
    },
    "JAS": {
      "efp": 0.14730425100580666,
      "months": [
        7,
        8,
        9
      ]
    },
    "ASO": {
      "efp": 0.13367570630510472,
      "months": [
        8,
        9,
        10
      ]
    },
    "SON": {
      "efp": 0.09141577843931989,
      "months": [
        9,
        10,
        11
      ]
    },
    "OND": {
      "efp": 0.12340002204038776,
      "months": [
        10,
        11,
        12
      ]
    },
    "NDJ": {
      "efp": 0.21736728980934156,
      "months": [
        11,
        12,
        1
      ]
    }
  },
  "efp_nh_123": {
    "DJF": {
      "efp": 0.13627050159162843,
      "months": [
        12,
        1,
        2
      ]
    },
    "JFM": {
      "efp": 0.11725111130928076,
      "months": [
        1,
        2,
        3
      ]
    },
    "FMA": {
      "efp": 0.07338804099835394,
      "months": [
        2,
        3,
        4
      ]
    },
    "MAM": {
      "efp": 0.06335886899314598,
      "months": [
        3,
        4,
        5
      ]
    },
    "AMJ": {
      "efp": 0.06362870012274652,
      "months": [
        4,
        5,
        6
      ]
    },
    "MJJ": {
      "efp": 0.032428188901059106,
      "months": [
        5,
        6,
        7
      ]
    },
    "JJA": {
      "efp": 0.03898571127678755,
      "months": [
        6,
        7,
        8
      ]
    },
    "JAS": {
      "efp": 0.05155585134284454,
      "months": [
        7,
        8,
        9
      ]
    },
    "ASO": {
      "efp": 0.022918145162446626,
      "months": [
        8,
        9,
        10
      ]
    },
    "SON": {
      "efp": 0.020549159062237532,
      "months": [
        9,
        10,
        11
      ]
    },
    "OND": {
      "efp": 0.05449083231944798,
      "months": [
        10,
        11,
        12
      ]
    },
    "NDJ": {
      "efp": 0.078708687498724,
      "months": [
        11,
        12,
        1
      ]
    }
  },
  "efp_nh_gt3": {
    "DJF": {
      "efp": 0.08343376568147644,
      "months": [
        12,
        1,
        2
      ]
    },
    "JFM": {
      "efp": 0.15073467810307029,
      "months": [
        1,
        2,
        3
      ]
    },
    "FMA": {
      "efp": 0.12530906592136584,
      "months": [
        2,
        3,
        4
      ]
    },
    "MAM": {
      "efp": 0.09847076828987374,
      "months": [
        3,
        4,
        5
      ]
    },
    "AMJ": {
      "efp": 0.13716705367781662,
      "months": [
        4,
        5,
        6
      ]
    },
    "MJJ": {
      "efp": 0.14063256437342428,
      "months": [
        5,
        6,
        7
      ]
    },
    "JJA": {
      "efp": 0.13804660495013465,
      "months": [
        6,
        7,
        8
      ]
    },
    "JAS": {
      "efp": 0.10129149353357977,
      "months": [
        7,
        8,
        9
      ]
    },
    "ASO": {
      "efp": 0.12139169065547112,
      "months": [
        8,
        9,
        10
      ]
    },
    "SON": {
      "efp": 0.08670849578368721,
      "months": [
        9,
        10,
        11
      ]
    },
    "OND": {
      "efp": 0.08212953976136315,
      "months": [
        10,
        11,
        12
      ]
    },
    "NDJ": {
      "efp": 0.14399878771845373,
      "months": [
        11,
        12,
        1
      ]
    }
  },
  "efp_sh": {
    "DJF": {
      "efp": 0.22176625442061978,
      "months": [
        12,
        1,
        2
      ]
    },
    "JFM": {
      "efp": 0.17794363817267184,
      "months": [
        1,
        2,
        3
      ]
    },
    "FMA": {
      "efp": 0.14237195022568747,
      "months": [
        2,
        3,
        4
      ]
    },
    "MAM": {
      "efp": 0.1932465698047599,
      "months": [
        3,
        4,
        5
      ]
    },
    "AMJ": {
      "efp": 0.27946912604241964,
      "months": [
        4,
        5,
        6
      ]
    },
    "MJJ": {
      "efp": 0.36021088485017183,
      "months": [
        5,
        6,
        7
      ]
    },
    "JJA": {
      "efp": 0.32366114447085587,
      "months": [
        6,
        7,
        8
      ]
    },
    "JAS": {
      "efp": 0.2822399940947482,
      "months": [
        7,
        8,
        9
      ]
    },
    "ASO": {
      "efp": 0.27524682620604274,
      "months": [
        8,
        9,
        10
      ]
    },
    "SON": {
      "efp": 0.24908255099434998,
      "months": [
        9,
        10,
        11
      ]
    },
    "OND": {
      "efp": 0.2490548865740983,
      "months": [
        10,
        11,
        12
      ]
    },
    "NDJ": {
      "efp": 0.3040915808524235,
      "months": [
        11,
        12,
        1
      ]
    }
  },
  "efp_sh_123": {
    "DJF": {
      "efp": 0.04990592184675609,
      "months": [
        12,
        1,
        2
      ]
    },
    "JFM": {
      "efp": 0.06402491138516726,
      "months": [
        1,
        2,
        3
      ]
    },
    "FMA": {
      "efp": 0.05460430088788997,
      "months": [
        2,
        3,
        4
      ]
    },
    "MAM": {
      "efp": 0.04136264608722943,
      "months": [
        3,
        4,
        5
      ]
    },
    "AMJ": {
      "efp": 0.04934569282534222,
      "months": [
        4,
        5,
        6
      ]
    },
    "MJJ": {
      "efp": 0.031166775019297308,
      "months": [
        5,
        6,
        7
      ]
    },
    "JJA": {
      "efp": 0.04767934498669809,
      "months": [
        6,
        7,
        8
      ]
    },
    "JAS": {
      "efp": 0.06293728365714621,
      "months": [
        7,
        8,
        9
      ]
    },
    "ASO": {
      "efp": 0.07207228374231504,
      "months": [
        8,
        9,
        10
      ]
    },
    "SON": {
      "efp": 0.02567984836459059,
      "months": [
        9,
        10,
        11
      ]
    },
    "OND": {
      "efp": 0.037836228344357625,
      "months": [
        10,
        11,
        12
      ]
    },
    "NDJ": {
      "efp": 0.053989546266502014,
      "months": [
        11,
        12,
        1
      ]
    }
  },
  "efp_sh_gt3": {
    "DJF": {
      "efp": 0.17262744501891109,
      "months": [
        12,
        1,
        2
      ]
    },
    "JFM": {
      "efp": 0.14594977173341978,
      "months": [
        1,
        2,
        3
      ]
    },
    "FMA": {
      "efp": 0.13164646073586544,
      "months": [
        2,
        3,
        4
      ]
    },
    "MAM": {
      "efp": 0.17929892618859058,
      "months": [
        3,
        4,
        5
      ]
    },
    "AMJ": {
      "efp": 0.21391461440497617,
      "months": [
        4,
        5,
        6
      ]
    },
    "MJJ": {
      "efp": 0.2943910826307964,
      "months": [
        5,
        6,
        7
      ]
    },
    "JJA": {
      "efp": 0.2913219961610067,
      "months": [
        6,
        7,
        8
      ]
    },
    "JAS": {
      "efp": 0.23080574492770672,
      "months": [
        7,
        8,
        9
      ]
    },
    "ASO": {
      "efp": 0.2532102469194534,
      "months": [
        8,
        9,
        10
      ]
    },
    "SON": {
      "efp": 0.1924342913960458,