{
  "efp_nh": {
    "DJF": {
      "efp": 0.2818436028267544,
      "months": [
        12,
        1,
        2
      ]
    },
    "JFM": {
      "efp": 0.26278244738593565,
      "months": [
        1,
        2,
        3
      ]
    },
    "FMA": {
      "efp": 0.26669452206073246,
      "months": [
        2,
        3,
        4
      ]
    },
    "MAM": {
      "efp": 0.3394023122039111,
      "months": [
        3,
        4,
        5
      ]
    },
    "AMJ": {
      "efp": 0.31224189278534964,
      "months": [
        4,
        5,
        6
      ]
    },
    "MJJ": {
      "efp": 0.19139942219533942,
      "months": [
        5,
        6,
        7
      ]
    },
    "JJA": {
      "efp": 0.13601596625223106,
      "months": [
        6,
        7,
        8
      ]
    },
    "JAS": {
      "efp": 0.10959866322182762,
      "months": [
        7,
        8,
        9
      ]
    },
    "ASO": {
      "efp": 0.22409410521759188,
      "months": [
        8,
        9,
        10
      ]
    },
    "SON": {
      "efp": 0.16240609640666523,
      "months": [
        9,
        10,
        11
      ]
    },
    "OND": {
      "efp": 0.14292950787748243,
      "months": [
        10,
        11,
        12
      ]
    },
    "NDJ": {
      "efp": 0.27433802296124976,
      "months": [
        11,
        12,
        1
      ]
    }
  },
  "efp_nh_123": {
    "DJF": {
      "efp": 0.14126087775772886,
      "months": [
        12,
        1,
        2
      ]
    },
    "JFM": {
      "efp": 0.12453226877301113,
      "months": [
        1,
        2,
        3
      ]
    },
    "FMA": {
      "efp": 0.08996631646954512,
      "months": [
        2,
        3,
        4
      ]
    },
    "MAM": {
      "efp": 0.08849878704371114,
      "months": [
        3,
        4,
        5
      ]
    },
    "AMJ": {
      "efp": 0.09898442345462809,
      "months": [
        4,
        5,
        6
      ]
    },
    "MJJ": {
      "efp": 0.07183897227172598,
      "months": [
        5,
        6,
        7
      ]
    },
    "JJA": {
      "efp": 0.10031540148808753,
      "months": [
        6,
        7,
        8
      ]
    },
    "JAS": {
      "efp": 0.07097593754099486,
      "months": [
        7,
        8,
        9
      ]
    },
    "ASO": {
      "efp": 0.05482484457807465,
      "months": [
        8,
        9,
        10
      ]
    },
    "SON": {
      "efp": 0.04576810443192795,
      "months": [
        9,
        10,
        11
      ]
    },
    "OND": {
      "efp": 0.09527961955142461,
      "months": [
        10,
        11,
        12
      ]
    },
    "NDJ": {
      "efp": 0.104400606249538,
      "months": [
        11,
        12,
        1
      ]
    }
  },
  "efp_nh_gt3": {
    "DJF": {
      "efp": 0.12384522380235845,
      "months": [
        12,
        1,
        2
      ]
    },
    "JFM": {
      "efp": 0.20292838198930158,
      "months": [
        1,
        2,
        3
      ]
    },
    "FMA": {
      "efp": 0.2089433308928548,
      "months": [
        2,
        3,
        4
      ]
    },
    "MAM": {
      "efp": 0.22839269153121963,
      "months": [
        3,
        4,
        5
      ]
    },
    "AMJ": {
      "efp": 0.18492212676569325,
      "months": [
        4,
        5,
        6
      ]
    },
    "MJJ": {
      "efp": 0.09918368479751041,
      "months": [
        5,
        6,
        7
      ]
    },
    "JJA": {
      "efp": 0.11485343918513823,
      "months": [
        6,
        7,
        8
      ]
    },
    "JAS": {
      "efp": 0.1578738071560231,
      "months": [
        7,
        8,
        9
      ]
    },
    "ASO": {
      "efp": 0.229527564206416,
      "months": [
        8,
        9,
        10
      ]
    },
    "SON": {
      "efp": 0.15495957243625064,
      "months": [
        9,
        10,
        11
      ]
    },
    "OND": {
      "efp": 0.09195785143909589,
      "months": [
        10,
        11,
        12
      ]
    },
    "NDJ": {
      "efp": 0.13660269597210362,
      "months": [
        11,
        12,
        1
      ]
    }
  },
  "efp_sh": {
    "DJF": {
      "efp": 0.21615743811256924,
      "months": [
        12,
        1,
        2
      ]
    },
    "JFM": {
      "efp": 0.16028840273177636,
      "months": [
        1,
        2,
        3
      ]
    },
    "FMA": {
      "efp": 0.2101608620684576,
      "months": [
        2,
        3,
        4
      ]
    },
    "MAM": {
      "efp": 0.2591852849406641,
      "months": [
        3,
        4,
        5
      ]
    },
    "AMJ": {
      "efp": 0.2842945214147714,
      "months": [
        4,
        5,
        6
      ]
    },
    "MJJ": {
      "efp": 0.37938437692059085,
      "months": [
        5,
        6,
        7
      ]
    },
    "JJA": {
      "efp": 0.39402008254292364,
      "months": [
        6,
        7,
        8
      ]
    },
    "JAS": {
      "efp": 0.3451569785095265,
      "months": [
        7,
        8,
        9
      ]
    },
    "ASO": {
      "efp": 0.2632680782974401,
      "months": [
        8,
        9,
        10
      ]
    },
    "SON": {
      "efp": 0.26670799002396717,
      "months": [
        9,
        10,
        11
      ]
    },
    "OND": {
      "efp": 0.3025908215942445,
      "months": [
        10,
        11,
        12
      ]
    },
    "NDJ": {
      "efp": 0.25514531342501934,
      "months": [
        11,
        12,
        1
      ]
    }
  },
  "efp_sh_123": {
    "DJF": {
      "efp": 0.02150912966831627,
      "months": [
        12,
        1,
        2
      ]
    },
    "JFM": {
      "efp": 0.034839332376060315,
      "months": [
        1,
        2,
        3
      ]
    },
    "FMA": {
      "efp": 0.03525104605064522,
      "months": [
        2,
        3,
        4
      ]
    },
    "MAM": {
      "efp": 0.02003299123775472,
      "months": [
        3,
        4,
        5
      ]
    },
    "AMJ": {
      "efp": 0.022392547794270936,
      "months": [
        4,
        5,
        6
      ]
    },
    "MJJ": {
      "efp": 0.06109184800415631,
      "months": [
        5,
        6,
        7
      ]
    },
    "JJA": {
      "efp": 0.05085414560964106,
      "months": [
        6,
        7,
        8
      ]
    },
    "JAS": {
      "efp": 0.06548991146226625,
      "months": [
        7,
        8,
        9
      ]
    },
    "ASO": {
      "efp": 0.05499946391494641,
      "months": [
        8,
        9,
        10
      ]
    },
    "SON": {
      "efp": 0.03291576908417237,
      "months": [
        9,
        10,
        11
      ]
    },
    "OND": {
      "efp": 0.08438655461560829,
      "months": [
        10,
        11,
        12
      ]
    },
    "NDJ": {
      "efp": 0.04808261830010169,
      "months": [
        11,
        12,
        1
      ]
    }
  },
  "efp_sh_gt3": {
    "DJF": {
      "efp": 0.18195942212994132,
      "months": [
        12,
        1,
        2
      ]
    },
    "JFM": {
      "efp": 0.15446049867538866,
      "months": [
        1,
        2,
        3
      ]
    },
    "FMA": {
      "efp": 0.19136471756051063,
      "months": [
        2,
        3,
        4
      ]
    },
    "MAM": {
      "efp": 0.2011393638746526,
      "months": [
        3,
        4,
        5
      ]
    },
    "AMJ": {
      "efp": 0.23188627801719086,
      "months": [
        4,
        5,
        6
      ]
    },
    "MJJ": {
      "efp": 0.348492546017211,
      "months": [
        5,
        6,
        7
      ]
    },
    "JJA": {
      "efp": 0.34990722403977303,
      "months": [
        6,
        7,
        8
      ]
    },
    "JAS": {
      "efp": 0.2501338435905235,
      "months": [
        7,
        8,
        9
      ]
    },
    "ASO": {
      "efp": 0.15541100576597972,
      "months": [
        8,
        9,
        10
      ]
    },
    "SON": {
      "efp": 0.1849373425319221,
      "months": [
        9,
        10,
        11
      ]
    },