{
  "efp_nh": {
    "DJF": {
      "efp": 0.3138185506072912,
      "months": [
        12,
        1,
        2
      ]
    },
    "JFM": {
      "efp": 0.31324445558033676,
      "months": [
        1,
        2,
        3
      ]
    },
    "FMA": {
      "efp": 0.26897344212107666,
      "months": [
        2,
        3,
        4
      ]
    },
    "MAM": {
      "efp": 0.24555124119831792,
      "months": [
        3,
        4,
        5
      ]
    },
    "AMJ": {
      "efp": 0.20547837654631185,
      "months": [
        4,
        5,
        6
      ]
    },
    "MJJ": {
      "efp": 0.15921584993323168,
      "months": [
        5,
        6,
        7
      ]
    },
    "JJA": {
      "efp": 0.11128102414178306,
      "months": [
        6,
        7,
        8
      ]
    },
    "JAS": {
      "efp": 0.10757728319327488,
      "months": [
        7,
        8,
        9
      ]
    },
    "ASO": {
      "efp": 0.11184970053334924,
      "months": [
        8,
        9,
        10
      ]
    },
    "SON": {
      "efp": 0.13870045862491473,
      "months": [
        9,
        10,
        11
      ]
    },
    "OND": {
      "efp": 0.1605484325614431,
      "months": [
        10,
        11,
        12
      ]
    },
    "NDJ": {
      "efp": 0.16987628726208118,
      "months": [
        11,
        12,
        1
      ]
    }
  },
  "efp_nh_123": {
    "DJF": {
      "efp": 0.1470388153737079,
      "months": [
        12,
        1,
        2
      ]
    },
    "JFM": {
      "efp": 0.15486658200988795,
      "months": [
        1,
        2,
        3
      ]
    },
    "FMA": {
      "efp": 0.12191743058390792,
      "months": [
        2,
        3,
        4
      ]
    },
    "MAM": {
      "efp": 0.08111584037124775,
      "months": [
        3,
        4,
        5
      ]
    },
    "AMJ": {
      "efp": 0.07529099807337844,
      "months": [
        4,
        5,
        6
      ]
    },
    "MJJ": {
      "efp": 0.05803627585876072,
      "months": [
        5,
        6,
        7
      ]
    },
    "JJA": {
      "efp": 0.05153979973859953,
      "months": [
        6,
        7,
        8
      ]
    },
    "JAS": {
      "efp": 0.03600683555659975,
      "months": [
        7,
        8,
        9
      ]
    },
    "ASO": {
      "efp": 0.03351658865290871,
      "months": [
        8,
        9,
        10
      ]
    },
    "SON": {
      "efp": 0.04106482314685209,
      "months": [
        9,
        10,
        11
      ]
    },
    "OND": {
      "efp": 0.04329319979393268,
      "months": [
        10,
        11,
        12
      ]
    },
    "NDJ": {
      "efp": 0.05074995119159275,
      "months": [
        11,
        12,
        1
      ]
    }
  },
  "efp_nh_gt3": {
    "DJF": {
      "efp": 0.14783419741989584,
      "months": [
        12,
        1,
        2
      ]
    },
    "JFM": {
      "efp": 0.15071874325431428,
      "months": [
        1,
        2,
        3
      ]
    },
    "FMA": {
      "efp": 0.12023669756719255,
      "months": [
        2,
        3,
        4
      ]
    },
    "MAM": {
      "efp": 0.11259524750731931,
      "months": [
        3,
        4,
        5
      ]
    },
    "AMJ": {
      "efp": 0.12955483696264272,
      "months": [
        4,
        5,
        6
      ]
    },
    "MJJ": {
      "efp": 0.11457736688967797,
      "months": [
        5,
        6,
        7
      ]
    },
    "JJA": {
      "efp": 0.10441843091805862,
      "months": [
        6,
        7,
        8
      ]
    },
    "JAS": {
      "efp": 0.09938296598215744,
      "months": [
        7,
        8,
        9
      ]
    },
    "ASO": {
      "efp": 0.10594527488968877,
      "months": [
        8,
        9,
        10
      ]
    },
    "SON": {
      "efp": 0.13122074373947587,
      "months": [
        9,
        10,
        11
      ]
    },
    "OND": {
      "efp": 0.12625416875622292,
      "months": [
        10,
        11,
        12
      ]
    },
    "NDJ": {
      "efp": 0.0930135358300946,
      "months": [
        11,
        12,
        1
      ]
    }
  },
  "efp_sh": {
    "DJF": {
      "efp": 0.2398329309068543,
      "months": [
        12,
        1,
        2
      ]
    },
    "JFM": {
      "efp": 0.16127330091398123,
      "months": [
        1,
        2,
        3
      ]
    },
    "FMA": {
      "efp": 0.1736238019752076,
      "months": [
        2,
        3,
        4
      ]
    },
    "MAM": {
      "efp": 0.2269014775179193,
      "months": [
        3,
        4,
        5
      ]
    },
    "AMJ": {
      "efp": 0.2808850998283219,
      "months": [
        4,
        5,
        6
      ]
    },
    "MJJ": {
      "efp": 0.2486300590160658,
      "months": [
        5,
        6,
        7
      ]
    },
    "JJA": {
      "efp": 0.28471104369123423,
      "months": [
        6,
        7,
        8
      ]
    },
    "JAS": {
      "efp": 0.23786264428904008,
      "months": [
        7,
        8,
        9
      ]
    },
    "ASO": {
      "efp": 0.29981763012940144,
      "months": [
        8,
        9,
        10
      ]
    },
    "SON": {
      "efp": 0.2353123523204634,
      "months": [
        9,
        10,
        11
      ]
    },
    "OND": {
      "efp": 0.2745715057069831,
      "months": [
        10,
        11,
        12
      ]
    },
    "NDJ": {
      "efp": 0.29537373451394566,
      "months": [
        11,
        12,
        1
      ]
    }
  },
  "efp_sh_123": {
    "DJF": {
      "efp": 0.045707591118095366,
      "months": [
        12,
        1,
        2
      ]
    },
    "JFM": {
      "efp": 0.03352685911809588,
      "months": [
        1,
        2,
        3
      ]
    },
    "FMA": {
      "efp": 0.02599698513554909,
      "months": [
        2,
        3,
        4
      ]
    },
    "MAM": {
      "efp": 0.024288676465793295,
      "months": [
        3,
        4,
        5
      ]
    },
    "AMJ": {
      "efp": 0.047309042092306956,
      "months": [
        4,
        5,
        6
      ]
    },
    "MJJ": {
      "efp": 0.05515699324029682,
      "months": [
        5,
        6,
        7
      ]
    },
    "JJA": {
      "efp": 0.0370602752164492,
      "months": [
        6,
        7,
        8
      ]
    },
    "JAS": {
      "efp": 0.0559918957745303,
      "months": [
        7,
        8,
        9
      ]
    },
    "ASO": {
      "efp": 0.0331543641437644,
      "months": [
        8,
        9,
        10
      ]
    },
    "SON": {
      "efp": 0.03738157452698156,
      "months": [
        9,
        10,
        11
      ]
    },
    "OND": {
      "efp": 0.05216521268877537,
      "months": [
        10,
        11,
        12
      ]
    },
    "NDJ": {
      "efp": 0.06823801541510942,
      "months": [
        11,
        12,
        1
      ]
    }
  },
  "efp_sh_gt3": {
    "DJF": {
      "efp": 0.1787186062526266,
      "months": [
        12,
        1,
        2
      ]
    },
    "JFM": {
      "efp": 0.1391160014162784,
      "months": [
        1,
        2,
        3
      ]
    },
    "FMA": {
      "efp": 0.15796354097493506,
      "months": [
        2,
        3,
        4
      ]
    },
    "MAM": {
      "efp": 0.17602261531917224,
      "months": [
        3,
        4,
        5
      ]
    },
    "AMJ": {
      "efp": 0.2496970534940569,
      "months": [
        4,
        5,
        6
      ]
    },
    "MJJ": {
      "efp": 0.24418814369415157,
      "months": [
        5,
        6,
        7
      ]
    },
    "JJA": {
      "efp": 0.22438564574274414,
      "months": [
        6,
        7,
        8
      ]
    },
    "JAS": {
      "efp": 0.23433014836341853,
      "months": [
        7,
        8,
        9
      ]
    },
    "ASO": {
      "efp": 0.24744060016052108,
      "months": [
        8,
        9,
        10
      ]
    },
    "SON": {
      "efp": 0.2293592876554477,
      "months": [
        9,
        10,
        11
      ]
    },