{
  "efp_nh": {
    "DJF": {
      "efp": 0.2726588927589785,
      "months": [
        12,
        1,
        2
      ]
    },
    "JFM": {
      "efp": 0.32449922286848226,
      "months": [
        1,
        2,
        3
      ]
    },
    "FMA": {
      "efp": 0.31320729753108545,
      "months": [
        2,
        3,
        4
      ]
    },
    "MAM": {
      "efp": 0.31610642544887835,
      "months": [
        3,
        4,
        5
      ]
    },
    "AMJ": {
      "efp": 0.26235333731390365,
      "months": [
        4,
        5,
        6
      ]
    },
    "MJJ": {
      "efp": 0.20702591532932504,
      "months": [
        5,
        6,
        7
      ]
    },
    "JJA": {
      "efp": 0.12769672782406374,
      "months": [
        6,
        7,
        8
      ]
    },
    "JAS": {
      "efp": 0.10070761687769951,
      "months": [
        7,
        8,
        9
      ]
    },
    "ASO": {
      "efp": 0.15943822344702005,
      "months": [
        8,
        9,
        10
      ]
    },
    "SON": {
      "efp": 0.1783341856313296,
      "months": [
        9,
        10,
        11
      ]
    },
    "OND": {
      "efp": 0.18350742505769174,
      "months": [
        10,
        11,
        12
      ]
    },
    "NDJ": {
      "efp": 0.24245579221457367,
      "months": [
        11,
        12,
        1
      ]
    }
  },
  "efp_nh_123": {
    "DJF": {
      "efp": 0.143195515683983,
      "months": [
        12,
        1,
        2
      ]
    },
    "JFM": {
      "efp": 0.18148735135594934,
      "months": [
        1,
        2,
        3
      ]
    },
    "FMA": {
      "efp": 0.13147733111080626,
      "months": [
        2,
        3,
        4
      ]
    },
    "MAM": {
      "efp": 0.10635331964026612,
      "months": [
        3,
        4,
        5
      ]
    },
    "AMJ": {
      "efp": 0.07462714142301424,
      "months": [
        4,
        5,
        6
      ]
    },
    "MJJ": {
      "efp": 0.06547098062785003,
      "months": [
        5,
        6,
        7
      ]
    },
    "JJA": {
      "efp": 0.04190240230941696,
      "months": [
        6,
        7,
        8
      ]
    },
    "JAS": {
      "efp": 0.046272250443456,
      "months": [
        7,
        8,
        9
      ]
    },
    "ASO": {
      "efp": 0.05785766281172654,
      "months": [
        8,
        9,
        10
      ]
    },
    "SON": {
      "efp": 0.04990494949584323,
      "months": [
        9,
        10,
        11
      ]
    },
    "OND": {
      "efp": 0.06116290325061232,
      "months": [
        10,
        11,
        12
      ]
    },
    "NDJ": {
      "efp": 0.08277504504812115,
      "months": [
        11,
        12,
        1
      ]
    }
  },
  "efp_nh_gt3": {
    "DJF": {
      "efp": 0.14439272661864366,
      "months": [
        12,
        1,
        2
      ]
    },
    "JFM": {
      "efp": 0.16107302164628004,
      "months": [
        1,
        2,
        3
      ]
    },
    "FMA": {
      "efp": 0.2075710015145763,
      "months": [
        2,
        3,
        4
      ]
    },
    "MAM": {
      "efp": 0.22972073546002825,
      "months": [
        3,
        4,
        5
      ]
    },
    "AMJ": {
      "efp": 0.18281136439043705,
      "months": [
        4,
        5,
        6
      ]
    },
    "MJJ": {
      "efp": 0.12755389770174283,
      "months": [
        5,
        6,
        7
      ]
    },
    "JJA": {
      "efp": 0.1210349279828942,
      "months": [
        6,
        7,
        8
      ]
    },
    "JAS": {
      "efp": 0.07844628133995525,
      "months": [
        7,
        8,
        9
      ]
    },
    "ASO": {
      "efp": 0.10732682514534582,
      "months": [
        8,
        9,
        10
      ]
    },
    "SON": {
      "efp": 0.08818792376264784,
      "months": [
        9,
        10,
        11
      ]
    },
    "OND": {
      "efp": 0.1271538629869199,
      "months": [
        10,
        11,
        12
      ]
    },
    "NDJ": {
      "efp": 0.1660635150074282,
      "months": [
        11,
        12,
        1
      ]
    }
  },
  "efp_sh": {
    "DJF": {
      "efp": 0.29601294925647986,
      "months": [
        12,
        1,
        2
      ]
    },
    "JFM": {
      "efp": 0.23251373649014742,
      "months": [
        1,
        2,
        3
      ]
    },
    "FMA": {
      "efp": 0.21400073102570327,
      "months": [
        2,
        3,
        4
      ]
    },
    "MAM": {
      "efp": 0.2203960575321354,
      "months": [
        3,
        4,
        5
      ]
    },
    "AMJ": {
      "efp": 0.22213222595925705,
      "months": [
        4,
        5,
        6
      ]
    },
    "MJJ": {
      "efp": 0.32745966684306665,
      "months": [
        5,
        6,
        7
      ]
    },
    "JJA": {
      "efp": 0.392799573009739,
      "months": [
        6,
        7,
        8
      ]
    },
    "JAS": {
      "efp": 0.417257528935546,
      "months": [
        7,
        8,
        9
      ]
    },
    "ASO": {
      "efp": 0.3879794272488601,
      "months": [
        8,
        9,
        10
      ]
    },
    "SON": {
      "efp": 0.3361230538763505,
      "months": [
        9,
        10,
        11
      ]
    },
    "OND": {
      "efp": 0.3371772574176177,
      "months": [
        10,
        11,
        12
      ]
    },
    "NDJ": {
      "efp": 0.27722723299005875,
      "months": [
        11,
        12,
        1
      ]
    }
  },
  "efp_sh_123": {
    "DJF": {
      "efp": 0.059513500758162884,
      "months": [
        12,
        1,
        2
      ]
    },
    "JFM": {
      "efp": 0.05426859100012992,
      "months": [
        1,
        2,
        3
      ]
    },
    "FMA": {
      "efp": 0.03747606373954673,
      "months": [
        2,
        3,
        4
      ]
    },
    "MAM": {
      "efp": 0.02034571187886759,
      "months": [
        3,
        4,
        5
      ]
    },
    "AMJ": {
      "efp": 0.008380014606896259,
      "months": [
        4,
        5,
        6
      ]
    },
    "MJJ": {
      "efp": 0.02123894012483823,
      "months": [
        5,
        6,
        7
      ]
    },
    "JJA": {
      "efp": 0.03167060393306628,
      "months": [
        6,
        7,
        8
      ]
    },
    "JAS": {
      "efp": 0.038020021497564754,
      "months": [
        7,
        8,
        9
      ]
    },
    "ASO": {
      "efp": 0.03195441286725751,
      "months": [
        8,
        9,
        10
      ]
    },
    "SON": {
      "efp": 0.024503017649473265,
      "months": [
        9,
        10,
        11
      ]
    },
    "OND": {
      "efp": 0.055480501177726356,
      "months": [
        10,
        11,
        12
      ]
    },
    "NDJ": {
      "efp": 0.06702017205924166,
      "months": [
        11,
        12,
        1
      ]
    }
  },
  "efp_sh_gt3": {
    "DJF": {
      "efp": 0.24811702632811428,
      "months": [
        12,
        1,
        2
      ]
    },
    "JFM": {
      "efp": 0.20568239611420813,
      "months": [
        1,
        2,
        3
      ]
    },
    "FMA": {
      "efp": 0.16042304559421247,
      "months": [
        2,
        3,
        4
      ]
    },
    "MAM": {
      "efp": 0.19376552549826645,
      "months": [
        3,
        4,
        5
      ]
    },
    "AMJ": {
      "efp": 0.17921284189563108,
      "months": [
        4,
        5,
        6
      ]
    },
    "MJJ": {
      "efp": 0.25766473853590344,
      "months": [
        5,
        6,
        7
      ]
    },
    "JJA": {
      "efp": 0.3244479141579145,
      "months": [
        6,
        7,
        8
      ]
    },
    "JAS": {
      "efp": 0.34246504387504506,
      "months": [
        7,
        8,
        9
      ]
    },
    "ASO": {
      "efp": 0.2941239722889328,
      "months": [
        8,
        9,
        10
      ]
    },
    "SON": {
      "efp": 0.2743375551865155,
      "months": [
        9,
        10,
        11
      ]
    },