{
  "efp_nh": {
    "DJF": {
      "efp": 0.3532355352839067,
      "months": [
        12,
        1,
        2
      ]
    },
    "JFM": {
      "efp": 0.32791202096251665,
      "months": [
        1,
        2,
        3
      ]
    },
    "FMA": {
      "efp": 0.29684148653069997,
      "months": [
        2,
        3,
        4
      ]
    },
    "MAM": {
      "efp": 0.23494434786999838,
      "months": [
        3,
        4,
        5
      ]
    },
    "AMJ": {
      "efp": 0.19073333710435747,
      "months": [
        4,
        5,
        6
      ]
    },
    "MJJ": {
      "efp": 0.1743969096630124,
      "months": [
        5,
        6,
        7
      ]
    },
    "JJA": {
      "efp": 0.159359720390877,
      "months": [
        6,
        7,
        8
      ]
    },
    "JAS": {
      "efp": 0.17373857409361715,
      "months": [
        7,
        8,
        9
      ]
    },
    "ASO": {
      "efp": 0.1859542907600188,
      "months": [
        8,
        9,
        10
      ]
    },
    "SON": {
      "efp": 0.22943169062922528,
      "months": [
        9,
        10,
        11
      ]
    },
    "OND": {
      "efp": 0.24908073748028053,
      "months": [
        10,
        11,
        12
      ]
    },
    "NDJ": {
      "efp": 0.23376687096490806,
      "months": [
        11,
        12,
        1
      ]
    }
  },
  "efp_nh_123": {
    "DJF": {
      "efp": 0.09027472938170072,
      "months": [
        12,
        1,
        2
      ]
    },
    "JFM": {
      "efp": 0.08035146820951482,
      "months": [
        1,
        2,
        3
      ]
    },
    "FMA": {
      "efp": 0.059919461952026846,
      "months": [
        2,
        3,
        4
      ]
    },
    "MAM": {
      "efp": 0.05541177367795978,
      "months": [
        3,
        4,
        5
      ]
    },
    "AMJ": {
      "efp": 0.05926883707154684,
      "months": [
        4,
        5,
        6
      ]
    },
    "MJJ": {
      "efp": 0.047471007523699496,
      "months": [
        5,
        6,
        7
      ]
    },
    "JJA": {
      "efp": 0.04097454869554274,
      "months": [
        6,
        7,
        8
      ]
    },
    "JAS": {
      "efp": 0.039009532508881097,
      "months": [
        7,
        8,
        9
      ]
    },
    "ASO": {
      "efp": 0.04118970533887482,
      "months": [
        8,
        9,
        10
      ]
    },
    "SON": {
      "efp": 0.047255847388276366,
      "months": [
        9,
        10,
        11
      ]
    },
    "OND": {
      "efp": 0.07556382874264046,
      "months": [
        10,
        11,
        12
      ]
    },
    "NDJ": {
      "efp": 0.08361426162176037,
      "months": [
        11,
        12,
        1
      ]
    }
  },
  "efp_nh_gt3": {
    "DJF": {
      "efp": 0.2527102538621691,
      "months": [
        12,
        1,
        2
      ]
    },
    "JFM": {
      "efp": 0.2721027448208564,
      "months": [
        1,
        2,
        3
      ]
    },
    "FMA": {
      "efp": 0.27501797454268023,
      "months": [
        2,
        3,
        4
      ]
    },
    "MAM": {
      "efp": 0.2052865837884704,
      "months": [
        3,
        4,
        5
      ]
    },
    "AMJ": {
      "efp": 0.13972590328509377,
      "months": [
        4,
        5,
        6
      ]
    },
    "MJJ": {
      "efp": 0.13835828719195778,
      "months": [
        5,
        6,
        7
      ]
    },
    "JJA": {
      "efp": 0.1527668395943783,
      "months": [
        6,
        7,
        8
      ]
    },
    "JAS": {
      "efp": 0.13316890888580624,
      "months": [
        7,
        8,
        9
      ]
    },
    "ASO": {
      "efp": 0.1471554076537795,
      "months": [
        8,
        9,
        10
      ]
    },
    "SON": {
      "efp": 0.17055592735000552,
      "months": [
        9,
        10,
        11
      ]
    },
    "OND": {
      "efp": 0.14545459704942185,
      "months": [
        10,
        11,
        12
      ]
    },
    "NDJ": {
      "efp": 0.13921813044541811,
      "months": [
        11,
        12,
        1
      ]
    }
  },
  "efp_sh": {
    "DJF": {
      "efp": 0.19660684286505087,
      "months": [
        12,
        1,
        2
      ]
    },
    "JFM": {
      "efp": 0.1822049742748447,
      "months": [
        1,
        2,
        3
      ]
    },
    "FMA": {
      "efp": 0.20699685920742816,
      "months": [
        2,
        3,
        4
      ]
    },
    "MAM": {
      "efp": 0.22261263349531815,
      "months": [
        3,
        4,
        5
      ]
    },
    "AMJ": {
      "efp": 0.2654658312406309,
      "months": [
        4,
        5,
        6
      ]
    },
    "MJJ": {
      "efp": 0.2499309671648319,
      "months": [
        5,
        6,
        7
      ]
    },
    "JJA": {
      "efp": 0.30471289256166467,
      "months": [
        6,
        7,
        8
      ]
    },
    "JAS": {
      "efp": 0.38078144503601263,
      "months": [
        7,
        8,
        9
      ]
    },
    "ASO": {
      "efp": 0.34637816219183104,
      "months": [
        8,
        9,
        10
      ]
    },
    "SON": {
      "efp": 0.2651291288778253,
      "months": [
        9,
        10,
        11
      ]
    },
    "OND": {
      "efp": 0.32846064148753357,
      "months": [
        10,
        11,
        12
      ]
    },
    "NDJ": {
      "efp": 0.2585737776288158,
      "months": [
        11,
        12,
        1
      ]
    }
  },
  "efp_sh_123": {
    "DJF": {
      "efp": 0.062237094247059456,
      "months": [
        12,
        1,
        2
      ]
    },
    "JFM": {
      "efp": 0.08539100681645179,
      "months": [
        1,
        2,
        3
      ]
    },
    "FMA": {
      "efp": 0.043500786206398454,
      "months": [
        2,
        3,
        4
      ]
    },
    "MAM": {
      "efp": 0.03164228915317748,
      "months": [
        3,
        4,
        5
      ]
    },
    "AMJ": {
      "efp": 0.0285653724408198,
      "months": [
        4,
        5,
        6
      ]
    },
    "MJJ": {
      "efp": 0.03780296541186871,
      "months": [
        5,
        6,
        7
      ]
    },
    "JJA": {
      "efp": 0.03760300869267279,
      "months": [
        6,
        7,
        8
      ]
    },
    "JAS": {
      "efp": 0.05074832193532924,
      "months": [
        7,
        8,
        9
      ]
    },
    "ASO": {
      "efp": 0.041566979164477304,
      "months": [
        8,
        9,
        10
      ]
    },
    "SON": {
      "efp": 0.04079252845516591,
      "months": [
        9,
        10,
        11
      ]
    },
    "OND": {
      "efp": 0.024264601051586565,
      "months": [
        10,
        11,
        12
      ]
    },
    "NDJ": {
      "efp": 0.049797295400345595,
      "months": [
        11,
        12,
        1
      ]
    }
  },
  "efp_sh_gt3": {
    "DJF": {
      "efp": 0.19411977361722854,
      "months": [
        12,
        1,
        2
      ]
    },
    "JFM": {
      "efp": 0.20447114593152263,
      "months": [
        1,
        2,
        3
      ]
    },
    "FMA": {
      "efp": 0.20319430643369263,
      "months": [
        2,
        3,
        4
      ]
    },
    "MAM": {
      "efp": 0.17024935970231292,
      "months": [
        3,
        4,
        5
      ]
    },
    "AMJ": {
      "efp": 0.18844732124796193,
      "months": [
        4,
        5,
        6
      ]
    },
    "MJJ": {
      "efp": 0.20708762602560396,
      "months": [
        5,
        6,
        7
      ]
    },
    "JJA": {
      "efp": 0.24866158898399904,
      "months": [
        6,
        7,
        8
      ]
    },
    "JAS": {
      "efp": 0.3258781110459617,
      "months": [
        7,
        8,
        9
      ]
    },
    "ASO": {
      "efp": 0.2878695501614973,
      "months": [
        8,
        9,
        10
      ]
    },
    "SON": {
      "efp": 0.2628772687150205,
      "months": [
        9,
        10,
        11
      ]
    },