{
  "efp_nh": {
    "DJF": {
      "efp": 0.30242143738512495,
      "months": [
        12,
        1,
        2
      ]
    },
    "JFM": {
      "efp": 0.3947327951119094,
      "months": [
        1,
        2,
        3
      ]
    },
    "FMA": {
      "efp": 0.33829704782955705,
      "months": [
        2,
        3,
        4
      ]
    },
    "MAM": {
      "efp": 0.2779820052358191,
      "months": [
        3,
        4,
        5
      ]
    },
    "AMJ": {
      "efp": 0.2651629843092045,
      "months": [
        4,
        5,
        6
      ]
    },
    "MJJ": {
      "efp": 0.2415813884176782,
      "months": [
        5,
        6,
        7
      ]
    },
    "JJA": {
      "efp": 0.14844041133595462,
      "months": [
        6,
        7,
        8
      ]
    },
    "JAS": {
      "efp": 0.16827456958446083,
      "months": [
        7,
        8,
        9
      ]
    },
    "ASO": {
      "efp": 0.13954797545891612,
      "months": [
        8,
        9,
        10
      ]
    },
    "SON": {
      "efp": 0.1485267325671723,
      "months": [
        9,
        10,
        11
      ]
    },
    "OND": {
      "efp": 0.18636045056852044,
      "months": [
        10,
        11,
        12
      ]
    },
    "NDJ": {
      "efp": 0.2840752768714169,
      "months": [
        11,
        12,
        1
      ]
    }
  },
  "efp_nh_123": {
    "DJF": {
      "efp": 0.1184807488739184,
      "months": [
        12,
        1,
        2
      ]
    },
    "JFM": {
      "efp": 0.10966662453691112,
      "months": [
        1,
        2,
        3
      ]
    },
    "FMA": {
      "efp": 0.10760658752534377,
      "months": [
        2,
        3,
        4
      ]
    },
    "MAM": {
      "efp": 0.10113514200184297,
      "months": [
        3,
        4,
        5
      ]
    },
    "AMJ": {
      "efp": 0.07446981316959855,
      "months": [
        4,
        5,
        6
      ]
    },
    "MJJ": {
      "efp": 0.07457723495801526,
      "months": [
        5,
        6,
        7
      ]
    },
    "JJA": {
      "efp": 0.08854412078758997,
      "months": [
        6,
        7,
        8
      ]
    },
    "JAS": {
      "efp": 0.04914704810293363,
      "months": [
        7,
        8,
        9
      ]
    },
    "ASO": {
      "efp": 0.0391389482568511,
      "months": [
        8,
        9,
        10
      ]
    },
    "SON": {
      "efp": 0.04752744938461144,
      "months": [
        9,
        10,
        11
      ]
    },
    "OND": {
      "efp": 0.05830294303483848,
      "months": [
        10,
        11,
        12
      ]
    },
    "NDJ": {
      "efp": 0.07513885940855283,
      "months": [
        11,
        12,
        1
      ]
    }
  },
  "efp_nh_gt3": {
    "DJF": {
      "efp": 0.15690029461397553,
      "months": [
        12,
        1,
        2
      ]
    },
    "JFM": {
      "efp": 0.25319556162294526,
      "months": [
        1,
        2,
        3
      ]
    },
    "FMA": {
      "efp": 0.24466600733792399,
      "months": [
        2,
        3,
        4
      ]
    },
    "MAM": {
      "efp": 0.18440232066362236,
      "months": [
        3,
        4,
        5
      ]
    },
    "AMJ": {
      "efp": 0.12773738102901044,
      "months": [
        4,
        5,
        6
      ]
    },
    "MJJ": {
      "efp": 0.17460222404979547,
      "months": [
        5,
        6,
        7
      ]
    },
    "JJA": {
      "efp": 0.1001942784335525,
      "months": [
        6,
        7,
        8
      ]
    },
    "JAS": {
      "efp": 0.15350745497892235,
      "months": [
        7,
        8,
        9
      ]
    },
    "ASO": {
      "efp": 0.1126692904009829,
      "months": [
        8,
        9,
        10
      ]
    },
    "SON": {
      "efp": 0.1371689563876374,
      "months": [
        9,
        10,
        11
      ]
    },
    "OND": {
      "efp": 0.14973458087596384,
      "months": [
        10,
        11,
        12
      ]
    },
    "NDJ": {
      "efp": 0.1892730998110639,
      "months": [
        11,
        12,
        1
      ]
    }
  },
  "efp_sh": {
    "DJF": {
      "efp": 0.3169005426725066,
      "months": [
        12,
        1,
        2
      ]
    },
    "JFM": {
      "efp": 0.24443540759167295,
      "months": [
        1,
        2,
        3
      ]
    },
    "FMA": {
      "efp": 0.24898576787932028,
      "months": [
        2,
        3,
        4
      ]
    },
    "MAM": {
      "efp": 0.2747942198759439,
      "months": [
        3,
        4,
        5
      ]
    },
    "AMJ": {
      "efp": 0.2802744551615754,
      "months": [
        4,
        5,
        6
      ]
    },
    "MJJ": {
      "efp": 0.33355647817268513,
      "months": [
        5,
        6,
        7
      ]
    },
    "JJA": {
      "efp": 0.3539920787990898,
      "months": [
        6,
        7,
        8
      ]
    },
    "JAS": {
      "efp": 0.29203550816512813,
      "months": [
        7,
        8,
        9
      ]
    },
    "ASO": {
      "efp": 0.31417779672471324,
      "months": [
        8,
        9,
        10
      ]
    },
    "SON": {
      "efp": 0.3523190675044832,
      "months": [
        9,
        10,
        11
      ]
    },
    "OND": {
      "efp": 0.3360700512605563,
      "months": [
        10,
        11,
        12
      ]
    },
    "NDJ": {
      "efp": 0.24962298056856377,
      "months": [
        11,
        12,
        1
      ]
    }
  },
  "efp_sh_123": {
    "DJF": {
      "efp": 0.04215744271001392,
      "months": [
        12,
        1,
        2
      ]
    },
    "JFM": {
      "efp": 0.053469838696682,
      "months": [
        1,
        2,
        3
      ]
    },
    "FMA": {
      "efp": 0.05293710909565533,
      "months": [
        2,
        3,
        4
      ]
    },
    "MAM": {
      "efp": 0.04546890713577893,
      "months": [
        3,
        4,
        5
      ]
    },
    "AMJ": {
      "efp": 0.054489518328545476,
      "months": [
        4,
        5,
        6
      ]
    },
    "MJJ": {
      "efp": 0.09872183159925804,
      "months": [
        5,
        6,
        7
      ]
    },
    "JJA": {
      "efp": 0.09330841462161862,
      "months": [
        6,
        7,
        8
      ]
    },
    "JAS": {
      "efp": 0.06650851718191456,
      "months": [
        7,
        8,
        9
      ]
    },
    "ASO": {
      "efp": 0.05478869776643241,
      "months": [
        8,
        9,
        10
      ]
    },
    "SON": {
      "efp": 0.0634581070312665,
      "months": [
        9,
        10,
        11
      ]
    },
    "OND": {
      "efp": 0.07684325859806429,
      "months": [
        10,
        11,
        12
      ]
    },
    "NDJ": {
      "efp": 0.03343211147727787,
      "months": [
        11,
        12,
        1
      ]
    }
  },
  "efp_sh_gt3": {
    "DJF": {
      "efp": 0.256724517169824,
      "months": [
        12,
        1,
        2
      ]
    },
    "JFM": {
      "efp": 0.17821256257662865,
      "months": [
        1,
        2,
        3
      ]
    },
    "FMA": {
      "efp": 0.2153422726525709,
      "months": [
        2,
        3,
        4
      ]
    },
    "MAM": {
      "efp": 0.293282403411169,
      "months": [
        3,
        4,
        5
      ]
    },
    "AMJ": {
      "efp": 0.28202344361847714,
      "months": [
        4,
        5,
        6
      ]
    },
    "MJJ": {
      "efp": 0.3444395367632848,
      "months": [
        5,
        6,
        7
      ]
    },
    "JJA": {
      "efp": 0.3450169606543526,
      "months": [
        6,
        7,
        8
      ]
    },
    "JAS": {
      "efp": 0.2837275525456937,
      "months": [
        7,
        8,
        9
      ]
    },
    "ASO": {
      "efp": 0.24127139270460998,
      "months": [
        8,
        9,
        10
      ]
    },
    "SON": {
      "efp": 0.28065150499905667,
      "months": [
        9,
        10,
        11
      ]
    },