{
  "efp_nh": {
    "DJF": {
      "efp": 0.36578017473220825,
      "months": [
        12,
        1,
        2
      ]
    },
    "JFM": {
      "efp": 0.3388620615005493,
      "months": [
        1,
        2,
        3
      ]
    },
    "FMA": {
      "efp": 0.38058391213417053,
      "months": [
        2,
        3,
        4
      ]
    },
    "MAM": {
      "efp": 0.39302754402160645,
      "months": [
        3,
        4,
        5
      ]
    },
    "AMJ": {
      "efp": 0.33200839161872864,
      "months": [
        4,
        5,
        6
      ]
    },
    "MJJ": {
      "efp": 0.24438276886940002,
      "months": [
        5,
        6,
        7
      ]
    },
    "JJA": {
      "efp": 0.19207867980003357,
      "months": [
        6,
        7,
        8
      ]
    },
    "JAS": {
      "efp": 0.12209447473287582,
      "months": [
        7,
        8,
        9
      ]
    },
    "ASO": {
      "efp": 0.13861136138439178,
      "months": [
        8,
        9,
        10
      ]
    },
    "SON": {
      "efp": 0.15697121620178223,
      "months": [
        9,
        10,
        11
      ]
    },
    "OND": {
      "efp": 0.26645413041114807,
      "months": [
        10,
        11,
        12
      ]
    },
    "NDJ": {
      "efp": 0.3426685333251953,
      "months": [
        11,
        12,
        1
      ]
    }
  },
  "efp_nh_123": {
    "DJF": {
      "efp": NaN,
      "months": [
        12,
        1,
        2
      ]
    },
    "JFM": {
      "efp": NaN,
      "months": [
        1,
        2,
        3
      ]
    },
    "FMA": {
      "efp": NaN,
      "months": [
        2,
        3,
        4
      ]
    },
    "MAM": {
      "efp": NaN,
      "months": [
        3,
        4,
        5
      ]
    },
    "AMJ": {
      "efp": NaN,
      "months": [
        4,
        5,
        6
      ]
    },
    "MJJ": {
      "efp": NaN,
      "months": [
        5,
        6,
        7
      ]
    },
    "JJA": {
      "efp": NaN,
      "months": [
        6,
        7,
        8
      ]
    },
    "JAS": {
      "efp": NaN,
      "months": [
        7,
        8,
        9
      ]
    },
    "ASO": {
      "efp": NaN,
      "months": [
        8,
        9,
        10
      ]
    },
    "SON": {
      "efp": NaN,
      "months": [
        9,
        10,
        11
      ]
    },
    "OND": {
      "efp": NaN,
      "months": [
        10,
        11,
        12
      ]
    },
    "NDJ": {
      "efp": NaN,
      "months": [
        11,
        12,
        1
      ]
    }
  },
  "efp_nh_gt3": {
    "DJF": {
      "efp": 0.36578016391638896,
      "months": [
        12,
        1,
        2
      ]
    },
    "JFM": {
      "efp": 0.33886206916769246,
      "months": [
        1,
        2,
        3
      ]
    },
    "FMA": {
      "efp": 0.38058392455915224,
      "months": [
        2,
        3,
        4
      ]
    },
    "MAM": {
      "efp": 0.393027511010015,
      "months": [
        3,
        4,
        5
      ]
    },
    "AMJ": {
      "efp": 0.33200837114974124,
      "months": [
        4,
        5,
        6
      ]
    },
    "MJJ": {
      "efp": 0.2443827613017918,
      "months": [
        5,
        6,
        7
      ]
    },
    "JJA": {
      "efp": 0.19207868265382044,
      "months": [
        6,
        7,
        8
      ]
    },
    "JAS": {
      "efp": 0.12209446855144496,
      "months": [
        7,
        8,
        9
      ]
    },
    "ASO": {
      "efp": 0.13861136266384902,
      "months": [
        8,
        9,
        10
      ]
    },
    "SON": {
      "efp": 0.1569712191566786,
      "months": [
        9,
        10,
        11
      ]
    },
    "OND": {
      "efp": 0.2664541236930314,
      "months": [
        10,
        11,
        12
      ]
    },
    "NDJ": {
      "efp": 0.3426685207104989,
      "months": [
        11,
        12,
        1
      ]
    }
  },
  "efp_sh": {
    "DJF": {
      "efp": 0.3566073477268219,
      "months": [
        12,
        1,
        2
      ]
    },
    "JFM": {
      "efp": 0.2961171865463257,
      "months": [
        1,
        2,
        3
      ]
    },
    "FMA": {
      "efp": 0.2729399800300598,
      "months": [
        2,
        3,
        4
      ]
    },
    "MAM": {
      "efp": 0.31415119767189026,
      "months": [
        3,
        4,
        5
      ]
    },
    "AMJ": {
      "efp": 0.3288670778274536,
      "months": [
        4,
        5,
        6
      ]
    },
    "MJJ": {
      "efp": 0.38888391852378845,
      "months": [
        5,
        6,
        7
      ]
    },
    "JJA": {
      "efp": 0.44028398394584656,
      "months": [
        6,
        7,
        8
      ]
    },
    "JAS": {
      "efp": 0.46511268615722656,
      "months": [
        7,
        8,
        9
      ]
    },
    "ASO": {
      "efp": 0.46841442584991455,
      "months": [
        8,
        9,
        10
      ]
    },
    "SON": {
      "efp": 0.49637913703918457,
      "months": [
        9,
        10,
        11
      ]
    },
    "OND": {
      "efp": 0.4833240807056427,
      "months": [
        10,
        11,
        12
      ]
    },
    "NDJ": {
      "efp": 0.32204774022102356,
      "months": [
        11,
        12,
        1
      ]
    }
  },
  "efp_sh_123": {
    "DJF": {
      "efp": NaN,
      "months": [
        12,
        1,
        2
      ]
    },
    "JFM": {
      "efp": NaN,
      "months": [
        1,
        2,
        3
      ]
    },
    "FMA": {
      "efp": NaN,
      "months": [
        2,
        3,
        4
      ]
    },
    "MAM": {
      "efp": NaN,
      "months": [
        3,
        4,
        5
      ]
    },
    "AMJ": {
      "efp": NaN,
      "months": [
        4,
        5,
        6
      ]
    },
    "MJJ": {
      "efp": NaN,
      "months": [
        5,
        6,
        7
      ]
    },
    "JJA": {
      "efp": NaN,
      "months": [
        6,
        7,
        8
      ]
    },
    "JAS": {
      "efp": NaN,
      "months": [
        7,
        8,
        9
      ]
    },
    "ASO": {
      "efp": NaN,
      "months": [
        8,
        9,
        10
      ]
    },
    "SON": {
      "efp": NaN,
      "months": [
        9,
        10,
        11
      ]
    },
    "OND": {
      "efp": NaN,
      "months": [
        10,
        11,
        12
      ]
    },
    "NDJ": {
      "efp": NaN,
      "months": [
        11,
        12,
        1
      ]
    }
  },
  "efp_sh_gt3": {
    "DJF": {
      "efp": 0.35660735674118604,
      "months": [
        12,
        1,
        2
      ]
    },
    "JFM": {
      "efp": 0.29611716520961734,
      "months": [
        1,
        2,
        3
      ]
    },
    "FMA": {
      "efp": 0.2729399902376615,
      "months": [
        2,
        3,
        4
      ]
    },
    "MAM": {
      "efp": 0.31415119525807805,
      "months": [
        3,
        4,
        5
      ]
    },
    "AMJ": {
      "efp": 0.32886707142888666,
      "months": [
        4,
        5,
        6
      ]
    },
    "MJJ": {
      "efp": 0.38888390864261807,
      "months": [
        5,
        6,
        7
      ]
    },
    "JJA": {
      "efp": 0.4402839734818859,
      "months": [
        6,
        7,
        8
      ]
    },
    "JAS": {
      "efp": 0.46511259791494847,
      "months": [
        7,
        8,
        9
      ]
    },
    "ASO": {
      "efp": 0.4684144318318417,
      "months": [
        8,
        9,
        10
      ]
    },
    "SON": {
      "efp": 0.49637914799531035,
      "months": [
        9,
        10,
        11
      ]
    },
    "OND": {
      "efp": 0.4833240872959793,
      "months": [
        10,
        11,
        12
      ]
    },
    "NDJ": {
      "efp": 0.3220477497246936,
      "months": [
        11,
        12,
        1
      ]
    }
  }
}