{
  "efp_nh": {
    "DJF": {
      "efp": 0.3031223952867933,
      "months": [
        12,
        1,
        2
      ]
    },
    "JFM": {
      "efp": 0.3577396560945202,
      "months": [
        1,
        2,
        3
      ]
    },
    "FMA": {
      "efp": 0.348342253574653,
      "months": [
        2,
        3,
        4
      ]
    },
    "MAM": {
      "efp": 0.17496533702153463,
      "months": [
        3,
        4,
        5
      ]
    },
    "AMJ": {
      "efp": 0.2221472256568527,
      "months": [
        4,
        5,
        6
      ]
    },
    "MJJ": {
      "efp": 0.23230240051258086,
      "months": [
        5,
        6,
        7
      ]
    },
    "JJA": {
      "efp": 0.20624996852307526,
      "months": [
        6,
        7,
        8
      ]
    },
    "JAS": {
      "efp": 0.13335150027595583,
      "months": [
        7,
        8,
        9
      ]
    },
    "ASO": {
      "efp": 0.09074275690689393,
      "months": [
        8,
        9,
        10
      ]
    },
    "SON": {
      "efp": 0.1092750578046991,
      "months": [
        9,
        10,
        11
      ]
    },
    "OND": {
      "efp": 0.19412752848172876,
      "months": [
        10,
        11,
        12
      ]
    },
    "NDJ": {
      "efp": 0.2683915043515541,
      "months": [
        11,
        12,
        1
      ]
    }
  },
  "efp_nh_123": {
    "DJF": {
      "efp": 0.1103165326813601,
      "months": [
        12,
        1,
        2
      ]
    },
    "JFM": {
      "efp": 0.13282653852399218,
      "months": [
        1,
        2,
        3
      ]
    },
    "FMA": {
      "efp": 0.11439820963798636,
      "months": [
        2,
        3,
        4
      ]
    },
    "MAM": {
      "efp": 0.0537556365047637,
      "months": [
        3,
        4,
        5
      ]
    },
    "AMJ": {
      "efp": 0.07691980289871586,
      "months": [
        4,
        5,
        6
      ]
    },
    "MJJ": {
      "efp": 0.04189177670251834,
      "months": [
        5,
        6,
        7
      ]
    },
    "JJA": {
      "efp": 0.04873150955902757,
      "months": [
        6,
        7,
        8
      ]
    },
    "JAS": {
      "efp": 0.04985173280532604,
      "months": [
        7,
        8,
        9
      ]
    },
    "ASO": {
      "efp": 0.02662770560527599,
      "months": [
        8,
        9,
        10
      ]
    },
    "SON": {
      "efp": 0.02286133279026811,
      "months": [
        9,
        10,
        11
      ]
    },
    "OND": {
      "efp": 0.06270794555910521,
      "months": [
        10,
        11,
        12
      ]
    },
    "NDJ": {
      "efp": 0.07279413091398425,
      "months": [
        11,
        12,
        1
      ]
    }
  },
  "efp_nh_gt3": {
    "DJF": {
      "efp": 0.15652803921150155,
      "months": [
        12,
        1,
        2
      ]
    },
    "JFM": {
      "efp": 0.15870071378010975,
      "months": [
        1,
        2,
        3
      ]
    },
    "FMA": {
      "efp": 0.16368890717877055,
      "months": [
        2,
        3,
        4
      ]
    },
    "MAM": {
      "efp": 0.10358708983672471,
      "months": [
        3,
        4,
        5
      ]
    },
    "AMJ": {
      "efp": 0.13653371214886165,
      "months": [
        4,
        5,
        6
      ]
    },
    "MJJ": {
      "efp": 0.1570002904142237,
      "months": [
        5,
        6,
        7
      ]
    },
    "JJA": {
      "efp": 0.1403371561505289,
      "months": [
        6,
        7,
        8
      ]
    },
    "JAS": {
      "efp": 0.08415501797069354,
      "months": [
        7,
        8,
        9
      ]
    },
    "ASO": {
      "efp": 0.060145228699817435,
      "months": [
        8,
        9,
        10
      ]
    },
    "SON": {
      "efp": 0.09202165676615645,
      "months": [
        9,
        10,
        11
      ]
    },
    "OND": {
      "efp": 0.14097480072261914,
      "months": [
        10,
        11,
        12
      ]
    },
    "NDJ": {
      "efp": 0.21192469329603467,
      "months": [
        11,
        12,
        1
      ]
    }
  },
  "efp_sh": {
    "DJF": {
      "efp": 0.20987019392631837,
      "months": [
        12,
        1,
        2
      ]
    },
    "JFM": {
      "efp": 0.16568467986355015,
      "months": [
        1,
        2,
        3
      ]
    },
    "FMA": {
      "efp": 0.11788640586612027,
      "months": [
        2,
        3,
        4
      ]
    },
    "MAM": {
      "efp": 0.1619299568073196,
      "months": [
        3,
        4,
        5
      ]
    },
    "AMJ": {
      "efp": 0.21372208654297964,
      "months": [
        4,
        5,
        6
      ]
    },
    "MJJ": {
      "efp": 0.30493534587217763,
      "months": [
        5,
        6,
        7
      ]
    },
    "JJA": {
      "efp": 0.27451808742624323,
      "months": [
        6,
        7,
        8
      ]
    },
    "JAS": {
      "efp": 0.2556110128455012,
      "months": [
        7,
        8,
        9
      ]
    },
    "ASO": {
      "efp": 0.2599549975960074,
      "months": [
        8,
        9,
        10
      ]
    },
    "SON": {
      "efp": 0.24608561653196478,
      "months": [
        9,
        10,
        11
      ]
    },
    "OND": {
      "efp": 0.230679055718693,
      "months": [
        10,
        11,
        12
      ]
    },
    "NDJ": {
      "efp": 0.231739654181387,
      "months": [
        11,
        12,
        1
      ]
    }
  },
  "efp_sh_123": {
    "DJF": {
      "efp": 0.062054279813366024,
      "months": [
        12,
        1,
        2
      ]
    },
    "JFM": {
      "efp": 0.046568360719503606,
      "months": [
        1,
        2,
        3
      ]
    },
    "FMA": {
      "efp": 0.04686347969674718,
      "months": [
        2,
        3,
        4
      ]
    },
    "MAM": {
      "efp": 0.026542040840867812,
      "months": [
        3,
        4,
        5
      ]
    },
    "AMJ": {
      "efp": 0.02945284726139623,
      "months": [
        4,
        5,
        6
      ]
    },
    "MJJ": {
      "efp": 0.03860151638510838,
      "months": [
        5,
        6,
        7
      ]
    },
    "JJA": {
      "efp": 0.033019223105320655,
      "months": [
        6,
        7,
        8
      ]
    },
    "JAS": {
      "efp": 0.029812793459282286,
      "months": [
        7,
        8,
        9
      ]
    },
    "ASO": {
      "efp": 0.04324108524806903,
      "months": [
        8,
        9,
        10
      ]
    },
    "SON": {
      "efp": 0.07753898222202767,
      "months": [
        9,
        10,
        11
      ]
    },
    "OND": {
      "efp": 0.06163307141177034,
      "months": [
        10,
        11,
        12
      ]
    },
    "NDJ": {
      "efp": 0.05124508260007547,
      "months": [
        11,
        12,
        1
      ]
    }
  },
  "efp_sh_gt3": {
    "DJF": {
      "efp": 0.1428273580132195,
      "months": [
        12,
        1,
        2
      ]
    },
    "JFM": {
      "efp": 0.10523544228636406,
      "months": [
        1,
        2,
        3
      ]
    },
    "FMA": {
      "efp": 0.11672938311973177,
      "months": [
        2,
        3,
        4
      ]
    },
    "MAM": {
      "efp": 0.1125269235809227,
      "months": [
        3,
        4,
        5
      ]
    },
    "AMJ": {
      "efp": 0.14177677393500623,
      "months": [
        4,
        5,
        6
      ]
    },
    "MJJ": {
      "efp": 0.19842057677816144,
      "months": [
        5,
        6,
        7
      ]
    },
    "JJA": {
      "efp": 0.15266153816601874,
      "months": [
        6,
        7,
        8
      ]
    },
    "JAS": {
      "efp": 0.1356985458145544,
      "months": [
        7,
        8,
        9
      ]
    },
    "ASO": {
      "efp": 0.20791849842328144,
      "months": [
        8,
        9,
        10
      ]
    },
    "SON": {
      "efp": 0.21694461207450683,
      "months": [
        9,
        10,
        11
      ]
    },