{
  "efp_nh": {
    "DJF": {
      "efp": 0.23443188274612214,
      "months": [
        12,
        1,
        2
      ]
    },
    "JFM": {
      "efp": 0.23454581610317388,
      "months": [
        1,
        2,
        3
      ]
    },
    "FMA": {
      "efp": 0.21230669158543,
      "months": [
        2,
        3,
        4
      ]
    },
    "MAM": {
      "efp": 0.14659183903780237,
      "months": [
        3,
        4,
        5
      ]
    },
    "AMJ": {
      "efp": 0.12763226333770555,
      "months": [
        4,
        5,
        6
      ]
    },
    "MJJ": {
      "efp": 0.1298882405744392,
      "months": [
        5,
        6,
        7
      ]
    },
    "JJA": {
      "efp": 0.134532749474509,
      "months": [
        6,
        7,
        8
      ]
    },
    "JAS": {
      "efp": 0.12761112453688872,
      "months": [
        7,
        8,
        9
      ]
    },
    "ASO": {
      "efp": 0.11902557720041929,
      "months": [
        8,
        9,
        10
      ]
    },
    "SON": {
      "efp": 0.12310209861712057,
      "months": [
        9,
        10,
        11
      ]
    },
    "OND": {
      "efp": 0.15776945677284396,
      "months": [
        10,
        11,
        12
      ]
    },
    "NDJ": {
      "efp": 0.20388441228951137,
      "months": [
        11,
        12,
        1
      ]
    }
  },
  "efp_nh_123": {
    "DJF": {
      "efp": 0.10019269553629576,
      "months": [
        12,
        1,
        2
      ]
    },
    "JFM": {
      "efp": 0.1038131347535725,
      "months": [
        1,
        2,
        3
      ]
    },
    "FMA": {
      "efp": 0.08313099057303616,
      "months": [
        2,
        3,
        4
      ]
    },
    "MAM": {
      "efp": 0.039779974711284895,
      "months": [
        3,
        4,
        5
      ]
    },
    "AMJ": {
      "efp": 0.022793861671676595,
      "months": [
        4,
        5,
        6
      ]
    },
    "MJJ": {
      "efp": 0.025544105137566737,
      "months": [
        5,
        6,
        7
      ]
    },
    "JJA": {
      "efp": 0.02602648943349501,
      "months": [
        6,
        7,
        8
      ]
    },
    "JAS": {
      "efp": 0.02146556634542482,
      "months": [
        7,
        8,
        9
      ]
    },
    "ASO": {
      "efp": 0.01990269789928612,
      "months": [
        8,
        9,
        10
      ]
    },
    "SON": {
      "efp": 0.028895362789968713,
      "months": [
        9,
        10,
        11
      ]
    },
    "OND": {
      "efp": 0.038607196778686195,
      "months": [
        10,
        11,
        12
      ]
    },
    "NDJ": {
      "efp": 0.06284989830400008,
      "months": [
        11,
        12,
        1
      ]
    }
  },
  "efp_nh_gt3": {
    "DJF": {
      "efp": 0.11700391519599668,
      "months": [
        12,
        1,
        2
      ]
    },
    "JFM": {
      "efp": 0.12056659659589126,
      "months": [
        1,
        2,
        3
      ]
    },
    "FMA": {
      "efp": 0.11924851311284547,
      "months": [
        2,
        3,
        4
      ]
    },
    "MAM": {
      "efp": 0.10567378232049647,
      "months": [
        3,
        4,
        5
      ]
    },
    "AMJ": {
      "efp": 0.10348035310874704,
      "months": [
        4,
        5,
        6
      ]
    },
    "MJJ": {
      "efp": 0.10713025019043942,
      "months": [
        5,
        6,
        7
      ]
    },
    "JJA": {
      "efp": 0.09878597596634782,
      "months": [
        6,
        7,
        8
      ]
    },
    "JAS": {
      "efp": 0.09201301609127706,
      "months": [
        7,
        8,
        9
      ]
    },
    "ASO": {
      "efp": 0.09714369712971692,
      "months": [
        8,
        9,
        10
      ]
    },
    "SON": {
      "efp": 0.08287338572765841,
      "months": [
        9,
        10,
        11
      ]
    },
    "OND": {
      "efp": 0.11241082320501557,
      "months": [
        10,
        11,
        12
      ]
    },
    "NDJ": {
      "efp": 0.11224735056524084,
      "months": [
        11,
        12,
        1
      ]
    }
  },
  "efp_sh": {
    "DJF": {
      "efp": 0.2027327068141359,
      "months": [
        12,
        1,
        2
      ]
    },
    "JFM": {
      "efp": 0.18856790187565,
      "months": [
        1,
        2,
        3
      ]
    },
    "FMA": {
      "efp": 0.17139431280356054,
      "months": [
        2,
        3,
        4
      ]
    },
    "MAM": {
      "efp": 0.21540883480947046,
      "months": [
        3,
        4,
        5
      ]
    },
    "AMJ": {
      "efp": 0.23609352583996676,
      "months": [
        4,
        5,
        6
      ]
    },
    "MJJ": {
      "efp": 0.2421469787076329,
      "months": [
        5,
        6,
        7
      ]
    },
    "JJA": {
      "efp": 0.2741178528810919,
      "months": [
        6,
        7,
        8
      ]
    },
    "JAS": {
      "efp": 0.31447768012476696,
      "months": [
        7,
        8,
        9
      ]
    },
    "ASO": {
      "efp": 0.30409787610097627,
      "months": [
        8,
        9,
        10
      ]
    },
    "SON": {
      "efp": 0.2735240834275957,
      "months": [
        9,
        10,
        11
      ]
    },
    "OND": {
      "efp": 0.2575361836513765,
      "months": [
        10,
        11,
        12
      ]
    },
    "NDJ": {
      "efp": 0.21692534494002094,
      "months": [
        11,
        12,
        1
      ]
    }
  },
  "efp_sh_123": {
    "DJF": {
      "efp": 0.053414661189318355,
      "months": [
        12,
        1,
        2
      ]
    },
    "JFM": {
      "efp": 0.05286321184962766,
      "months": [
        1,
        2,
        3
      ]
    },
    "FMA": {
      "efp": 0.03276182601962844,
      "months": [
        2,
        3,
        4
      ]
    },
    "MAM": {
      "efp": 0.020168947737966157,
      "months": [
        3,
        4,
        5
      ]
    },
    "AMJ": {
      "efp": 0.006778631984845876,
      "months": [
        4,
        5,
        6
      ]
    },
    "MJJ": {
      "efp": 0.02067762770030357,
      "months": [
        5,
        6,
        7
      ]
    },
    "JJA": {
      "efp": 0.01856575466918687,
      "months": [
        6,
        7,
        8
      ]
    },
    "JAS": {
      "efp": 0.02597826947095187,
      "months": [
        7,
        8,
        9
      ]
    },
    "ASO": {
      "efp": 0.009289829311023332,
      "months": [
        8,
        9,
        10
      ]
    },
    "SON": {
      "efp": 0.012804411824152326,
      "months": [
        9,
        10,
        11
      ]
    },
    "OND": {
      "efp": 0.01816828168831933,
      "months": [
        10,
        11,
        12
      ]
    },
    "NDJ": {
      "efp": 0.029321818381642963,
      "months": [
        11,
        12,
        1
      ]
    }
  },
  "efp_sh_gt3": {
    "DJF": {
      "efp": 0.1479258513847868,
      "months": [
        12,
        1,
        2
      ]
    },
    "JFM": {
      "efp": 0.1639881705162571,
      "months": [
        1,
        2,
        3
      ]
    },
    "FMA": {
      "efp": 0.1502836232259322,
      "months": [
        2,
        3,
        4
      ]
    },
    "MAM": {
      "efp": 0.18468806742080193,
      "months": [
        3,
        4,
        5
      ]
    },
    "AMJ": {
      "efp": 0.18035564679183053,
      "months": [
        4,
        5,
        6
      ]
    },
    "MJJ": {
      "efp": 0.18971178256717441,
      "months": [
        5,
        6,
        7
      ]
    },
    "JJA": {
      "efp": 0.2150849226981751,
      "months": [
        6,
        7,
        8
      ]
    },
    "JAS": {
      "efp": 0.23236657945122072,
      "months": [
        7,
        8,
        9
      ]
    },
    "ASO": {
      "efp": 0.22489766364672883,
      "months": [
        8,
        9,
        10
      ]
    },
    "SON": {
      "efp": 0.21009019586462455,