{
  "efp_nh": {
    "DJF": {
      "efp": 0.23429109215995972,
      "months": [
        12,
        1,
        2
      ]
    },
    "JFM": {
      "efp": 0.2501364516470351,
      "months": [
        1,
        2,
        3
      ]
    },
    "FMA": {
      "efp": 0.22071774560362634,
      "months": [
        2,
        3,
        4
      ]
    },
    "MAM": {
      "efp": 0.20826064268461908,
      "months": [
        3,
        4,
        5
      ]
    },
    "AMJ": {
      "efp": 0.19267719687326515,
      "months": [
        4,
        5,
        6
      ]
    },
    "MJJ": {
      "efp": 0.16153189355517764,
      "months": [
        5,
        6,
        7
      ]
    },
    "JJA": {
      "efp": 0.14519716460840823,
      "months": [
        6,
        7,
        8
      ]
    },
    "JAS": {
      "efp": 0.09947884090674038,
      "months": [
        7,
        8,
        9
      ]
    },
    "ASO": {
      "efp": 0.09987822243579542,
      "months": [
        8,
        9,
        10
      ]
    },
    "SON": {
      "efp": 0.13345774061360144,
      "months": [
        9,
        10,
        11
      ]
    },
    "OND": {
      "efp": 0.16393549890214065,
      "months": [
        10,
        11,
        12
      ]
    },
    "NDJ": {
      "efp": 0.21337478252494738,
      "months": [
        11,
        12,
        1
      ]
    }
  },
  "efp_nh_123": {
    "DJF": {
      "efp": 0.09412847409149314,
      "months": [
        12,
        1,
        2
      ]
    },
    "JFM": {
      "efp": 0.0872435182127551,
      "months": [
        1,
        2,
        3
      ]
    },
    "FMA": {
      "efp": 0.06436475214367728,
      "months": [
        2,
        3,
        4
      ]
    },
    "MAM": {
      "efp": 0.049023387417828704,
      "months": [
        3,
        4,
        5
      ]
    },
    "AMJ": {
      "efp": 0.03399136256917106,
      "months": [
        4,
        5,
        6
      ]
    },
    "MJJ": {
      "efp": 0.02220637174987187,
      "months": [
        5,
        6,
        7
      ]
    },
    "JJA": {
      "efp": 0.03197380615544322,
      "months": [
        6,
        7,
        8
      ]
    },
    "JAS": {
      "efp": 0.028508031767483274,
      "months": [
        7,
        8,
        9
      ]
    },
    "ASO": {
      "efp": 0.011163260577857948,
      "months": [
        8,
        9,
        10
      ]
    },
    "SON": {
      "efp": 0.03145629466732477,
      "months": [
        9,
        10,
        11
      ]
    },
    "OND": {
      "efp": 0.042788894409833585,
      "months": [
        10,
        11,
        12
      ]
    },
    "NDJ": {
      "efp": 0.07892344341892,
      "months": [
        11,
        12,
        1
      ]
    }
  },
  "efp_nh_gt3": {
    "DJF": {
      "efp": 0.12015993095522795,
      "months": [
        12,
        1,
        2
      ]
    },
    "JFM": {
      "efp": 0.130388155585538,
      "months": [
        1,
        2,
        3
      ]
    },
    "FMA": {
      "efp": 0.122875984811576,
      "months": [
        2,
        3,
        4
      ]
    },
    "MAM": {
      "efp": 0.11995009357420414,
      "months": [
        3,
        4,
        5
      ]
    },
    "AMJ": {
      "efp": 0.11149436336190856,
      "months": [
        4,
        5,
        6
      ]
    },
    "MJJ": {
      "efp": 0.1026183711700246,
      "months": [
        5,
        6,
        7
      ]
    },
    "JJA": {
      "efp": 0.0977273785378972,
      "months": [
        6,
        7,
        8
      ]
    },
    "JAS": {
      "efp": 0.06631840599100167,
      "months": [
        7,
        8,
        9
      ]
    },
    "ASO": {
      "efp": 0.08511120435427072,
      "months": [
        8,
        9,
        10
      ]
    },
    "SON": {
      "efp": 0.10202415036608534,
      "months": [
        9,
        10,
        11
      ]
    },
    "OND": {
      "efp": 0.11656246752400524,
      "months": [
        10,
        11,
        12
      ]
    },
    "NDJ": {
      "efp": 0.13440227801410612,
      "months": [
        11,
        12,
        1
      ]
    }
  },
  "efp_sh": {
    "DJF": {
      "efp": 0.14965079257490302,
      "months": [
        12,
        1,
        2
      ]
    },
    "JFM": {
      "efp": 0.1245917119762062,
      "months": [
        1,
        2,
        3
      ]
    },
    "FMA": {
      "efp": 0.1145966407338045,
      "months": [
        2,
        3,
        4
      ]
    },
    "MAM": {
      "efp": 0.16389531181173048,
      "months": [
        3,
        4,
        5
      ]
    },
    "AMJ": {
      "efp": 0.18707542516020872,
      "months": [
        4,
        5,
        6
      ]
    },
    "MJJ": {
      "efp": 0.2619801605822643,
      "months": [
        5,
        6,
        7
      ]
    },
    "JJA": {
      "efp": 0.3100941748569417,
      "months": [
        6,
        7,
        8
      ]
    },
    "JAS": {
      "efp": 0.2865010855950937,
      "months": [
        7,
        8,
        9
      ]
    },
    "ASO": {
      "efp": 0.26858533884811603,
      "months": [
        8,
        9,
        10
      ]
    },
    "SON": {
      "efp": 0.25508157117061286,
      "months": [
        9,
        10,
        11
      ]
    },
    "OND": {
      "efp": 0.21910288534019262,
      "months": [
        10,
        11,
        12
      ]
    },
    "NDJ": {
      "efp": 0.17223715077713583,
      "months": [
        11,
        12,
        1
      ]
    }
  },
  "efp_sh_123": {
    "DJF": {
      "efp": 0.0296933840319894,
      "months": [
        12,
        1,
        2
      ]
    },
    "JFM": {
      "efp": 0.021749399437377692,
      "months": [
        1,
        2,
        3
      ]
    },
    "FMA": {
      "efp": 0.019498991962926548,
      "months": [
        2,
        3,
        4
      ]
    },
    "MAM": {
      "efp": 0.02022419439540903,
      "months": [
        3,
        4,
        5
      ]
    },
    "AMJ": {
      "efp": 0.017378091927798742,
      "months": [
        4,
        5,
        6
      ]
    },
    "MJJ": {
      "efp": 0.010871542310240427,
      "months": [
        5,
        6,
        7
      ]
    },
    "JJA": {
      "efp": 0.014558924391263587,
      "months": [
        6,
        7,
        8
      ]
    },
    "JAS": {
      "efp": 0.013357733754041519,
      "months": [
        7,
        8,
        9
      ]
    },
    "ASO": {
      "efp": 0.02215994410756424,
      "months": [
        8,
        9,
        10
      ]
    },
    "SON": {
      "efp": 0.023044330115400902,
      "months": [
        9,
        10,
        11
      ]
    },
    "OND": {
      "efp": 0.026372557143638967,
      "months": [
        10,
        11,
        12
      ]
    },
    "NDJ": {
      "efp": 0.03452290837688175,
      "months": [
        11,
        12,
        1
      ]
    }
  },
  "efp_sh_gt3": {
    "DJF": {
      "efp": 0.09798499604689433,
      "months": [
        12,
        1,
        2
      ]
    },
    "JFM": {
      "efp": 0.09843928486368252,
      "months": [
        1,
        2,
        3
      ]
    },
    "FMA": {
      "efp": 0.0925831674815348,
      "months": [
        2,
        3,
        4
      ]
    },
    "MAM": {
      "efp": 0.1441453423180826,
      "months": [
        3,
        4,
        5
      ]
    },
    "AMJ": {
      "efp": 0.14903205127946745,
      "months": [
        4,
        5,
        6
      ]
    },
    "MJJ": {
      "efp": 0.16368932370288267,
      "months": [
        5,
        6,
        7
      ]
    },
    "JJA": {
      "efp": 0.2092664448090267,
      "months": [
        6,
        7,
        8
      ]
    },
    "JAS": {
      "efp": 0.19397843319446115,
      "months": [
        7,
        8,
        9
      ]
    },
    "ASO": {
      "efp": 0.18406322445221776,
      "months": [
        8,
        9,
        10
      ]
    },
    "SON": {
      "efp": 0.1839348409588889,