{
  "efp_nh": {
    "DJF": {
      "efp": 0.2752868612733315,
      "months": [
        12,
        1,
        2
      ]
    },
    "JFM": {
      "efp": 0.3453221758084111,
      "months": [
        1,
        2,
        3
      ]
    },
    "FMA": {
      "efp": 0.331880184087596,
      "months": [
        2,
        3,
        4
      ]
    },
    "MAM": {
      "efp": 0.32956453154468035,
      "months": [
        3,
        4,
        5
      ]
    },
    "AMJ": {
      "efp": 0.21130801539870125,
      "months": [
        4,
        5,
        6
      ]
    },
    "MJJ": {
      "efp": 0.1719667951218083,
      "months": [
        5,
        6,
        7
      ]
    },
    "JJA": {
      "efp": 0.14385517806007142,
      "months": [
        6,
        7,
        8
      ]
    },
    "JAS": {
      "efp": 0.09776545579863118,
      "months": [
        7,
        8,
        9
      ]
    },
    "ASO": {
      "efp": 0.1297025579434339,
      "months": [
        8,
        9,
        10
      ]
    },
    "SON": {
      "efp": 0.09274363052243832,
      "months": [
        9,
        10,
        11
      ]
    },
    "OND": {
      "efp": 0.10922785991278935,
      "months": [
        10,
        11,
        12
      ]
    },
    "NDJ": {
      "efp": 0.1492577374554457,
      "months": [
        11,
        12,
        1
      ]
    }
  },
  "efp_nh_123": {
    "DJF": {
      "efp": 0.0961830145914483,
      "months": [
        12,
        1,
        2
      ]
    },
    "JFM": {
      "efp": 0.10244513238354057,
      "months": [
        1,
        2,
        3
      ]
    },
    "FMA": {
      "efp": 0.06750542516489129,
      "months": [
        2,
        3,
        4
      ]
    },
    "MAM": {
      "efp": 0.0663168029231167,
      "months": [
        3,
        4,
        5
      ]
    },
    "AMJ": {
      "efp": 0.09630815089336466,
      "months": [
        4,
        5,
        6
      ]
    },
    "MJJ": {
      "efp": 0.07159755290921153,
      "months": [
        5,
        6,
        7
      ]
    },
    "JJA": {
      "efp": 0.04609961026723543,
      "months": [
        6,
        7,
        8
      ]
    },
    "JAS": {
      "efp": 0.03607279744839936,
      "months": [
        7,
        8,
        9
      ]
    },
    "ASO": {
      "efp": 0.027479456191466446,
      "months": [
        8,
        9,
        10
      ]
    },
    "SON": {
      "efp": 0.06136994691340405,
      "months": [
        9,
        10,
        11
      ]
    },
    "OND": {
      "efp": 0.05666019182685151,
      "months": [
        10,
        11,
        12
      ]
    },
    "NDJ": {
      "efp": 0.03543679401993237,
      "months": [
        11,
        12,
        1
      ]
    }
  },
  "efp_nh_gt3": {
    "DJF": {
      "efp": 0.1344829014099723,
      "months": [
        12,
        1,
        2
      ]
    },
    "JFM": {
      "efp": 0.18189922313555484,
      "months": [
        1,
        2,
        3
      ]
    },
    "FMA": {
      "efp": 0.19873100793697718,
      "months": [
        2,
        3,
        4
      ]
    },
    "MAM": {
      "efp": 0.25462272874463815,
      "months": [
        3,
        4,
        5
      ]
    },
    "AMJ": {
      "efp": 0.1773796970628387,
      "months": [
        4,
        5,
        6
      ]
    },
    "MJJ": {
      "efp": 0.18305687436755758,
      "months": [
        5,
        6,
        7
      ]
    },
    "JJA": {
      "efp": 0.1484776181649711,
      "months": [
        6,
        7,
        8
      ]
    },
    "JAS": {
      "efp": 0.09612543026917492,
      "months": [
        7,
        8,
        9
      ]
    },
    "ASO": {
      "efp": 0.11322807148086135,
      "months": [
        8,
        9,
        10
      ]
    },
    "SON": {
      "efp": 0.09099321328067192,
      "months": [
        9,
        10,
        11
      ]
    },
    "OND": {
      "efp": 0.1363224143900735,
      "months": [
        10,
        11,
        12
      ]
    },
    "NDJ": {
      "efp": 0.13331438255169575,
      "months": [
        11,
        12,
        1
      ]
    }
  },
  "efp_sh": {
    "DJF": {
      "efp": 0.1545690256738942,
      "months": [
        12,
        1,
        2
      ]
    },
    "JFM": {
      "efp": 0.1344557095986568,
      "months": [
        1,
        2,
        3
      ]
    },
    "FMA": {
      "efp": 0.14147852703222671,
      "months": [
        2,
        3,
        4
      ]
    },
    "MAM": {
      "efp": 0.14667393186666425,
      "months": [
        3,
        4,
        5
      ]
    },
    "AMJ": {
      "efp": 0.20835140394334653,
      "months": [
        4,
        5,
        6
      ]
    },
    "MJJ": {
      "efp": 0.20324729205033756,
      "months": [
        5,
        6,
        7
      ]
    },
    "JJA": {
      "efp": 0.26843245781196384,
      "months": [
        6,
        7,
        8
      ]
    },
    "JAS": {
      "efp": 0.23447277628261726,
      "months": [
        7,
        8,
        9
      ]
    },
    "ASO": {
      "efp": 0.275767635999957,
      "months": [
        8,
        9,
        10
      ]
    },
    "SON": {
      "efp": 0.2836266246384857,
      "months": [
        9,
        10,
        11
      ]
    },
    "OND": {
      "efp": 0.28199982275872976,
      "months": [
        10,
        11,
        12
      ]
    },
    "NDJ": {
      "efp": 0.20492226613951137,
      "months": [
        11,
        12,
        1
      ]
    }
  },
  "efp_sh_123": {
    "DJF": {
      "efp": 0.08626449684300863,
      "months": [
        12,
        1,
        2
      ]
    },
    "JFM": {
      "efp": 0.0676552931404424,
      "months": [
        1,
        2,
        3
      ]
    },
    "FMA": {
      "efp": 0.04290901756012457,
      "months": [
        2,
        3,
        4
      ]
    },
    "MAM": {
      "efp": 0.027728331649781918,
      "months": [
        3,
        4,
        5
      ]
    },
    "AMJ": {
      "efp": 0.047775763570013,
      "months": [
        4,
        5,
        6
      ]
    },
    "MJJ": {
      "efp": 0.031172090344764303,
      "months": [
        5,
        6,
        7
      ]
    },
    "JJA": {
      "efp": 0.05471696800280382,
      "months": [
        6,
        7,
        8
      ]
    },
    "JAS": {
      "efp": 0.041785099690815425,
      "months": [
        7,
        8,
        9
      ]
    },
    "ASO": {
      "efp": 0.03347821900410765,
      "months": [
        8,
        9,
        10
      ]
    },
    "SON": {
      "efp": 0.034969627346372455,
      "months": [
        9,
        10,
        11
      ]
    },
    "OND": {
      "efp": 0.05713514534836075,
      "months": [
        10,
        11,
        12
      ]
    },
    "NDJ": {
      "efp": 0.0970097267047132,
      "months": [
        11,
        12,
        1
      ]
    }
  },
  "efp_sh_gt3": {
    "DJF": {
      "efp": 0.09331637299927718,
      "months": [
        12,
        1,
        2
      ]
    },
    "JFM": {
      "efp": 0.10178528457159629,
      "months": [
        1,
        2,
        3
      ]
    },
    "FMA": {
      "efp": 0.12104042406173306,
      "months": [
        2,
        3,
        4
      ]
    },
    "MAM": {
      "efp": 0.0929715038098183,
      "months": [
        3,
        4,
        5
      ]
    },
    "AMJ": {
      "efp": 0.13430501652865381,
      "months": [
        4,
        5,
        6
      ]
    },
    "MJJ": {
      "efp": 0.11669677736972602,
      "months": [
        5,
        6,
        7
      ]
    },
    "JJA": {
      "efp": 0.21694754300957672,
      "months": [
        6,
        7,
        8
      ]
    },
    "JAS": {
      "efp": 0.1516155297736164,
      "months": [
        7,
        8,
        9
      ]
    },
    "ASO": {
      "efp": 0.19851791681509703,
      "months": [
        8,
        9,
        10
      ]
    },
    "SON": {
      "efp": 0.23919861058192482,
      "months": [
        9,
        10,
        11
      ]
    },