{
  "efp_nh": {
    "DJF": {
      "efp": 0.2860060005878511,
      "months": [
        12,
        1,
        2
      ]
    },
    "JFM": {
      "efp": 0.2740485173878899,
      "months": [
        1,
        2,
        3
      ]
    },
    "FMA": {
      "efp": 0.265540369639721,
      "months": [
        2,
        3,
        4
      ]
    },
    "MAM": {
      "efp": 0.20902450071877215,
      "months": [
        3,
        4,
        5
      ]
    },
    "AMJ": {
      "efp": 0.19733955693110652,
      "months": [
        4,
        5,
        6
      ]
    },
    "MJJ": {
      "efp": 0.18109373235823115,
      "months": [
        5,
        6,
        7
      ]
    },
    "JJA": {
      "efp": 0.15898586798354725,
      "months": [
        6,
        7,
        8
      ]
    },
    "JAS": {
      "efp": 0.15679619351963223,
      "months": [
        7,
        8,
        9
      ]
    },
    "ASO": {
      "efp": 0.1530499614184195,
      "months": [
        8,
        9,
        10
      ]
    },
    "SON": {
      "efp": 0.17776000083642846,
      "months": [
        9,
        10,
        11
      ]
    },
    "OND": {
      "efp": 0.2009248865885474,
      "months": [
        10,
        11,
        12
      ]
    },
    "NDJ": {
      "efp": 0.23233414411659756,
      "months": [
        11,
        12,
        1
      ]
    }
  },
  "efp_nh_123": {
    "DJF": {
      "efp": 0.06377389994343508,
      "months": [
        12,
        1,
        2
      ]
    },
    "JFM": {
      "efp": 0.05242527104060905,
      "months": [
        1,
        2,
        3
      ]
    },
    "FMA": {
      "efp": 0.03925146448534973,
      "months": [
        2,
        3,
        4
      ]
    },
    "MAM": {
      "efp": 0.033259160833854794,
      "months": [
        3,
        4,
        5
      ]
    },
    "AMJ": {
      "efp": 0.0322451096962245,
      "months": [
        4,
        5,
        6
      ]
    },
    "MJJ": {
      "efp": 0.026729009903664485,
      "months": [
        5,
        6,
        7
      ]
    },
    "JJA": {
      "efp": 0.038441715572085235,
      "months": [
        6,
        7,
        8
      ]
    },
    "JAS": {
      "efp": 0.023824809283893782,
      "months": [
        7,
        8,
        9
      ]
    },
    "ASO": {
      "efp": 0.016190929183320005,
      "months": [
        8,
        9,
        10
      ]
    },
    "SON": {
      "efp": 0.032095154937361293,
      "months": [
        9,
        10,
        11
      ]
    },
    "OND": {
      "efp": 0.04139847840879772,
      "months": [
        10,
        11,
        12
      ]
    },
    "NDJ": {
      "efp": 0.051427941498715955,
      "months": [
        11,
        12,
        1
      ]
    }
  },
  "efp_nh_gt3": {
    "DJF": {
      "efp": 0.1951139428382964,
      "months": [
        12,
        1,
        2
      ]
    },
    "JFM": {
      "efp": 0.21325689888282903,
      "months": [
        1,
        2,
        3
      ]
    },
    "FMA": {
      "efp": 0.22994408006013325,
      "months": [
        2,
        3,
        4
      ]
    },
    "MAM": {
      "efp": 0.16966033778160355,
      "months": [
        3,
        4,
        5
      ]
    },
    "AMJ": {
      "efp": 0.14585871597344094,
      "months": [
        4,
        5,
        6
      ]
    },
    "MJJ": {
      "efp": 0.1342709483297564,
      "months": [
        5,
        6,
        7
      ]
    },
    "JJA": {
      "efp": 0.11594986879022964,
      "months": [
        6,
        7,
        8
      ]
    },
    "JAS": {
      "efp": 0.11158446343633127,
      "months": [
        7,
        8,
        9
      ]
    },
    "ASO": {
      "efp": 0.1290457270246262,
      "months": [
        8,
        9,
        10
      ]
    },
    "SON": {
      "efp": 0.137971427719383,
      "months": [
        9,
        10,
        11
      ]
    },
    "OND": {
      "efp": 0.1283671720626152,
      "months": [
        10,
        11,
        12
      ]
    },
    "NDJ": {
      "efp": 0.14569570537111615,
      "months": [
        11,
        12,
        1
      ]
    }
  },
  "efp_sh": {
    "DJF": {
      "efp": 0.21211003915014856,
      "months": [
        12,
        1,
        2
      ]
    },
    "JFM": {
      "efp": 0.1817114534747183,
      "months": [
        1,
        2,
        3
      ]
    },
    "FMA": {
      "efp": 0.17087339249073022,
      "months": [
        2,
        3,
        4
      ]
    },
    "MAM": {
      "efp": 0.21486167091493152,
      "months": [
        3,
        4,
        5
      ]
    },
    "AMJ": {
      "efp": 0.28489493704428787,
      "months": [
        4,
        5,
        6
      ]
    },
    "MJJ": {
      "efp": 0.3049508456736247,
      "months": [
        5,
        6,
        7
      ]
    },
    "JJA": {
      "efp": 0.3315284557777067,
      "months": [
        6,
        7,
        8
      ]
    },
    "JAS": {
      "efp": 0.320436496089855,
      "months": [
        7,
        8,
        9
      ]
    },
    "ASO": {
      "efp": 0.3371952604299712,
      "months": [
        8,
        9,
        10
      ]
    },
    "SON": {
      "efp": 0.3273998265079056,
      "months": [
        9,
        10,
        11
      ]
    },
    "OND": {
      "efp": 0.3514458944031725,
      "months": [
        10,
        11,
        12
      ]
    },
    "NDJ": {
      "efp": 0.2748872953437895,
      "months": [
        11,
        12,
        1
      ]
    }
  },
  "efp_sh_123": {
    "DJF": {
      "efp": 0.055005998814035346,
      "months": [
        12,
        1,
        2
      ]
    },
    "JFM": {
      "efp": 0.06249189606708092,
      "months": [
        1,
        2,
        3
      ]
    },
    "FMA": {
      "efp": 0.03180696905925502,
      "months": [
        2,
        3,
        4
      ]
    },
    "MAM": {
      "efp": 0.014644297953490287,
      "months": [
        3,
        4,
        5
      ]
    },
    "AMJ": {
      "efp": 0.020109826726452448,
      "months": [
        4,
        5,
        6
      ]
    },
    "MJJ": {
      "efp": 0.023701195280552707,
      "months": [
        5,
        6,
        7
      ]
    },
    "JJA": {
      "efp": 0.02009440806756634,
      "months": [
        6,
        7,
        8
      ]
    },
    "JAS": {
      "efp": 0.027620942629229837,
      "months": [
        7,
        8,
        9
      ]
    },
    "ASO": {
      "efp": 0.029743745067965392,
      "months": [
        8,
        9,
        10
      ]
    },
    "SON": {
      "efp": 0.02081805247222782,
      "months": [
        9,
        10,
        11
      ]
    },
    "OND": {
      "efp": 0.023853370696343055,
      "months": [
        10,
        11,
        12
      ]
    },
    "NDJ": {
      "efp": 0.037750760250748035,
      "months": [
        11,
        12,
        1
      ]
    }
  },
  "efp_sh_gt3": {
    "DJF": {
      "efp": 0.19080306403852168,
      "months": [
        12,
        1,
        2
      ]
    },
    "JFM": {
      "efp": 0.17910418418273172,
      "months": [
        1,
        2,
        3
      ]
    },
    "FMA": {
      "efp": 0.16291182832630488,
      "months": [
        2,
        3,
        4
      ]
    },
    "MAM": {
      "efp": 0.16443751105163384,
      "months": [
        3,
        4,
        5
      ]
    },
    "AMJ": {
      "efp": 0.21470659411982768,
      "months": [
        4,
        5,
        6
      ]
    },
    "MJJ": {
      "efp": 0.2549966985910846,
      "months": [
        5,
        6,
        7
      ]
    },
    "JJA": {
      "efp": 0.28534202093231503,
      "months": [
        6,
        7,
        8
      ]
    },
    "JAS": {
      "efp": 0.27531822003484313,
      "months": [
        7,
        8,
        9
      ]
    },
    "ASO": {
      "efp": 0.28115820418129495,
      "months": [
        8,
        9,
        10
      ]
    },
    "SON": {
      "efp": 0.3023905456791092,