{
  "efp_nh": {
    "DJF": {
      "efp": 0.2402221369684851,
      "months": [
        12,
        1,
        2
      ]
    },
    "JFM": {
      "efp": 0.24236578370481643,
      "months": [
        1,
        2,
        3
      ]
    },
    "FMA": {
      "efp": 0.2889747816580212,
      "months": [
        2,
        3,
        4
      ]
    },
    "MAM": {
      "efp": 0.25496661994261444,
      "months": [
        3,
        4,
        5
      ]
    },
    "AMJ": {
      "efp": 0.21279521392343703,
      "months": [
        4,
        5,
        6
      ]
    },
    "MJJ": {
      "efp": 0.16614211808989576,
      "months": [
        5,
        6,
        7
      ]
    },
    "JJA": {
      "efp": 0.114788592294278,
      "months": [
        6,
        7,
        8
      ]
    },
    "JAS": {
      "efp": 0.07527090253413787,
      "months": [
        7,
        8,
        9
      ]
    },
    "ASO": {
      "efp": 0.07206721180295525,
      "months": [
        8,
        9,
        10
      ]
    },
    "SON": {
      "efp": 0.09753955897018472,
      "months": [
        9,
        10,
        11
      ]
    },
    "OND": {
      "efp": 0.17420007137204296,
      "months": [
        10,
        11,
        12
      ]
    },
    "NDJ": {
      "efp": 0.20118741184847352,
      "months": [
        11,
        12,
        1
      ]
    }
  },
  "efp_nh_123": {
    "DJF": {
      "efp": 0.10064175719320975,
      "months": [
        12,
        1,
        2
      ]
    },
    "JFM": {
      "efp": 0.10199142456882326,
      "months": [
        1,
        2,
        3
      ]
    },
    "FMA": {
      "efp": 0.09829120858140794,
      "months": [
        2,
        3,
        4
      ]
    },
    "MAM": {
      "efp": 0.07765183720967817,
      "months": [
        3,
        4,
        5
      ]
    },
    "AMJ": {
      "efp": 0.04429030482950418,
      "months": [
        4,
        5,
        6
      ]
    },
    "MJJ": {
      "efp": 0.032152611603460036,
      "months": [
        5,
        6,
        7
      ]
    },
    "JJA": {
      "efp": 0.022051556873258913,
      "months": [
        6,
        7,
        8
      ]
    },
    "JAS": {
      "efp": 0.016459826966013984,
      "months": [
        7,
        8,
        9
      ]
    },
    "ASO": {
      "efp": 0.008513546239906527,
      "months": [
        8,
        9,
        10
      ]
    },
    "SON": {
      "efp": 0.02683557048006453,
      "months": [
        9,
        10,
        11
      ]
    },
    "OND": {
      "efp": 0.055921385095080205,
      "months": [
        10,
        11,
        12
      ]
    },
    "NDJ": {
      "efp": 0.08030842463815464,
      "months": [
        11,
        12,
        1
      ]
    }
  },
  "efp_nh_gt3": {
    "DJF": {
      "efp": 0.11541945044423503,
      "months": [
        12,
        1,
        2
      ]
    },
    "JFM": {
      "efp": 0.11307531585814623,
      "months": [
        1,
        2,
        3
      ]
    },
    "FMA": {
      "efp": 0.1646007631474311,
      "months": [
        2,
        3,
        4
      ]
    },
    "MAM": {
      "efp": 0.16159399508796082,
      "months": [
        3,
        4,
        5
      ]
    },
    "AMJ": {
      "efp": 0.12530365765821277,
      "months": [
        4,
        5,
        6
      ]
    },
    "MJJ": {
      "efp": 0.09400541343852903,
      "months": [
        5,
        6,
        7
      ]
    },
    "JJA": {
      "efp": 0.07361233297895384,
      "months": [
        6,
        7,
        8
      ]
    },
    "JAS": {
      "efp": 0.07402284576566963,
      "months": [
        7,
        8,
        9
      ]
    },
    "ASO": {
      "efp": 0.062443132490235295,
      "months": [
        8,
        9,
        10
      ]
    },
    "SON": {
      "efp": 0.05519698169354402,
      "months": [
        9,
        10,
        11
      ]
    },
    "OND": {
      "efp": 0.09821785932780187,
      "months": [
        10,
        11,
        12
      ]
    },
    "NDJ": {
      "efp": 0.09773100440216981,
      "months": [
        11,
        12,
        1
      ]
    }
  },
  "efp_sh": {
    "DJF": {
      "efp": 0.0901660750207292,
      "months": [
        12,
        1,
        2
      ]
    },
    "JFM": {
      "efp": 0.06250055049076654,
      "months": [
        1,
        2,
        3
      ]
    },
    "FMA": {
      "efp": 0.11031425885802801,
      "months": [
        2,
        3,
        4
      ]
    },
    "MAM": {
      "efp": 0.17152989387787712,
      "months": [
        3,
        4,
        5
      ]
    },
    "AMJ": {
      "efp": 0.18014514796454129,
      "months": [
        4,
        5,
        6
      ]
    },
    "MJJ": {
      "efp": 0.2124784266219061,
      "months": [
        5,
        6,
        7
      ]
    },
    "JJA": {
      "efp": 0.24583404810540535,
      "months": [
        6,
        7,
        8
      ]
    },
    "JAS": {
      "efp": 0.23829177944289806,
      "months": [
        7,
        8,
        9
      ]
    },
    "ASO": {
      "efp": 0.22982582291465722,
      "months": [
        8,
        9,
        10
      ]
    },
    "SON": {
      "efp": 0.22733534679321135,
      "months": [
        9,
        10,
        11
      ]
    },
    "OND": {
      "efp": 0.22874974512339621,
      "months": [
        10,
        11,
        12
      ]
    },
    "NDJ": {
      "efp": 0.11554451178739483,
      "months": [
        11,
        12,
        1
      ]
    }
  },
  "efp_sh_123": {
    "DJF": {
      "efp": 0.019926512141177355,
      "months": [
        12,
        1,
        2
      ]
    },
    "JFM": {
      "efp": 0.013503322227603953,
      "months": [
        1,
        2,
        3
      ]
    },
    "FMA": {
      "efp": 0.021542941939719534,
      "months": [
        2,
        3,
        4
      ]
    },
    "MAM": {
      "efp": 0.013828580456247257,
      "months": [
        3,
        4,
        5
      ]
    },
    "AMJ": {
      "efp": 0.023023891879940864,
      "months": [
        4,
        5,
        6
      ]
    },
    "MJJ": {
      "efp": 0.019852133415971876,
      "months": [
        5,
        6,
        7
      ]
    },
    "JJA": {
      "efp": 0.029990188807780732,
      "months": [
        6,
        7,
        8
      ]
    },
    "JAS": {
      "efp": 0.024409385260932438,
      "months": [
        7,
        8,
        9
      ]
    },
    "ASO": {
      "efp": 0.02391775774097662,
      "months": [
        8,
        9,
        10
      ]
    },
    "SON": {
      "efp": 0.017295855337034247,
      "months": [
        9,
        10,
        11
      ]
    },
    "OND": {
      "efp": 0.03943562528187983,
      "months": [
        10,
        11,
        12
      ]
    },
    "NDJ": {
      "efp": 0.021129267890001923,
      "months": [
        11,
        12,
        1
      ]
    }
  },
  "efp_sh_gt3": {
    "DJF": {
      "efp": 0.06788122550773935,
      "months": [
        12,
        1,
        2
      ]
    },
    "JFM": {
      "efp": 0.03208013208319126,
      "months": [
        1,
        2,
        3
      ]
    },
    "FMA": {
      "efp": 0.09424675854865977,
      "months": [
        2,
        3,
        4
      ]
    },
    "MAM": {
      "efp": 0.12084935829348463,
      "months": [
        3,
        4,
        5
      ]
    },
    "AMJ": {
      "efp": 0.11528188021719618,
      "months": [
        4,
        5,
        6
      ]
    },
    "MJJ": {
      "efp": 0.15159044476818673,
      "months": [
        5,
        6,
        7
      ]
    },
    "JJA": {
      "efp": 0.18632418669132814,
      "months": [
        6,
        7,
        8
      ]
    },
    "JAS": {
      "efp": 0.1543778000921875,
      "months": [
        7,
        8,
        9
      ]
    },
    "ASO": {
      "efp": 0.17366100969768514,
      "months": [
        8,
        9,
        10
      ]
    },
    "SON": {
      "efp": 0.1550798682210931,