{
  "efp_nh": {
    "DJF": {
      "efp": 0.2599277361890962,
      "months": [
        12,
        1,
        2
      ]
    },
    "JFM": {
      "efp": 0.31259787798914573,
      "months": [
        1,
        2,
        3
      ]
    },
    "FMA": {
      "efp": 0.2506814608243984,
      "months": [
        2,
        3,
        4
      ]
    },
    "MAM": {
      "efp": 0.21639031602327558,
      "months": [
        3,
        4,
        5
      ]
    },
    "AMJ": {
      "efp": 0.19626686759336784,
      "months": [
        4,
        5,
        6
      ]
    },
    "MJJ": {
      "efp": 0.18069067278725814,
      "months": [
        5,
        6,
        7
      ]
    },
    "JJA": {
      "efp": 0.1426695533249312,
      "months": [
        6,
        7,
        8
      ]
    },
    "JAS": {
      "efp": 0.1126222858940269,
      "months": [
        7,
        8,
        9
      ]
    },
    "ASO": {
      "efp": 0.1057855339395086,
      "months": [
        8,
        9,
        10
      ]
    },
    "SON": {
      "efp": 0.1199097988973532,
      "months": [
        9,
        10,
        11
      ]
    },
    "OND": {
      "efp": 0.14516147647122066,
      "months": [
        10,
        11,
        12
      ]
    },
    "NDJ": {
      "efp": 0.16037130138010042,
      "months": [
        11,
        12,
        1
      ]
    }
  },
  "efp_nh_123": {
    "DJF": {
      "efp": 0.12291794971152677,
      "months": [
        12,
        1,
        2
      ]
    },
    "JFM": {
      "efp": 0.11817677627159089,
      "months": [
        1,
        2,
        3
      ]
    },
    "FMA": {
      "efp": 0.0783586436490923,
      "months": [
        2,
        3,
        4
      ]
    },
    "MAM": {
      "efp": 0.055518011632429226,
      "months": [
        3,
        4,
        5
      ]
    },
    "AMJ": {
      "efp": 0.04031642789917471,
      "months": [
        4,
        5,
        6
      ]
    },
    "MJJ": {
      "efp": 0.0251283438208093,
      "months": [
        5,
        6,
        7
      ]
    },
    "JJA": {
      "efp": 0.021384008185425924,
      "months": [
        6,
        7,
        8
      ]
    },
    "JAS": {
      "efp": 0.02194155468569182,
      "months": [
        7,
        8,
        9
      ]
    },
    "ASO": {
      "efp": 0.021024876937546653,
      "months": [
        8,
        9,
        10
      ]
    },
    "SON": {
      "efp": 0.03565427751812716,
      "months": [
        9,
        10,
        11
      ]
    },
    "OND": {
      "efp": 0.049090941078122945,
      "months": [
        10,
        11,
        12
      ]
    },
    "NDJ": {
      "efp": 0.06502619170529735,
      "months": [
        11,
        12,
        1
      ]
    }
  },
  "efp_nh_gt3": {
    "DJF": {
      "efp": 0.11574098432242134,
      "months": [
        12,
        1,
        2
      ]
    },
    "JFM": {
      "efp": 0.1736947145475703,
      "months": [
        1,
        2,
        3
      ]
    },
    "FMA": {
      "efp": 0.14846631887176556,
      "months": [
        2,
        3,
        4
      ]
    },
    "MAM": {
      "efp": 0.1334516428821111,
      "months": [
        3,
        4,
        5
      ]
    },
    "AMJ": {
      "efp": 0.11608114203285641,
      "months": [
        4,
        5,
        6
      ]
    },
    "MJJ": {
      "efp": 0.11189957820544094,
      "months": [
        5,
        6,
        7
      ]
    },
    "JJA": {
      "efp": 0.09882940577869827,
      "months": [
        6,
        7,
        8
      ]
    },
    "JAS": {
      "efp": 0.07054492549987866,
      "months": [
        7,
        8,
        9
      ]
    },
    "ASO": {
      "efp": 0.0719219592875398,
      "months": [
        8,
        9,
        10
      ]
    },
    "SON": {
      "efp": 0.06680864304071508,
      "months": [
        9,
        10,
        11
      ]
    },
    "OND": {
      "efp": 0.07285427017553887,
      "months": [
        10,
        11,
        12
      ]
    },
    "NDJ": {
      "efp": 0.08291337662617039,
      "months": [
        11,
        12,
        1
      ]
    }
  },
  "efp_sh": {
    "DJF": {
      "efp": 0.1860183465143494,
      "months": [
        12,
        1,
        2
      ]
    },
    "JFM": {
      "efp": 0.14456098123309133,
      "months": [
        1,
        2,
        3
      ]
    },
    "FMA": {
      "efp": 0.12424502363963319,
      "months": [
        2,
        3,
        4
      ]
    },
    "MAM": {
      "efp": 0.16646373151541546,
      "months": [
        3,
        4,
        5
      ]
    },
    "AMJ": {
      "efp": 0.19665440336110634,
      "months": [
        4,
        5,
        6
      ]
    },
    "MJJ": {
      "efp": 0.26230159602692477,
      "months": [
        5,
        6,
        7
      ]
    },
    "JJA": {
      "efp": 0.26565491929201535,
      "months": [
        6,
        7,
        8
      ]
    },
    "JAS": {
      "efp": 0.26260419234523813,
      "months": [
        7,
        8,
        9
      ]
    },
    "ASO": {
      "efp": 0.2486501719375806,
      "months": [
        8,
        9,
        10
      ]
    },
    "SON": {
      "efp": 0.2585500043106739,
      "months": [
        9,
        10,
        11
      ]
    },
    "OND": {
      "efp": 0.25652415032913617,
      "months": [
        10,
        11,
        12
      ]
    },
    "NDJ": {
      "efp": 0.23165419009136054,
      "months": [
        11,
        12,
        1
      ]
    }
  },
  "efp_sh_123": {
    "DJF": {
      "efp": 0.026785456982307984,
      "months": [
        12,
        1,
        2
      ]
    },
    "JFM": {
      "efp": 0.039735224576229834,
      "months": [
        1,
        2,
        3
      ]
    },
    "FMA": {
      "efp": 0.030615992737843958,
      "months": [
        2,
        3,
        4
      ]
    },
    "MAM": {
      "efp": 0.022356574224160507,
      "months": [
        3,
        4,
        5
      ]
    },
    "AMJ": {
      "efp": 0.01804398443603129,
      "months": [
        4,
        5,
        6
      ]
    },
    "MJJ": {
      "efp": 0.012981128967364674,
      "months": [
        5,
        6,
        7
      ]
    },
    "JJA": {
      "efp": 0.01852190748842726,
      "months": [
        6,
        7,
        8
      ]
    },
    "JAS": {
      "efp": 0.01744017238081246,
      "months": [
        7,
        8,
        9
      ]
    },
    "ASO": {
      "efp": 0.020427726468668018,
      "months": [
        8,
        9,
        10
      ]
    },
    "SON": {
      "efp": 0.011937526383487967,
      "months": [
        9,
        10,
        11
      ]
    },
    "OND": {
      "efp": 0.024200619226953716,
      "months": [
        10,
        11,
        12
      ]
    },
    "NDJ": {
      "efp": 0.04297748812031999,
      "months": [
        11,
        12,
        1
      ]
    }
  },
  "efp_sh_gt3": {
    "DJF": {
      "efp": 0.13923911359132365,
      "months": [
        12,
        1,
        2
      ]
    },
    "JFM": {
      "efp": 0.10877524565036942,
      "months": [
        1,
        2,
        3
      ]
    },
    "FMA": {
      "efp": 0.10287039714720313,
      "months": [
        2,
        3,
        4
      ]
    },
    "MAM": {
      "efp": 0.14614042762776,
      "months": [
        3,
        4,
        5
      ]
    },
    "AMJ": {
      "efp": 0.14463243495523742,
      "months": [
        4,
        5,
        6
      ]
    },
    "MJJ": {
      "efp": 0.1875001598705063,
      "months": [
        5,
        6,
        7
      ]
    },
    "JJA": {
      "efp": 0.18637333595314973,
      "months": [
        6,
        7,
        8
      ]
    },
    "JAS": {
      "efp": 0.1865270506280665,
      "months": [
        7,
        8,
        9
      ]
    },
    "ASO": {
      "efp": 0.18986464573333187,
      "months": [
        8,
        9,
        10
      ]
    },
    "SON": {
      "efp": 0.1810362287342145,