{
  "efp_nh": {
    "DJF": {
      "efp": 0.29385523981513934,
      "months": [
        12,
        1,
        2
      ]
    },
    "JFM": {
      "efp": 0.2569320078423308,
      "months": [
        1,
        2,
        3
      ]
    },
    "FMA": {
      "efp": 0.25402169593891705,
      "months": [
        2,
        3,
        4
      ]
    },
    "MAM": {
      "efp": 0.22812372224140717,
      "months": [
        3,
        4,
        5
      ]
    },
    "AMJ": {
      "efp": 0.20664905212278975,
      "months": [
        4,
        5,
        6
      ]
    },
    "MJJ": {
      "efp": 0.23628553779605097,
      "months": [
        5,
        6,
        7
      ]
    },
    "JJA": {
      "efp": 0.18445476445918826,
      "months": [
        6,
        7,
        8
      ]
    },
    "JAS": {
      "efp": 0.17407019233176788,
      "months": [
        7,
        8,
        9
      ]
    },
    "ASO": {
      "efp": 0.1496458246923397,
      "months": [
        8,
        9,
        10
      ]
    },
    "SON": {
      "efp": 0.20267234964723937,
      "months": [
        9,
        10,
        11
      ]
    },
    "OND": {
      "efp": 0.2078870574079646,
      "months": [
        10,
        11,
        12
      ]
    },
    "NDJ": {
      "efp": 0.24965454896524666,
      "months": [
        11,
        12,
        1
      ]
    }
  },
  "efp_nh_123": {
    "DJF": {
      "efp": 0.07813953659707566,
      "months": [
        12,
        1,
        2
      ]
    },
    "JFM": {
      "efp": 0.07406244863289242,
      "months": [
        1,
        2,
        3
      ]
    },
    "FMA": {
      "efp": 0.0722481315664513,
      "months": [
        2,
        3,
        4
      ]
    },
    "MAM": {
      "efp": 0.054792367521129835,
      "months": [
        3,
        4,
        5
      ]
    },
    "AMJ": {
      "efp": 0.052411752689852764,
      "months": [
        4,
        5,
        6
      ]
    },
    "MJJ": {
      "efp": 0.0567927767002871,
      "months": [
        5,
        6,
        7
      ]
    },
    "JJA": {
      "efp": 0.01930442932183759,
      "months": [
        6,
        7,
        8
      ]
    },
    "JAS": {
      "efp": 0.02568788323159783,
      "months": [
        7,
        8,
        9
      ]
    },
    "ASO": {
      "efp": 0.03753390405624046,
      "months": [
        8,
        9,
        10
      ]
    },
    "SON": {
      "efp": 0.03463167900017214,
      "months": [
        9,
        10,
        11
      ]
    },
    "OND": {
      "efp": 0.04795606784376524,
      "months": [
        10,
        11,
        12
      ]
    },
    "NDJ": {
      "efp": 0.07977129433943166,
      "months": [
        11,
        12,
        1
      ]
    }
  },
  "efp_nh_gt3": {
    "DJF": {
      "efp": 0.1952253849376036,
      "months": [
        12,
        1,
        2
      ]
    },
    "JFM": {
      "efp": 0.1332693077601687,
      "months": [
        1,
        2,
        3
      ]
    },
    "FMA": {
      "efp": 0.14326449377690537,
      "months": [
        2,
        3,
        4
      ]
    },
    "MAM": {
      "efp": 0.14923375413783274,
      "months": [
        3,
        4,
        5
      ]
    },
    "AMJ": {
      "efp": 0.14953695044937151,
      "months": [
        4,
        5,
        6
      ]
    },
    "MJJ": {
      "efp": 0.12677770746492875,
      "months": [
        5,
        6,
        7
      ]
    },
    "JJA": {
      "efp": 0.11436895507849447,
      "months": [
        6,
        7,
        8
      ]
    },
    "JAS": {
      "efp": 0.13902776373190906,
      "months": [
        7,
        8,
        9
      ]
    },
    "ASO": {
      "efp": 0.10517103943662748,
      "months": [
        8,
        9,
        10
      ]
    },
    "SON": {
      "efp": 0.16031101020720565,
      "months": [
        9,
        10,
        11
      ]
    },
    "OND": {
      "efp": 0.1629772102352118,
      "months": [
        10,
        11,
        12
      ]
    },
    "NDJ": {
      "efp": 0.16148847429122562,
      "months": [
        11,
        12,
        1
      ]
    }
  },
  "efp_sh": {
    "DJF": {
      "efp": 0.2515787742069427,
      "months": [
        12,
        1,
        2
      ]
    },
    "JFM": {
      "efp": 0.23133789107643382,
      "months": [
        1,
        2,
        3
      ]
    },
    "FMA": {
      "efp": 0.18159337644602086,
      "months": [
        2,
        3,
        4
      ]
    },
    "MAM": {
      "efp": 0.22553896384943886,
      "months": [
        3,
        4,
        5
      ]
    },
    "AMJ": {
      "efp": 0.29376857047091737,
      "months": [
        4,
        5,
        6
      ]
    },
    "MJJ": {
      "efp": 0.3577736557825448,
      "months": [
        5,
        6,
        7
      ]
    },
    "JJA": {
      "efp": 0.3721149750729592,
      "months": [
        6,
        7,
        8
      ]
    },
    "JAS": {
      "efp": 0.391389512942546,
      "months": [
        7,
        8,
        9
      ]
    },
    "ASO": {
      "efp": 0.31740443980346833,
      "months": [
        8,
        9,
        10
      ]
    },
    "SON": {
      "efp": 0.28987408340024423,
      "months": [
        9,
        10,
        11
      ]
    },
    "OND": {
      "efp": 0.2758742045744696,
      "months": [
        10,
        11,
        12
      ]
    },
    "NDJ": {
      "efp": 0.17555211384166208,
      "months": [
        11,
        12,
        1
      ]
    }
  },
  "efp_sh_123": {
    "DJF": {
      "efp": 0.06893913897896915,
      "months": [
        12,
        1,
        2
      ]
    },
    "JFM": {
      "efp": 0.05844333025871508,
      "months": [
        1,
        2,
        3
      ]
    },
    "FMA": {
      "efp": 0.042445660769960515,
      "months": [
        2,
        3,
        4
      ]
    },
    "MAM": {
      "efp": 0.03343742402986155,
      "months": [
        3,
        4,
        5
      ]
    },
    "AMJ": {
      "efp": 0.03715246272080463,
      "months": [
        4,
        5,
        6
      ]
    },
    "MJJ": {
      "efp": 0.0369532970328881,
      "months": [
        5,
        6,
        7
      ]
    },
    "JJA": {
      "efp": 0.05265753031322066,
      "months": [
        6,
        7,
        8
      ]
    },
    "JAS": {
      "efp": 0.03487535142827956,
      "months": [
        7,
        8,
        9
      ]
    },
    "ASO": {
      "efp": 0.024346231529912662,
      "months": [
        8,
        9,
        10
      ]
    },
    "SON": {
      "efp": 0.031134054405263328,
      "months": [
        9,
        10,
        11
      ]
    },
    "OND": {
      "efp": 0.02326494775332854,
      "months": [
        10,
        11,
        12
      ]
    },
    "NDJ": {
      "efp": 0.021519539166204808,
      "months": [
        11,
        12,
        1
      ]
    }
  },
  "efp_sh_gt3": {
    "DJF": {
      "efp": 0.13860116367250466,
      "months": [
        12,
        1,
        2
      ]
    },
    "JFM": {
      "efp": 0.13363013392537598,
      "months": [
        1,
        2,
        3
      ]
    },
    "FMA": {
      "efp": 0.13194393944332758,
      "months": [
        2,
        3,
        4
      ]
    },
    "MAM": {
      "efp": 0.1780913599435604,
      "months": [
        3,
        4,
        5
      ]
    },
    "AMJ": {
      "efp": 0.27658201888155026,
      "months": [
        4,
        5,
        6
      ]
    },
    "MJJ": {
      "efp": 0.29906149986200575,
      "months": [
        5,
        6,
        7
      ]
    },
    "JJA": {
      "efp": 0.2684389215281821,
      "months": [
        6,
        7,
        8
      ]
    },
    "JAS": {
      "efp": 0.29521861495025076,
      "months": [
        7,
        8,
        9
      ]
    },
    "ASO": {
      "efp": 0.23512733222682494,
      "months": [
        8,
        9,
        10
      ]
    },
    "SON": {
      "efp": 0.22731526701422688,
      "months": [
        9,
        10,
        11
      ]
    },