{
  "efp_nh": {
    "DJF": {
      "efp": 0.291649917886465,
      "months": [
        12,
        1,
        2
      ]
    },
    "JFM": {
      "efp": 0.29131780051238837,
      "months": [
        1,
        2,
        3
      ]
    },
    "FMA": {
      "efp": 0.2837616463175818,
      "months": [
        2,
        3,
        4
      ]
    },
    "MAM": {
      "efp": 0.28130645108724256,
      "months": [
        3,
        4,
        5
      ]
    },
    "AMJ": {
      "efp": 0.2484413595027168,
      "months": [
        4,
        5,
        6
      ]
    },
    "MJJ": {
      "efp": 0.1761635069095958,
      "months": [
        5,
        6,
        7
      ]
    },
    "JJA": {
      "efp": 0.14598718144969486,
      "months": [
        6,
        7,
        8
      ]
    },
    "JAS": {
      "efp": 0.11496464949197867,
      "months": [
        7,
        8,
        9
      ]
    },
    "ASO": {
      "efp": 0.1591628258366874,
      "months": [
        8,
        9,
        10
      ]
    },
    "SON": {
      "efp": 0.15383858855636295,
      "months": [
        9,
        10,
        11
      ]
    },
    "OND": {
      "efp": 0.1883979482489022,
      "months": [
        10,
        11,
        12
      ]
    },
    "NDJ": {
      "efp": 0.25083140106456403,
      "months": [
        11,
        12,
        1
      ]
    }
  },
  "efp_nh_123": {
    "DJF": {
      "efp": 0.09859194629837698,
      "months": [
        12,
        1,
        2
      ]
    },
    "JFM": {
      "efp": 0.08763975194745922,
      "months": [
        1,
        2,
        3
      ]
    },
    "FMA": {
      "efp": 0.06636735278847021,
      "months": [
        2,
        3,
        4
      ]
    },
    "MAM": {
      "efp": 0.05893405417578491,
      "months": [
        3,
        4,
        5
      ]
    },
    "AMJ": {
      "efp": 0.05406013196962271,
      "months": [
        4,
        5,
        6
      ]
    },
    "MJJ": {
      "efp": 0.02499844512623501,
      "months": [
        5,
        6,
        7
      ]
    },
    "JJA": {
      "efp": 0.03398357395808493,
      "months": [
        6,
        7,
        8
      ]
    },
    "JAS": {
      "efp": 0.028972923341122146,
      "months": [
        7,
        8,
        9
      ]
    },
    "ASO": {
      "efp": 0.02061335617876952,
      "months": [
        8,
        9,
        10
      ]
    },
    "SON": {
      "efp": 0.023443144729343234,
      "months": [
        9,
        10,
        11
      ]
    },
    "OND": {
      "efp": 0.04712673133145427,
      "months": [
        10,
        11,
        12
      ]
    },
    "NDJ": {
      "efp": 0.08060113753181093,
      "months": [
        11,
        12,
        1
      ]
    }
  },
  "efp_nh_gt3": {
    "DJF": {
      "efp": 0.16348715548511086,
      "months": [
        12,
        1,
        2
      ]
    },
    "JFM": {
      "efp": 0.1952391536173277,
      "months": [
        1,
        2,
        3
      ]
    },
    "FMA": {
      "efp": 0.20157221221087998,
      "months": [
        2,
        3,
        4
      ]
    },
    "MAM": {
      "efp": 0.18875766590114987,
      "months": [
        3,
        4,
        5
      ]
    },
    "AMJ": {
      "efp": 0.16318526826050883,
      "months": [
        4,
        5,
        6
      ]
    },
    "MJJ": {
      "efp": 0.11995075394263384,
      "months": [
        5,
        6,
        7
      ]
    },
    "JJA": {
      "efp": 0.13925437356539716,
      "months": [
        6,
        7,
        8
      ]
    },
    "JAS": {
      "efp": 0.12102063068302177,
      "months": [
        7,
        8,
        9
      ]
    },
    "ASO": {
      "efp": 0.1441860079277734,
      "months": [
        8,
        9,
        10
      ]
    },
    "SON": {
      "efp": 0.13194668843827556,
      "months": [
        9,
        10,
        11
      ]
    },
    "OND": {
      "efp": 0.11610318240554592,
      "months": [
        10,
        11,
        12
      ]
    },
    "NDJ": {
      "efp": 0.12477620121780596,
      "months": [
        11,
        12,
        1
      ]
    }
  },
  "efp_sh": {
    "DJF": {
      "efp": 0.23477028549178747,
      "months": [
        12,
        1,
        2
      ]
    },
    "JFM": {
      "efp": 0.21384086570014388,
      "months": [
        1,
        2,
        3
      ]
    },
    "FMA": {
      "efp": 0.1932094443082416,
      "months": [
        2,
        3,
        4
      ]
    },
    "MAM": {
      "efp": 0.20643456283794673,
      "months": [
        3,
        4,
        5
      ]
    },
    "AMJ": {
      "efp": 0.2664474373877181,
      "months": [
        4,
        5,
        6
      ]
    },
    "MJJ": {
      "efp": 0.3169022310372048,
      "months": [
        5,
        6,
        7
      ]
    },
    "JJA": {
      "efp": 0.30777639135663715,
      "months": [
        6,
        7,
        8
      ]
    },
    "JAS": {
      "efp": 0.319186527059715,
      "months": [
        7,
        8,
        9
      ]
    },
    "ASO": {
      "efp": 0.30891015058888055,
      "months": [
        8,
        9,
        10
      ]
    },
    "SON": {
      "efp": 0.32704358150740465,
      "months": [
        9,
        10,
        11
      ]
    },
    "OND": {
      "efp": 0.3171239202286353,
      "months": [
        10,
        11,
        12
      ]
    },
    "NDJ": {
      "efp": 0.2588252472164493,
      "months": [
        11,
        12,
        1
      ]
    }
  },
  "efp_sh_123": {
    "DJF": {
      "efp": 0.023910780094520138,
      "months": [
        12,
        1,
        2
      ]
    },
    "JFM": {
      "efp": 0.0428366729209795,
      "months": [
        1,
        2,
        3
      ]
    },
    "FMA": {
      "efp": 0.038146057889974196,
      "months": [
        2,
        3,
        4
      ]
    },
    "MAM": {
      "efp": 0.019126931586720634,
      "months": [
        3,
        4,
        5
      ]
    },
    "AMJ": {
      "efp": 0.0040914539396310085,
      "months": [
        4,
        5,
        6
      ]
    },
    "MJJ": {
      "efp": 0.014308598147676727,
      "months": [
        5,
        6,
        7
      ]
    },
    "JJA": {
      "efp": 0.01435125265043787,
      "months": [
        6,
        7,
        8
      ]
    },
    "JAS": {
      "efp": 0.013857153755876804,
      "months": [
        7,
        8,
        9
      ]
    },
    "ASO": {
      "efp": 0.007777196643635679,
      "months": [
        8,
        9,
        10
      ]
    },
    "SON": {
      "efp": 0.024152533115001127,
      "months": [
        9,
        10,
        11
      ]
    },
    "OND": {
      "efp": 0.019578716810839638,
      "months": [
        10,
        11,
        12
      ]
    },
    "NDJ": {
      "efp": 0.020894731993231056,
      "months": [
        11,
        12,
        1
      ]
    }
  },
  "efp_sh_gt3": {
    "DJF": {
      "efp": 0.19613088878312013,
      "months": [
        12,
        1,
        2
      ]
    },
    "JFM": {
      "efp": 0.19419821727049502,
      "months": [
        1,
        2,
        3
      ]
    },
    "FMA": {
      "efp": 0.1886760691371438,
      "months": [
        2,
        3,
        4
      ]
    },
    "MAM": {
      "efp": 0.17331845050673014,
      "months": [
        3,
        4,
        5
      ]
    },
    "AMJ": {
      "efp": 0.19071809104851634,
      "months": [
        4,
        5,
        6
      ]
    },
    "MJJ": {
      "efp": 0.23829217703355832,
      "months": [
        5,
        6,
        7
      ]
    },
    "JJA": {
      "efp": 0.250378893011105,
      "months": [
        6,
        7,
        8
      ]
    },
    "JAS": {
      "efp": 0.2515519542618136,
      "months": [
        7,
        8,
        9
      ]
    },
    "ASO": {
      "efp": 0.23834490471147976,
      "months": [
        8,
        9,
        10
      ]
    },
    "SON": {
      "efp": 0.22763926186374037,