{
  "efp_nh": {
    "DJF": {
      "efp": 0.3017733626132093,
      "months": [
        12,
        1,
        2
      ]
    },
    "JFM": {
      "efp": 0.2724065731397345,
      "months": [
        1,
        2,
        3
      ]
    },
    "FMA": {
      "efp": 0.2470751799393235,
      "months": [
        2,
        3,
        4
      ]
    },
    "MAM": {
      "efp": 0.22910681281957637,
      "months": [
        3,
        4,
        5
      ]
    },
    "AMJ": {
      "efp": 0.2249848834007586,
      "months": [
        4,
        5,
        6
      ]
    },
    "MJJ": {
      "efp": 0.2204588717468671,
      "months": [
        5,
        6,
        7
      ]
    },
    "JJA": {
      "efp": 0.17485087196999125,
      "months": [
        6,
        7,
        8
      ]
    },
    "JAS": {
      "efp": 0.15409871915632453,
      "months": [
        7,
        8,
        9
      ]
    },
    "ASO": {
      "efp": 0.13004974249823262,
      "months": [
        8,
        9,
        10
      ]
    },
    "SON": {
      "efp": 0.16776949540537495,
      "months": [
        9,
        10,
        11
      ]
    },
    "OND": {
      "efp": 0.16829305699470837,
      "months": [
        10,
        11,
        12
      ]
    },
    "NDJ": {
      "efp": 0.24222063450726966,
      "months": [
        11,
        12,
        1
      ]
    }
  },
  "efp_nh_123": {
    "DJF": {
      "efp": 0.075419525873307,
      "months": [
        12,
        1,
        2
      ]
    },
    "JFM": {
      "efp": 0.07861084367345779,
      "months": [
        1,
        2,
        3
      ]
    },
    "FMA": {
      "efp": 0.07405225753271892,
      "months": [
        2,
        3,
        4
      ]
    },
    "MAM": {
      "efp": 0.05718905545567011,
      "months": [
        3,
        4,
        5
      ]
    },
    "AMJ": {
      "efp": 0.046324859673050126,
      "months": [
        4,
        5,
        6
      ]
    },
    "MJJ": {
      "efp": 0.041728869647432484,
      "months": [
        5,
        6,
        7
      ]
    },
    "JJA": {
      "efp": 0.023080072592149992,
      "months": [
        6,
        7,
        8
      ]
    },
    "JAS": {
      "efp": 0.02666012673937296,
      "months": [
        7,
        8,
        9
      ]
    },
    "ASO": {
      "efp": 0.030442631253472834,
      "months": [
        8,
        9,
        10
      ]
    },
    "SON": {
      "efp": 0.04157046891881033,
      "months": [
        9,
        10,
        11
      ]
    },
    "OND": {
      "efp": 0.038589013044342826,
      "months": [
        10,
        11,
        12
      ]
    },
    "NDJ": {
      "efp": 0.06923924308881738,
      "months": [
        11,
        12,
        1
      ]
    }
  },
  "efp_nh_gt3": {
    "DJF": {
      "efp": 0.18986783137796287,
      "months": [
        12,
        1,
        2
      ]
    },
    "JFM": {
      "efp": 0.13287958912660786,
      "months": [
        1,
        2,
        3
      ]
    },
    "FMA": {
      "efp": 0.14785515816617065,
      "months": [
        2,
        3,
        4
      ]
    },
    "MAM": {
      "efp": 0.15180218089297567,
      "months": [
        3,
        4,
        5
      ]
    },
    "AMJ": {
      "efp": 0.1629962407768507,
      "months": [
        4,
        5,
        6
      ]
    },
    "MJJ": {
      "efp": 0.14184401333313276,
      "months": [
        5,
        6,
        7
      ]
    },
    "JJA": {
      "efp": 0.09974470273648305,
      "months": [
        6,
        7,
        8
      ]
    },
    "JAS": {
      "efp": 0.10199230786622983,
      "months": [
        7,
        8,
        9
      ]
    },
    "ASO": {
      "efp": 0.08656695683481837,
      "months": [
        8,
        9,
        10
      ]
    },
    "SON": {
      "efp": 0.12223580549482073,
      "months": [
        9,
        10,
        11
      ]
    },
    "OND": {
      "efp": 0.11894356902461242,
      "months": [
        10,
        11,
        12
      ]
    },
    "NDJ": {
      "efp": 0.15219261439869045,
      "months": [
        11,
        12,
        1
      ]
    }
  },
  "efp_sh": {
    "DJF": {
      "efp": 0.1918667631168602,
      "months": [
        12,
        1,
        2
      ]
    },
    "JFM": {
      "efp": 0.2171160298569327,
      "months": [
        1,
        2,
        3
      ]
    },
    "FMA": {
      "efp": 0.19025189291717173,
      "months": [
        2,
        3,
        4
      ]
    },
    "MAM": {
      "efp": 0.2023696548679162,
      "months": [
        3,
        4,
        5
      ]
    },
    "AMJ": {
      "efp": 0.2904999367227822,
      "months": [
        4,
        5,
        6
      ]
    },
    "MJJ": {
      "efp": 0.33299881029007183,
      "months": [
        5,
        6,
        7
      ]
    },
    "JJA": {
      "efp": 0.37128312337053226,
      "months": [
        6,
        7,
        8
      ]
    },
    "JAS": {
      "efp": 0.3797991043860423,
      "months": [
        7,
        8,
        9
      ]
    },
    "ASO": {
      "efp": 0.3308636843877352,
      "months": [
        8,
        9,
        10
      ]
    },
    "SON": {
      "efp": 0.30514299271822287,
      "months": [
        9,
        10,
        11
      ]
    },
    "OND": {
      "efp": 0.29709326560632376,
      "months": [
        10,
        11,
        12
      ]
    },
    "NDJ": {
      "efp": 0.22555250595351573,
      "months": [
        11,
        12,
        1
      ]
    }
  },
  "efp_sh_123": {
    "DJF": {
      "efp": 0.03735559341574688,
      "months": [
        12,
        1,
        2
      ]
    },
    "JFM": {
      "efp": 0.04046007164955905,
      "months": [
        1,
        2,
        3
      ]
    },
    "FMA": {
      "efp": 0.035917095467071836,
      "months": [
        2,
        3,
        4
      ]
    },
    "MAM": {
      "efp": 0.030660011660567046,
      "months": [
        3,
        4,
        5
      ]
    },
    "AMJ": {
      "efp": 0.022508282502060762,
      "months": [
        4,
        5,
        6
      ]
    },
    "MJJ": {
      "efp": 0.03159462849431966,
      "months": [
        5,
        6,
        7
      ]
    },
    "JJA": {
      "efp": 0.038152506784076806,
      "months": [
        6,
        7,
        8
      ]
    },
    "JAS": {
      "efp": 0.033243019557829274,
      "months": [
        7,
        8,
        9
      ]
    },
    "ASO": {
      "efp": 0.033993933342525366,
      "months": [
        8,
        9,
        10
      ]
    },
    "SON": {
      "efp": 0.040768959289791906,
      "months": [
        9,
        10,
        11
      ]
    },
    "OND": {
      "efp": 0.029856045225374366,
      "months": [
        10,
        11,
        12
      ]
    },
    "NDJ": {
      "efp": 0.024627743624447196,
      "months": [
        11,
        12,
        1
      ]
    }
  },
  "efp_sh_gt3": {
    "DJF": {
      "efp": 0.1251417529815207,
      "months": [
        12,
        1,
        2
      ]
    },
    "JFM": {
      "efp": 0.13337985456911175,
      "months": [
        1,
        2,
        3
      ]
    },
    "FMA": {
      "efp": 0.13785218129256296,
      "months": [
        2,
        3,
        4
      ]
    },
    "MAM": {
      "efp": 0.1624166813083382,
      "months": [
        3,
        4,
        5
      ]
    },
    "AMJ": {
      "efp": 0.22758138590439134,
      "months": [
        4,
        5,
        6
      ]
    },
    "MJJ": {
      "efp": 0.247933872787171,
      "months": [
        5,
        6,
        7
      ]
    },
    "JJA": {
      "efp": 0.2706240111924916,
      "months": [
        6,
        7,
        8
      ]
    },
    "JAS": {
      "efp": 0.2941374483874284,
      "months": [
        7,
        8,
        9
      ]
    },
    "ASO": {
      "efp": 0.28266423347724057,
      "months": [
        8,
        9,
        10
      ]
    },
    "SON": {
      "efp": 0.266725305219244,