{
  "efp_nh": {
    "DJF": {
      "efp": 0.2639021441743416,
      "months": [
        12,
        1,
        2
      ]
    },
    "JFM": {
      "efp": 0.32768842900351786,
      "months": [
        1,
        2,
        3
      ]
    },
    "FMA": {
      "efp": 0.2984186729011351,
      "months": [
        2,
        3,
        4
      ]
    },
    "MAM": {
      "efp": 0.2687109866140441,
      "months": [
        3,
        4,
        5
      ]
    },
    "AMJ": {
      "efp": 0.1505864999880601,
      "months": [
        4,
        5,
        6
      ]
    },
    "MJJ": {
      "efp": 0.10943344733207287,
      "months": [
        5,
        6,
        7
      ]
    },
    "JJA": {
      "efp": 0.10780722527416327,
      "months": [
        6,
        7,
        8
      ]
    },
    "JAS": {
      "efp": 0.0682932786988892,
      "months": [
        7,
        8,
        9
      ]
    },
    "ASO": {
      "efp": 0.0867739322238375,
      "months": [
        8,
        9,
        10
      ]
    },
    "SON": {
      "efp": 0.1160662466438601,
      "months": [
        9,
        10,
        11
      ]
    },
    "OND": {
      "efp": 0.1754791121391132,
      "months": [
        10,
        11,
        12
      ]
    },
    "NDJ": {
      "efp": 0.23724063154651168,
      "months": [
        11,
        12,
        1
      ]
    }
  },
  "efp_nh_123": {
    "DJF": {
      "efp": 0.08820227258517119,
      "months": [
        12,
        1,
        2
      ]
    },
    "JFM": {
      "efp": 0.07135232700238593,
      "months": [
        1,
        2,
        3
      ]
    },
    "FMA": {
      "efp": 0.08319658504927299,
      "months": [
        2,
        3,
        4
      ]
    },
    "MAM": {
      "efp": 0.05855902417894644,
      "months": [
        3,
        4,
        5
      ]
    },
    "AMJ": {
      "efp": 0.06160405513774815,
      "months": [
        4,
        5,
        6
      ]
    },
    "MJJ": {
      "efp": 0.033962476619251745,
      "months": [
        5,
        6,
        7
      ]
    },
    "JJA": {
      "efp": 0.027417470171296827,
      "months": [
        6,
        7,
        8
      ]
    },
    "JAS": {
      "efp": 0.037691833064962835,
      "months": [
        7,
        8,
        9
      ]
    },
    "ASO": {
      "efp": 0.043842708391505385,
      "months": [
        8,
        9,
        10
      ]
    },
    "SON": {
      "efp": 0.023395641756355456,
      "months": [
        9,
        10,
        11
      ]
    },
    "OND": {
      "efp": 0.044574932655723216,
      "months": [
        10,
        11,
        12
      ]
    },
    "NDJ": {
      "efp": 0.058998563501395235,
      "months": [
        11,
        12,
        1
      ]
    }
  },
  "efp_nh_gt3": {
    "DJF": {
      "efp": 0.13783237828369907,
      "months": [
        12,
        1,
        2
      ]
    },
    "JFM": {
      "efp": 0.19947945671736328,
      "months": [
        1,
        2,
        3
      ]
    },
    "FMA": {
      "efp": 0.17789935660698847,
      "months": [
        2,
        3,
        4
      ]
    },
    "MAM": {
      "efp": 0.2070144703446821,
      "months": [
        3,
        4,
        5
      ]
    },
    "AMJ": {
      "efp": 0.1099006687991621,
      "months": [
        4,
        5,
        6
      ]
    },
    "MJJ": {
      "efp": 0.06254668374759254,
      "months": [
        5,
        6,
        7
      ]
    },
    "JJA": {
      "efp": 0.08120135091912277,
      "months": [
        6,
        7,
        8
      ]
    },
    "JAS": {
      "efp": 0.06520935105572458,
      "months": [
        7,
        8,
        9
      ]
    },
    "ASO": {
      "efp": 0.09570885085885437,
      "months": [
        8,
        9,
        10
      ]
    },
    "SON": {
      "efp": 0.08543874469485631,
      "months": [
        9,
        10,
        11
      ]
    },
    "OND": {
      "efp": 0.14263661199995803,
      "months": [
        10,
        11,
        12
      ]
    },
    "NDJ": {
      "efp": 0.13361512378164872,
      "months": [
        11,
        12,
        1
      ]
    }
  },
  "efp_sh": {
    "DJF": {
      "efp": 0.17902064955632768,
      "months": [
        12,
        1,
        2
      ]
    },
    "JFM": {
      "efp": 0.16034657567161123,
      "months": [
        1,
        2,
        3
      ]
    },
    "FMA": {
      "efp": 0.16218720593779332,
      "months": [
        2,
        3,
        4
      ]
    },
    "MAM": {
      "efp": 0.17832207589720123,
      "months": [
        3,
        4,
        5
      ]
    },
    "AMJ": {
      "efp": 0.2541733737275436,
      "months": [
        4,
        5,
        6
      ]
    },
    "MJJ": {
      "efp": 0.29350346777908887,
      "months": [
        5,
        6,
        7
      ]
    },
    "JJA": {
      "efp": 0.37296136823521187,
      "months": [
        6,
        7,
        8
      ]
    },
    "JAS": {
      "efp": 0.40383890236284825,
      "months": [
        7,
        8,
        9
      ]
    },
    "ASO": {
      "efp": 0.4202221399634419,
      "months": [
        8,
        9,
        10
      ]
    },
    "SON": {
      "efp": 0.33794355753576844,
      "months": [
        9,
        10,
        11
      ]
    },
    "OND": {
      "efp": 0.28438079197448274,
      "months": [
        10,
        11,
        12
      ]
    },
    "NDJ": {
      "efp": 0.22330938560936792,
      "months": [
        11,
        12,
        1
      ]
    }
  },
  "efp_sh_123": {
    "DJF": {
      "efp": 0.07258633976591403,
      "months": [
        12,
        1,
        2
      ]
    },
    "JFM": {
      "efp": 0.07314226961259114,
      "months": [
        1,
        2,
        3
      ]
    },
    "FMA": {
      "efp": 0.07751641344047444,
      "months": [
        2,
        3,
        4
      ]
    },
    "MAM": {
      "efp": 0.07346122016025412,
      "months": [
        3,
        4,
        5
      ]
    },
    "AMJ": {
      "efp": 0.049042852474386445,
      "months": [
        4,
        5,
        6
      ]
    },
    "MJJ": {
      "efp": 0.041148143124452696,
      "months": [
        5,
        6,
        7
      ]
    },
    "JJA": {
      "efp": 0.05137416960649927,
      "months": [
        6,
        7,
        8
      ]
    },
    "JAS": {
      "efp": 0.07317824545940481,
      "months": [
        7,
        8,
        9
      ]
    },
    "ASO": {
      "efp": 0.09979831864764221,
      "months": [
        8,
        9,
        10
      ]
    },
    "SON": {
      "efp": 0.06054016569280072,
      "months": [
        9,
        10,
        11
      ]
    },
    "OND": {
      "efp": 0.03497391652642002,
      "months": [
        10,
        11,
        12
      ]
    },
    "NDJ": {
      "efp": 0.10979784756622185,
      "months": [
        11,
        12,
        1
      ]
    }
  },
  "efp_sh_gt3": {
    "DJF": {
      "efp": 0.15074262305753283,
      "months": [
        12,
        1,
        2
      ]
    },
    "JFM": {
      "efp": 0.10386709109501989,
      "months": [
        1,
        2,
        3
      ]
    },
    "FMA": {
      "efp": 0.13461187048712947,
      "months": [
        2,
        3,
        4
      ]
    },
    "MAM": {
      "efp": 0.20001792083166783,
      "months": [
        3,
        4,
        5
      ]
    },
    "AMJ": {
      "efp": 0.22419049587365095,
      "months": [
        4,
        5,
        6
      ]
    },
    "MJJ": {
      "efp": 0.25346735395083164,
      "months": [
        5,
        6,
        7
      ]
    },
    "JJA": {
      "efp": 0.3182367659411697,
      "months": [
        6,
        7,
        8
      ]
    },
    "JAS": {
      "efp": 0.35225435640910685,
      "months": [
        7,
        8,
        9
      ]
    },
    "ASO": {
      "efp": 0.3478152121903781,
      "months": [
        8,
        9,
        10
      ]
    },
    "SON": {
      "efp": 0.2708487399652108,