{
  "efp_nh": {
    "DJF": {
      "efp": 0.31172085152822493,
      "months": [
        12,
        1,
        2
      ]
    },
    "JFM": {
      "efp": 0.2143243218583855,
      "months": [
        1,
        2,
        3
      ]
    },
    "FMA": {
      "efp": 0.15065163788776528,
      "months": [
        2,
        3,
        4
      ]
    },
    "MAM": {
      "efp": 0.2506263045058592,
      "months": [
        3,
        4,
        5
      ]
    },
    "AMJ": {
      "efp": 0.2957917136519043,
      "months": [
        4,
        5,
        6
      ]
    },
    "MJJ": {
      "efp": 0.24910242142644637,
      "months": [
        5,
        6,
        7
      ]
    },
    "JJA": {
      "efp": 0.15704754990017453,
      "months": [
        6,
        7,
        8
      ]
    },
    "JAS": {
      "efp": 0.19549396803350924,
      "months": [
        7,
        8,
        9
      ]
    },
    "ASO": {
      "efp": 0.151322476301197,
      "months": [
        8,
        9,
        10
      ]
    },
    "SON": {
      "efp": 0.20717318499180093,
      "months": [
        9,
        10,
        11
      ]
    },
    "OND": {
      "efp": 0.2604727089947233,
      "months": [
        10,
        11,
        12
      ]
    },
    "NDJ": {
      "efp": 0.3374583496566641,
      "months": [
        11,
        12,
        1
      ]
    }
  },
  "efp_nh_123": {
    "DJF": {
      "efp": 0.12563914241630392,
      "months": [
        12,
        1,
        2
      ]
    },
    "JFM": {
      "efp": 0.05077868101815708,
      "months": [
        1,
        2,
        3
      ]
    },
    "FMA": {
      "efp": 0.06778947661476453,
      "months": [
        2,
        3,
        4
      ]
    },
    "MAM": {
      "efp": 0.05945935975800627,
      "months": [
        3,
        4,
        5
      ]
    },
    "AMJ": {
      "efp": 0.07487497887124867,
      "months": [
        4,
        5,
        6
      ]
    },
    "MJJ": {
      "efp": 0.08529209744689416,
      "months": [
        5,
        6,
        7
      ]
    },
    "JJA": {
      "efp": 0.0739860928751256,
      "months": [
        6,
        7,
        8
      ]
    },
    "JAS": {
      "efp": 0.1006510822919899,
      "months": [
        7,
        8,
        9
      ]
    },
    "ASO": {
      "efp": 0.04023128545851504,
      "months": [
        8,
        9,
        10
      ]
    },
    "SON": {
      "efp": 0.05155539359825394,
      "months": [
        9,
        10,
        11
      ]
    },
    "OND": {
      "efp": 0.09133090877334482,
      "months": [
        10,
        11,
        12
      ]
    },
    "NDJ": {
      "efp": 0.1054128963215587,
      "months": [
        11,
        12,
        1
      ]
    }
  },
  "efp_nh_gt3": {
    "DJF": {
      "efp": 0.1813323649699819,
      "months": [
        12,
        1,
        2
      ]
    },
    "JFM": {
      "efp": 0.16768767066036683,
      "months": [
        1,
        2,
        3
      ]
    },
    "FMA": {
      "efp": 0.10403208375105982,
      "months": [
        2,
        3,
        4
      ]
    },
    "MAM": {
      "efp": 0.1803569016578203,
      "months": [
        3,
        4,
        5
      ]
    },
    "AMJ": {
      "efp": 0.18113452419939183,
      "months": [
        4,
        5,
        6
      ]
    },
    "MJJ": {
      "efp": 0.15869334508180555,
      "months": [
        5,
        6,
        7
      ]
    },
    "JJA": {
      "efp": 0.12520258255789,
      "months": [
        6,
        7,
        8
      ]
    },
    "JAS": {
      "efp": 0.1509652013618202,
      "months": [
        7,
        8,
        9
      ]
    },
    "ASO": {
      "efp": 0.1145565877302601,
      "months": [
        8,
        9,
        10
      ]
    },
    "SON": {
      "efp": 0.15271296320780026,
      "months": [
        9,
        10,
        11
      ]
    },
    "OND": {
      "efp": 0.1690267644118421,
      "months": [
        10,
        11,
        12
      ]
    },
    "NDJ": {
      "efp": 0.2306917912753403,
      "months": [
        11,
        12,
        1
      ]
    }
  },
  "efp_sh": {
    "DJF": {
      "efp": 0.27242638732513536,
      "months": [
        12,
        1,
        2
      ]
    },
    "JFM": {
      "efp": 0.25277295664557875,
      "months": [
        1,
        2,
        3
      ]
    },
    "FMA": {
      "efp": 0.19468234379720195,
      "months": [
        2,
        3,
        4
      ]
    },
    "MAM": {
      "efp": 0.33725484309057463,
      "months": [
        3,
        4,
        5
      ]
    },
    "AMJ": {
      "efp": 0.3818797501851407,
      "months": [
        4,
        5,
        6
      ]
    },
    "MJJ": {
      "efp": 0.3510302463151265,
      "months": [
        5,
        6,
        7
      ]
    },
    "JJA": {
      "efp": 0.4480886064318259,
      "months": [
        6,
        7,
        8
      ]
    },
    "JAS": {
      "efp": 0.3783207921669654,
      "months": [
        7,
        8,
        9
      ]
    },
    "ASO": {
      "efp": 0.3500314650379751,
      "months": [
        8,
        9,
        10
      ]
    },
    "SON": {
      "efp": 0.22716548834965686,
      "months": [
        9,
        10,
        11
      ]
    },
    "OND": {
      "efp": 0.1788613731315785,
      "months": [
        10,
        11,
        12
      ]
    },
    "NDJ": {
      "efp": 0.2192625277568617,
      "months": [
        11,
        12,
        1
      ]
    }
  },
  "efp_sh_123": {
    "DJF": {
      "efp": 0.08083434911220333,
      "months": [
        12,
        1,
        2
      ]
    },
    "JFM": {
      "efp": 0.0975258973291808,
      "months": [
        1,
        2,
        3
      ]
    },
    "FMA": {
      "efp": 0.09299700866525727,
      "months": [
        2,
        3,
        4
      ]
    },
    "MAM": {
      "efp": 0.0549058655652898,
      "months": [
        3,
        4,
        5
      ]
    },
    "AMJ": {
      "efp": 0.07421473479518943,
      "months": [
        4,
        5,
        6
      ]
    },
    "MJJ": {
      "efp": 0.04353056155215892,
      "months": [
        5,
        6,
        7
      ]
    },
    "JJA": {
      "efp": 0.027023977821828603,
      "months": [
        6,
        7,
        8
      ]
    },
    "JAS": {
      "efp": 0.0416774904032564,
      "months": [
        7,
        8,
        9
      ]
    },
    "ASO": {
      "efp": 0.05313574940254053,
      "months": [
        8,
        9,
        10
      ]
    },
    "SON": {
      "efp": 0.0331667420437478,
      "months": [
        9,
        10,
        11
      ]
    },
    "OND": {
      "efp": 0.025022306776727083,
      "months": [
        10,
        11,
        12
      ]
    },
    "NDJ": {
      "efp": 0.03378424702188052,
      "months": [
        11,
        12,
        1
      ]
    }
  },
  "efp_sh_gt3": {
    "DJF": {
      "efp": 0.2290537318008206,
      "months": [
        12,
        1,
        2
      ]
    },
    "JFM": {
      "efp": 0.2724588484191354,
      "months": [
        1,
        2,
        3
      ]
    },
    "FMA": {
      "efp": 0.22263559013086437,
      "months": [
        2,
        3,
        4
      ]
    },
    "MAM": {
      "efp": 0.3266495514782632,
      "months": [
        3,
        4,
        5
      ]
    },
    "AMJ": {
      "efp": 0.3256077571526697,
      "months": [
        4,
        5,
        6
      ]
    },
    "MJJ": {
      "efp": 0.24084973800452703,
      "months": [
        5,
        6,
        7
      ]
    },
    "JJA": {
      "efp": 0.2996629434041897,
      "months": [
        6,
        7,
        8
      ]
    },
    "JAS": {
      "efp": 0.2879708472604602,
      "months": [
        7,
        8,
        9
      ]
    },
    "ASO": {
      "efp": 0.2706280319703673,
      "months": [
        8,
        9,
        10
      ]
    },
    "SON": {
      "efp": 0.16579702712838448,
      "months": [
        9,
        10,
        11
      ]
    },