{
  "efp_nh": {
    "DJF": {
      "efp": 0.3564641753871189,
      "months": [
        12,
        1,
        2
      ]
    },
    "JFM": {
      "efp": 0.3077452270459484,
      "months": [
        1,
        2,
        3
      ]
    },
    "FMA": {
      "efp": 0.32816034071957995,
      "months": [
        2,
        3,
        4
      ]
    },
    "MAM": {
      "efp": 0.28977632528399,
      "months": [
        3,
        4,
        5
      ]
    },
    "AMJ": {
      "efp": 0.26099667404509463,
      "months": [
        4,
        5,
        6
      ]
    },
    "MJJ": {
      "efp": 0.1930914217443626,
      "months": [
        5,
        6,
        7
      ]
    },
    "JJA": {
      "efp": 0.17930570932511078,
      "months": [
        6,
        7,
        8
      ]
    },
    "JAS": {
      "efp": 0.20569140894077195,
      "months": [
        7,
        8,
        9
      ]
    },
    "ASO": {
      "efp": 0.1408249841453918,
      "months": [
        8,
        9,
        10
      ]
    },
    "SON": {
      "efp": 0.19319761551929052,
      "months": [
        9,
        10,
        11
      ]
    },
    "OND": {
      "efp": 0.22903834767808687,
      "months": [
        10,
        11,
        12
      ]
    },
    "NDJ": {
      "efp": 0.320402507682889,
      "months": [
        11,
        12,
        1
      ]
    }
  },
  "efp_nh_123": {
    "DJF": {
      "efp": 0.09583573712601419,
      "months": [
        12,
        1,
        2
      ]
    },
    "JFM": {
      "efp": 0.08821445780851069,
      "months": [
        1,
        2,
        3
      ]
    },
    "FMA": {
      "efp": 0.0968687176548318,
      "months": [
        2,
        3,
        4
      ]
    },
    "MAM": {
      "efp": 0.05429000425956597,
      "months": [
        3,
        4,
        5
      ]
    },
    "AMJ": {
      "efp": 0.04936464764926688,
      "months": [
        4,
        5,
        6
      ]
    },
    "MJJ": {
      "efp": 0.04829786301153463,
      "months": [
        5,
        6,
        7
      ]
    },
    "JJA": {
      "efp": 0.05067305006157778,
      "months": [
        6,
        7,
        8
      ]
    },
    "JAS": {
      "efp": 0.053519975061646956,
      "months": [
        7,
        8,
        9
      ]
    },
    "ASO": {
      "efp": 0.03794024033161375,
      "months": [
        8,
        9,
        10
      ]
    },
    "SON": {
      "efp": 0.04786607394413748,
      "months": [
        9,
        10,
        11
      ]
    },
    "OND": {
      "efp": 0.05742592040189071,
      "months": [
        10,
        11,
        12
      ]
    },
    "NDJ": {
      "efp": 0.10034765583089794,
      "months": [
        11,
        12,
        1
      ]
    }
  },
  "efp_nh_gt3": {
    "DJF": {
      "efp": 0.18171712738272539,
      "months": [
        12,
        1,
        2
      ]
    },
    "JFM": {
      "efp": 0.20234130285701818,
      "months": [
        1,
        2,
        3
      ]
    },
    "FMA": {
      "efp": 0.22269501415654383,
      "months": [
        2,
        3,
        4
      ]
    },
    "MAM": {
      "efp": 0.22114531229224718,
      "months": [
        3,
        4,
        5
      ]
    },
    "AMJ": {
      "efp": 0.17708618439831234,
      "months": [
        4,
        5,
        6
      ]
    },
    "MJJ": {
      "efp": 0.10975838893336569,
      "months": [
        5,
        6,
        7
      ]
    },
    "JJA": {
      "efp": 0.10720012627352019,
      "months": [
        6,
        7,
        8
      ]
    },
    "JAS": {
      "efp": 0.13892337347235909,
      "months": [
        7,
        8,
        9
      ]
    },
    "ASO": {
      "efp": 0.11538053750687005,
      "months": [
        8,
        9,
        10
      ]
    },
    "SON": {
      "efp": 0.15074933682620378,
      "months": [
        9,
        10,
        11
      ]
    },
    "OND": {
      "efp": 0.18462395856079733,
      "months": [
        10,
        11,
        12
      ]
    },
    "NDJ": {
      "efp": 0.187082039069814,
      "months": [
        11,
        12,
        1
      ]
    }
  },
  "efp_sh": {
    "DJF": {
      "efp": 0.2112700549374175,
      "months": [
        12,
        1,
        2
      ]
    },
    "JFM": {
      "efp": 0.13725306226975853,
      "months": [
        1,
        2,
        3
      ]
    },
    "FMA": {
      "efp": 0.09518438692289977,
      "months": [
        2,
        3,
        4
      ]
    },
    "MAM": {
      "efp": 0.12159015219101477,
      "months": [
        3,
        4,
        5
      ]
    },
    "AMJ": {
      "efp": 0.2227782753603757,
      "months": [
        4,
        5,
        6
      ]
    },
    "MJJ": {
      "efp": 0.2919743754622561,
      "months": [
        5,
        6,
        7
      ]
    },
    "JJA": {
      "efp": 0.2959657497285452,
      "months": [
        6,
        7,
        8
      ]
    },
    "JAS": {
      "efp": 0.2713700219836319,
      "months": [
        7,
        8,
        9
      ]
    },
    "ASO": {
      "efp": 0.35033311575254267,
      "months": [
        8,
        9,
        10
      ]
    },
    "SON": {
      "efp": 0.32263058508473513,
      "months": [
        9,
        10,
        11
      ]
    },
    "OND": {
      "efp": 0.26682752154222356,
      "months": [
        10,
        11,
        12
      ]
    },
    "NDJ": {
      "efp": 0.22255437377172904,
      "months": [
        11,
        12,
        1
      ]
    }
  },
  "efp_sh_123": {
    "DJF": {
      "efp": 0.09205540817192503,
      "months": [
        12,
        1,
        2
      ]
    },
    "JFM": {
      "efp": 0.041616441469063986,
      "months": [
        1,
        2,
        3
      ]
    },
    "FMA": {
      "efp": 0.055069550457801375,
      "months": [
        2,
        3,
        4
      ]
    },
    "MAM": {
      "efp": 0.046607896649543665,
      "months": [
        3,
        4,
        5
      ]
    },
    "AMJ": {
      "efp": 0.02384367566245394,
      "months": [
        4,
        5,
        6
      ]
    },
    "MJJ": {
      "efp": 0.02761442510672296,
      "months": [
        5,
        6,
        7
      ]
    },
    "JJA": {
      "efp": 0.03930472778302188,
      "months": [
        6,
        7,
        8
      ]
    },
    "JAS": {
      "efp": 0.02751102359629589,
      "months": [
        7,
        8,
        9
      ]
    },
    "ASO": {
      "efp": 0.04100493151844385,
      "months": [
        8,
        9,
        10
      ]
    },
    "SON": {
      "efp": 0.05483107994132411,
      "months": [
        9,
        10,
        11
      ]
    },
    "OND": {
      "efp": 0.06442257817047342,
      "months": [
        10,
        11,
        12
      ]
    },
    "NDJ": {
      "efp": 0.07124835366125103,
      "months": [
        11,
        12,
        1
      ]
    }
  },
  "efp_sh_gt3": {
    "DJF": {
      "efp": 0.19164205528111494,
      "months": [
        12,
        1,
        2
      ]
    },
    "JFM": {
      "efp": 0.10398304636193478,
      "months": [
        1,
        2,
        3
      ]
    },
    "FMA": {
      "efp": 0.112499740575287,
      "months": [
        2,
        3,
        4
      ]
    },
    "MAM": {
      "efp": 0.15500545038301547,
      "months": [
        3,
        4,
        5
      ]
    },
    "AMJ": {
      "efp": 0.21259256399322587,
      "months": [
        4,
        5,
        6
      ]
    },
    "MJJ": {
      "efp": 0.2432469322070447,
      "months": [
        5,
        6,
        7
      ]
    },
    "JJA": {
      "efp": 0.24899519857461433,
      "months": [
        6,
        7,
        8
      ]
    },
    "JAS": {
      "efp": 0.2309074209201149,
      "months": [
        7,
        8,
        9
      ]
    },
    "ASO": {
      "efp": 0.2576564661760345,
      "months": [
        8,
        9,
        10
      ]
    },
    "SON": {
      "efp": 0.2695085880669107,
      "months": [
        9,
        10,
        11
      ]
    },