{
  "efp_nh": {
    "DJF": {
      "efp": 0.4658413730258233,
      "months": [
        12,
        1,
        2
      ]
    },
    "JFM": {
      "efp": 0.49932444161363243,
      "months": [
        1,
        2,
        3
      ]
    },
    "FMA": {
      "efp": 0.42024156647644423,
      "months": [
        2,
        3,
        4
      ]
    },
    "MAM": {
      "efp": 0.33440189824706984,
      "months": [
        3,
        4,
        5
      ]
    },
    "AMJ": {
      "efp": 0.32837891440456235,
      "months": [
        4,
        5,
        6
      ]
    },
    "MJJ": {
      "efp": 0.31970607279189506,
      "months": [
        5,
        6,
        7
      ]
    },
    "JJA": {
      "efp": 0.1957832648078893,
      "months": [
        6,
        7,
        8
      ]
    },
    "JAS": {
      "efp": 0.19801170301049845,
      "months": [
        7,
        8,
        9
      ]
    },
    "ASO": {
      "efp": 0.1359815281307015,
      "months": [
        8,
        9,
        10
      ]
    },
    "SON": {
      "efp": 0.312308888132258,
      "months": [
        9,
        10,
        11
      ]
    },
    "OND": {
      "efp": 0.3700490464067075,
      "months": [
        10,
        11,
        12
      ]
    },
    "NDJ": {
      "efp": 0.27855409863102265,
      "months": [
        11,
        12,
        1
      ]
    }
  },
  "efp_nh_123": {
    "DJF": {
      "efp": 0.2969590920950659,
      "months": [
        12,
        1,
        2
      ]
    },
    "JFM": {
      "efp": 0.18866340366282258,
      "months": [
        1,
        2,
        3
      ]
    },
    "FMA": {
      "efp": 0.16393057646073625,
      "months": [
        2,
        3,
        4
      ]
    },
    "MAM": {
      "efp": 0.2001998273654325,
      "months": [
        3,
        4,
        5
      ]
    },
    "AMJ": {
      "efp": 0.13062104627799875,
      "months": [
        4,
        5,
        6
      ]
    },
    "MJJ": {
      "efp": 0.09141997461389084,
      "months": [
        5,
        6,
        7
      ]
    },
    "JJA": {
      "efp": 0.08126263903165172,
      "months": [
        6,
        7,
        8
      ]
    },
    "JAS": {
      "efp": 0.11438186357130674,
      "months": [
        7,
        8,
        9
      ]
    },
    "ASO": {
      "efp": 0.14621967642027572,
      "months": [
        8,
        9,
        10
      ]
    },
    "SON": {
      "efp": 0.16723345537994652,
      "months": [
        9,
        10,
        11
      ]
    },
    "OND": {
      "efp": 0.17828678736787337,
      "months": [
        10,
        11,
        12
      ]
    },
    "NDJ": {
      "efp": 0.12990942583846246,
      "months": [
        11,
        12,
        1
      ]
    }
  },
  "efp_nh_gt3": {
    "DJF": {
      "efp": 0.2508472904834787,
      "months": [
        12,
        1,
        2
      ]
    },
    "JFM": {
      "efp": 0.25196298338849926,
      "months": [
        1,
        2,
        3
      ]
    },
    "FMA": {
      "efp": 0.23784731786707716,
      "months": [
        2,
        3,
        4
      ]
    },
    "MAM": {
      "efp": 0.21003573385746244,
      "months": [
        3,
        4,
        5
      ]
    },
    "AMJ": {
      "efp": 0.277818936501792,
      "months": [
        4,
        5,
        6
      ]
    },
    "MJJ": {
      "efp": 0.2850343120835366,
      "months": [
        5,
        6,
        7
      ]
    },
    "JJA": {
      "efp": 0.11760484060047313,
      "months": [
        6,
        7,
        8
      ]
    },
    "JAS": {
      "efp": 0.1279941425552005,
      "months": [
        7,
        8,
        9
      ]
    },
    "ASO": {
      "efp": 0.11821964099486507,
      "months": [
        8,
        9,
        10
      ]
    },
    "SON": {
      "efp": 0.1792821510553116,
      "months": [
        9,
        10,
        11
      ]
    },
    "OND": {
      "efp": 0.25785716628460176,
      "months": [
        10,
        11,
        12
      ]
    },
    "NDJ": {
      "efp": 0.13322101941912765,
      "months": [
        11,
        12,
        1
      ]
    }
  },
  "efp_sh": {
    "DJF": {
      "efp": 0.3321356541190092,
      "months": [
        12,
        1,
        2
      ]
    },
    "JFM": {
      "efp": 0.32545700281885787,
      "months": [
        1,
        2,
        3
      ]
    },
    "FMA": {
      "efp": 0.23845800215044904,
      "months": [
        2,
        3,
        4
      ]
    },
    "MAM": {
      "efp": 0.27429879485001374,
      "months": [
        3,
        4,
        5
      ]
    },
    "AMJ": {
      "efp": 0.2941322386433309,
      "months": [
        4,
        5,
        6
      ]
    },
    "MJJ": {
      "efp": 0.18834722085775593,
      "months": [
        5,
        6,
        7
      ]
    },
    "JJA": {
      "efp": 0.4420733468098922,
      "months": [
        6,
        7,
        8
      ]
    },
    "JAS": {
      "efp": 0.4395309922072399,
      "months": [
        7,
        8,
        9
      ]
    },
    "ASO": {
      "efp": 0.4617421754075388,
      "months": [
        8,
        9,
        10
      ]
    },
    "SON": {
      "efp": 0.41067950866806663,
      "months": [
        9,
        10,
        11
      ]
    },
    "OND": {
      "efp": 0.43392468640714005,
      "months": [
        10,
        11,
        12
      ]
    },
    "NDJ": {
      "efp": 0.32689042323840783,
      "months": [
        11,
        12,
        1
      ]
    }
  },
  "efp_sh_123": {
    "DJF": {
      "efp": 0.11281046657043534,
      "months": [
        12,
        1,
        2
      ]
    },
    "JFM": {
      "efp": 0.12458040673461393,
      "months": [
        1,
        2,
        3
      ]
    },
    "FMA": {
      "efp": 0.2152291631032407,
      "months": [
        2,
        3,
        4
      ]
    },
    "MAM": {
      "efp": 0.15258356119311176,
      "months": [
        3,
        4,
        5
      ]
    },
    "AMJ": {
      "efp": 0.18003190151827758,
      "months": [
        4,
        5,
        6
      ]
    },
    "MJJ": {
      "efp": 0.15430660084374284,
      "months": [
        5,
        6,
        7
      ]
    },
    "JJA": {
      "efp": 0.1325925370621303,
      "months": [
        6,
        7,
        8
      ]
    },
    "JAS": {
      "efp": 0.09333516308773032,
      "months": [
        7,
        8,
        9
      ]
    },
    "ASO": {
      "efp": 0.18051067058045644,
      "months": [
        8,
        9,
        10
      ]
    },
    "SON": {
      "efp": 0.1286009135934309,
      "months": [
        9,
        10,
        11
      ]
    },
    "OND": {
      "efp": 0.15507271087551514,
      "months": [
        10,
        11,
        12
      ]
    },
    "NDJ": {
      "efp": 0.06663043242476593,
      "months": [
        11,
        12,
        1
      ]
    }
  },
  "efp_sh_gt3": {
    "DJF": {
      "efp": 0.26962889661472633,
      "months": [
        12,
        1,
        2
      ]
    },
    "JFM": {
      "efp": 0.2827905210615349,
      "months": [
        1,
        2,
        3
      ]
    },
    "FMA": {
      "efp": 0.25173410372481975,
      "months": [
        2,
        3,
        4
      ]
    },
    "MAM": {
      "efp": 0.27756989166267937,
      "months": [
        3,
        4,
        5
      ]
    },
    "AMJ": {
      "efp": 0.2296350961191686,
      "months": [
        4,
        5,
        6
      ]
    },
    "MJJ": {
      "efp": 0.17457720624355808,
      "months": [
        5,
        6,
        7
      ]
    },
    "JJA": {
      "efp": 0.2775735732759589,
      "months": [
        6,
        7,
        8
      ]
    },
    "JAS": {
      "efp": 0.3342390791578871,
      "months": [
        7,
        8,
        9
      ]
    },
    "ASO": {
      "efp": 0.3326729763083051,
      "months": [
        8,
        9,
        10
      ]
    },
    "SON": {
      "efp": 0.3617814309809002,
      "months": [
        9,
        10,
        11
      ]
    },