{
  "efp_nh": {
    "DJF": {
      "efp": 0.27908373823185373,
      "months": [
        12,
        1,
        2
      ]
    },
    "JFM": {
      "efp": 0.29962996611897746,
      "months": [
        1,
        2,
        3
      ]
    },
    "FMA": {
      "efp": 0.29542028428605793,
      "months": [
        2,
        3,
        4
      ]
    },
    "MAM": {
      "efp": 0.24504360770364023,
      "months": [
        3,
        4,
        5
      ]
    },
    "AMJ": {
      "efp": 0.17062726374572218,
      "months": [
        4,
        5,
        6
      ]
    },
    "MJJ": {
      "efp": 0.16251114499377053,
      "months": [
        5,
        6,
        7
      ]
    },
    "JJA": {
      "efp": 0.13906811709940836,
      "months": [
        6,
        7,
        8
      ]
    },
    "JAS": {
      "efp": 0.14389614209698914,
      "months": [
        7,
        8,
        9
      ]
    },
    "ASO": {
      "efp": 0.12918429235428208,
      "months": [
        8,
        9,
        10
      ]
    },
    "SON": {
      "efp": 0.12237166939617608,
      "months": [
        9,
        10,
        11
      ]
    },
    "OND": {
      "efp": 0.15191260600957385,
      "months": [
        10,
        11,
        12
      ]
    },
    "NDJ": {
      "efp": 0.2134181772150845,
      "months": [
        11,
        12,
        1
      ]
    }
  },
  "efp_nh_123": {
    "DJF": {
      "efp": 0.10947077871603107,
      "months": [
        12,
        1,
        2
      ]
    },
    "JFM": {
      "efp": 0.12971511021259927,
      "months": [
        1,
        2,
        3
      ]
    },
    "FMA": {
      "efp": 0.11152374964886508,
      "months": [
        2,
        3,
        4
      ]
    },
    "MAM": {
      "efp": 0.07785131496495405,
      "months": [
        3,
        4,
        5
      ]
    },
    "AMJ": {
      "efp": 0.045404070924680066,
      "months": [
        4,
        5,
        6
      ]
    },
    "MJJ": {
      "efp": 0.027086271225132463,
      "months": [
        5,
        6,
        7
      ]
    },
    "JJA": {
      "efp": 0.02682989805155925,
      "months": [
        6,
        7,
        8
      ]
    },
    "JAS": {
      "efp": 0.014657255236110186,
      "months": [
        7,
        8,
        9
      ]
    },
    "ASO": {
      "efp": 0.030747745577307823,
      "months": [
        8,
        9,
        10
      ]
    },
    "SON": {
      "efp": 0.0200510455478123,
      "months": [
        9,
        10,
        11
      ]
    },
    "OND": {
      "efp": 0.04210141442947061,
      "months": [
        10,
        11,
        12
      ]
    },
    "NDJ": {
      "efp": 0.060698989620408296,
      "months": [
        11,
        12,
        1
      ]
    }
  },
  "efp_nh_gt3": {
    "DJF": {
      "efp": 0.15127141467616007,
      "months": [
        12,
        1,
        2
      ]
    },
    "JFM": {
      "efp": 0.14656754099105312,
      "months": [
        1,
        2,
        3
      ]
    },
    "FMA": {
      "efp": 0.1464521148283001,
      "months": [
        2,
        3,
        4
      ]
    },
    "MAM": {
      "efp": 0.14783962688719574,
      "months": [
        3,
        4,
        5
      ]
    },
    "AMJ": {
      "efp": 0.10922889856792038,
      "months": [
        4,
        5,
        6
      ]
    },
    "MJJ": {
      "efp": 0.12448309655346572,
      "months": [
        5,
        6,
        7
      ]
    },
    "JJA": {
      "efp": 0.11665363063808418,
      "months": [
        6,
        7,
        8
      ]
    },
    "JAS": {
      "efp": 0.12657708667474643,
      "months": [
        7,
        8,
        9
      ]
    },
    "ASO": {
      "efp": 0.12391762473008654,
      "months": [
        8,
        9,
        10
      ]
    },
    "SON": {
      "efp": 0.10815485376983126,
      "months": [
        9,
        10,
        11
      ]
    },
    "OND": {
      "efp": 0.11088307060819498,
      "months": [
        10,
        11,
        12
      ]
    },
    "NDJ": {
      "efp": 0.13502298416579614,
      "months": [
        11,
        12,
        1
      ]
    }
  },
  "efp_sh": {
    "DJF": {
      "efp": 0.16704248929438545,
      "months": [
        12,
        1,
        2
      ]
    },
    "JFM": {
      "efp": 0.16505612605931408,
      "months": [
        1,
        2,
        3
      ]
    },
    "FMA": {
      "efp": 0.11617314372936252,
      "months": [
        2,
        3,
        4
      ]
    },
    "MAM": {
      "efp": 0.15677463922012316,
      "months": [
        3,
        4,
        5
      ]
    },
    "AMJ": {
      "efp": 0.20413443611702356,
      "months": [
        4,
        5,
        6
      ]
    },
    "MJJ": {
      "efp": 0.28595136413141164,
      "months": [
        5,
        6,
        7
      ]
    },
    "JJA": {
      "efp": 0.2962560844370068,
      "months": [
        6,
        7,
        8
      ]
    },
    "JAS": {
      "efp": 0.29216622620649874,
      "months": [
        7,
        8,
        9
      ]
    },
    "ASO": {
      "efp": 0.2960188390802249,
      "months": [
        8,
        9,
        10
      ]
    },
    "SON": {
      "efp": 0.33294851935670833,
      "months": [
        9,
        10,
        11
      ]
    },
    "OND": {
      "efp": 0.2632360196628119,
      "months": [
        10,
        11,
        12
      ]
    },
    "NDJ": {
      "efp": 0.18589104559359415,
      "months": [
        11,
        12,
        1
      ]
    }
  },
  "efp_sh_123": {
    "DJF": {
      "efp": 0.039030324225109006,
      "months": [
        12,
        1,
        2
      ]
    },
    "JFM": {
      "efp": 0.024986927400957204,
      "months": [
        1,
        2,
        3
      ]
    },
    "FMA": {
      "efp": 0.021104905579993304,
      "months": [
        2,
        3,
        4
      ]
    },
    "MAM": {
      "efp": 0.0234733184882024,
      "months": [
        3,
        4,
        5
      ]
    },
    "AMJ": {
      "efp": 0.00757698255737352,
      "months": [
        4,
        5,
        6
      ]
    },
    "MJJ": {
      "efp": 0.011507781483564574,
      "months": [
        5,
        6,
        7
      ]
    },
    "JJA": {
      "efp": 0.006777451911527481,
      "months": [
        6,
        7,
        8
      ]
    },
    "JAS": {
      "efp": 0.009719762525659977,
      "months": [
        7,
        8,
        9
      ]
    },
    "ASO": {
      "efp": 0.017857153599289792,
      "months": [
        8,
        9,
        10
      ]
    },
    "SON": {
      "efp": 0.02023159357972615,
      "months": [
        9,
        10,
        11
      ]
    },
    "OND": {
      "efp": 0.021509414813226768,
      "months": [
        10,
        11,
        12
      ]
    },
    "NDJ": {
      "efp": 0.021780038708646043,
      "months": [
        11,
        12,
        1
      ]
    }
  },
  "efp_sh_gt3": {
    "DJF": {
      "efp": 0.13249065347178232,
      "months": [
        12,
        1,
        2
      ]
    },
    "JFM": {
      "efp": 0.1180179618770854,
      "months": [
        1,
        2,
        3
      ]
    },
    "FMA": {
      "efp": 0.08538880336420462,
      "months": [
        2,
        3,
        4
      ]
    },
    "MAM": {
      "efp": 0.13821880622848867,
      "months": [
        3,
        4,
        5
      ]
    },
    "AMJ": {
      "efp": 0.1433611688006072,
      "months": [
        4,
        5,
        6
      ]
    },
    "MJJ": {
      "efp": 0.1681056472625563,
      "months": [
        5,
        6,
        7
      ]
    },
    "JJA": {
      "efp": 0.18117764737522174,
      "months": [
        6,
        7,
        8
      ]
    },
    "JAS": {
      "efp": 0.18592423685853662,
      "months": [
        7,
        8,
        9
      ]
    },
    "ASO": {
      "efp": 0.20952585846938096,
      "months": [
        8,
        9,
        10
      ]
    },
    "SON": {
      "efp": 0.2513834231485405,