{
  "efp_nh": {
    "DJF": {
      "efp": 0.31873060346152116,
      "months": [
        12,
        1,
        2
      ]
    },
    "JFM": {
      "efp": 0.2832750284082936,
      "months": [
        1,
        2,
        3
      ]
    },
    "FMA": {
      "efp": 0.22630262462528503,
      "months": [
        2,
        3,
        4
      ]
    },
    "MAM": {
      "efp": 0.1915075789094554,
      "months": [
        3,
        4,
        5
      ]
    },
    "AMJ": {
      "efp": 0.1792276480819153,
      "months": [
        4,
        5,
        6
      ]
    },
    "MJJ": {
      "efp": 0.17101727833201122,
      "months": [
        5,
        6,
        7
      ]
    },
    "JJA": {
      "efp": 0.11894265926358921,
      "months": [
        6,
        7,
        8
      ]
    },
    "JAS": {
      "efp": 0.09952114985850763,
      "months": [
        7,
        8,
        9
      ]
    },
    "ASO": {
      "efp": 0.11007342700892661,
      "months": [
        8,
        9,
        10
      ]
    },
    "SON": {
      "efp": 0.11446713177233803,
      "months": [
        9,
        10,
        11
      ]
    },
    "OND": {
      "efp": 0.15179108668085436,
      "months": [
        10,
        11,
        12
      ]
    },
    "NDJ": {
      "efp": 0.20876487106688743,
      "months": [
        11,
        12,
        1
      ]
    }
  },
  "efp_nh_123": {
    "DJF": {
      "efp": 0.16257890402358516,
      "months": [
        12,
        1,
        2
      ]
    },
    "JFM": {
      "efp": 0.14769441740596617,
      "months": [
        1,
        2,
        3
      ]
    },
    "FMA": {
      "efp": 0.10780101417409119,
      "months": [
        2,
        3,
        4
      ]
    },
    "MAM": {
      "efp": 0.06637938451568069,
      "months": [
        3,
        4,
        5
      ]
    },
    "AMJ": {
      "efp": 0.06202078920158535,
      "months": [
        4,
        5,
        6
      ]
    },
    "MJJ": {
      "efp": 0.05372924005788565,
      "months": [
        5,
        6,
        7
      ]
    },
    "JJA": {
      "efp": 0.03882319099120643,
      "months": [
        6,
        7,
        8
      ]
    },
    "JAS": {
      "efp": 0.028408413171350778,
      "months": [
        7,
        8,
        9
      ]
    },
    "ASO": {
      "efp": 0.021649198689465604,
      "months": [
        8,
        9,
        10
      ]
    },
    "SON": {
      "efp": 0.030106926000220104,
      "months": [
        9,
        10,
        11
      ]
    },
    "OND": {
      "efp": 0.028714566009847908,
      "months": [
        10,
        11,
        12
      ]
    },
    "NDJ": {
      "efp": 0.06257547504647122,
      "months": [
        11,
        12,
        1
      ]
    }
  },
  "efp_nh_gt3": {
    "DJF": {
      "efp": 0.13490531788692967,
      "months": [
        12,
        1,
        2
      ]
    },
    "JFM": {
      "efp": 0.11740086981640624,
      "months": [
        1,
        2,
        3
      ]
    },
    "FMA": {
      "efp": 0.10728057205846914,
      "months": [
        2,
        3,
        4
      ]
    },
    "MAM": {
      "efp": 0.09666601509853358,
      "months": [
        3,
        4,
        5
      ]
    },
    "AMJ": {
      "efp": 0.11019329980553548,
      "months": [
        4,
        5,
        6
      ]
    },
    "MJJ": {
      "efp": 0.11148422791587108,
      "months": [
        5,
        6,
        7
      ]
    },
    "JJA": {
      "efp": 0.11652096288387404,
      "months": [
        6,
        7,
        8
      ]
    },
    "JAS": {
      "efp": 0.0925240743009915,
      "months": [
        7,
        8,
        9
      ]
    },
    "ASO": {
      "efp": 0.09272957661200651,
      "months": [
        8,
        9,
        10
      ]
    },
    "SON": {
      "efp": 0.11932499315304813,
      "months": [
        9,
        10,
        11
      ]
    },
    "OND": {
      "efp": 0.1260542234558658,
      "months": [
        10,
        11,
        12
      ]
    },
    "NDJ": {
      "efp": 0.11361172789319764,
      "months": [
        11,
        12,
        1
      ]
    }
  },
  "efp_sh": {
    "DJF": {
      "efp": 0.22299631751466098,
      "months": [
        12,
        1,
        2
      ]
    },
    "JFM": {
      "efp": 0.157137116872079,
      "months": [
        1,
        2,
        3
      ]
    },
    "FMA": {
      "efp": 0.15819427782575818,
      "months": [
        2,
        3,
        4
      ]
    },
    "MAM": {
      "efp": 0.24084598080237996,
      "months": [
        3,
        4,
        5
      ]
    },
    "AMJ": {
      "efp": 0.2644915415505443,
      "months": [
        4,
        5,
        6
      ]
    },
    "MJJ": {
      "efp": 0.21267625981002186,
      "months": [
        5,
        6,
        7
      ]
    },
    "JJA": {
      "efp": 0.2789744453771759,
      "months": [
        6,
        7,
        8
      ]
    },
    "JAS": {
      "efp": 0.2879975226579251,
      "months": [
        7,
        8,
        9
      ]
    },
    "ASO": {
      "efp": 0.35954875664153546,
      "months": [
        8,
        9,
        10
      ]
    },
    "SON": {
      "efp": 0.2738348063023116,
      "months": [
        9,
        10,
        11
      ]
    },
    "OND": {
      "efp": 0.25962205501165336,
      "months": [
        10,
        11,
        12
      ]
    },
    "NDJ": {
      "efp": 0.26690503665362353,
      "months": [
        11,
        12,
        1
      ]
    }
  },
  "efp_sh_123": {
    "DJF": {
      "efp": 0.03607830123412222,
      "months": [
        12,
        1,
        2
      ]
    },
    "JFM": {
      "efp": 0.02999611949335287,
      "months": [
        1,
        2,
        3
      ]
    },
    "FMA": {
      "efp": 0.015035288282937395,
      "months": [
        2,
        3,
        4
      ]
    },
    "MAM": {
      "efp": 0.01923743980833535,
      "months": [
        3,
        4,
        5
      ]
    },
    "AMJ": {
      "efp": 0.027513221959128684,
      "months": [
        4,
        5,
        6
      ]
    },
    "MJJ": {
      "efp": 0.03724414270925361,
      "months": [
        5,
        6,
        7
      ]
    },
    "JJA": {
      "efp": 0.029976716951784065,
      "months": [
        6,
        7,
        8
      ]
    },
    "JAS": {
      "efp": 0.04371118114860201,
      "months": [
        7,
        8,
        9
      ]
    },
    "ASO": {
      "efp": 0.041900240516709895,
      "months": [
        8,
        9,
        10
      ]
    },
    "SON": {
      "efp": 0.03928924823705132,
      "months": [
        9,
        10,
        11
      ]
    },
    "OND": {
      "efp": 0.032919060220418156,
      "months": [
        10,
        11,
        12
      ]
    },
    "NDJ": {
      "efp": 0.04001813668156111,
      "months": [
        11,
        12,
        1
      ]
    }
  },
  "efp_sh_gt3": {
    "DJF": {
      "efp": 0.17681229424561393,
      "months": [
        12,
        1,
        2
      ]
    },
    "JFM": {
      "efp": 0.14733348606186478,
      "months": [
        1,
        2,
        3
      ]
    },
    "FMA": {
      "efp": 0.1361060859758524,
      "months": [
        2,
        3,
        4
      ]
    },
    "MAM": {
      "efp": 0.17918074557276775,
      "months": [
        3,
        4,
        5
      ]
    },
    "AMJ": {
      "efp": 0.2131007334458607,
      "months": [
        4,
        5,
        6
      ]
    },
    "MJJ": {
      "efp": 0.2026370250208771,
      "months": [
        5,
        6,
        7
      ]
    },
    "JJA": {
      "efp": 0.22344778734130655,
      "months": [
        6,
        7,
        8
      ]
    },
    "JAS": {
      "efp": 0.2446081069935691,
      "months": [
        7,
        8,
        9
      ]
    },
    "ASO": {
      "efp": 0.2653844054015282,
      "months": [
        8,
        9,
        10
      ]
    },
    "SON": {
      "efp": 0.23332828359463742,