{
  "efp_nh": {
    "DJF": {
      "efp": 0.321884670161976,
      "months": [
        12,
        1,
        2
      ]
    },
    "JFM": {
      "efp": 0.34882459302597657,
      "months": [
        1,
        2,
        3
      ]
    },
    "FMA": {
      "efp": 0.34249148479471786,
      "months": [
        2,
        3,
        4
      ]
    },
    "MAM": {
      "efp": 0.27504883413520953,
      "months": [
        3,
        4,
        5
      ]
    },
    "AMJ": {
      "efp": 0.24901649287167346,
      "months": [
        4,
        5,
        6
      ]
    },
    "MJJ": {
      "efp": 0.20972567997324384,
      "months": [
        5,
        6,
        7
      ]
    },
    "JJA": {
      "efp": 0.17681220056172534,
      "months": [
        6,
        7,
        8
      ]
    },
    "JAS": {
      "efp": 0.14436132813170485,
      "months": [
        7,
        8,
        9
      ]
    },
    "ASO": {
      "efp": 0.15466859493416452,
      "months": [
        8,
        9,
        10
      ]
    },
    "SON": {
      "efp": 0.17087040788016586,
      "months": [
        9,
        10,
        11
      ]
    },
    "OND": {
      "efp": 0.16555511108881726,
      "months": [
        10,
        11,
        12
      ]
    },
    "NDJ": {
      "efp": 0.2275549447887544,
      "months": [
        11,
        12,
        1
      ]
    }
  },
  "efp_nh_123": {
    "DJF": {
      "efp": 0.0871376276074885,
      "months": [
        12,
        1,
        2
      ]
    },
    "JFM": {
      "efp": 0.08644704510763675,
      "months": [
        1,
        2,
        3
      ]
    },
    "FMA": {
      "efp": 0.0643901145128787,
      "months": [
        2,
        3,
        4
      ]
    },
    "MAM": {
      "efp": 0.03616445304189907,
      "months": [
        3,
        4,
        5
      ]
    },
    "AMJ": {
      "efp": 0.02882388156865684,
      "months": [
        4,
        5,
        6
      ]
    },
    "MJJ": {
      "efp": 0.021774273722346107,
      "months": [
        5,
        6,
        7
      ]
    },
    "JJA": {
      "efp": 0.035283343379492974,
      "months": [
        6,
        7,
        8
      ]
    },
    "JAS": {
      "efp": 0.018484073084380055,
      "months": [
        7,
        8,
        9
      ]
    },
    "ASO": {
      "efp": 0.014734029213225914,
      "months": [
        8,
        9,
        10
      ]
    },
    "SON": {
      "efp": 0.026582828317177606,
      "months": [
        9,
        10,
        11
      ]
    },
    "OND": {
      "efp": 0.02948858361890925,
      "months": [
        10,
        11,
        12
      ]
    },
    "NDJ": {
      "efp": 0.06136770652219309,
      "months": [
        11,
        12,
        1
      ]
    }
  },
  "efp_nh_gt3": {
    "DJF": {
      "efp": 0.20762996781847154,
      "months": [
        12,
        1,
        2
      ]
    },
    "JFM": {
      "efp": 0.23505495815874364,
      "months": [
        1,
        2,
        3
      ]
    },
    "FMA": {
      "efp": 0.24618753450366612,
      "months": [
        2,
        3,
        4
      ]
    },
    "MAM": {
      "efp": 0.21407174551022357,
      "months": [
        3,
        4,
        5
      ]
    },
    "AMJ": {
      "efp": 0.17352815791843162,
      "months": [
        4,
        5,
        6
      ]
    },
    "MJJ": {
      "efp": 0.1343569483914979,
      "months": [
        5,
        6,
        7
      ]
    },
    "JJA": {
      "efp": 0.142304551512174,
      "months": [
        6,
        7,
        8
      ]
    },
    "JAS": {
      "efp": 0.10268944748575727,
      "months": [
        7,
        8,
        9
      ]
    },
    "ASO": {
      "efp": 0.11115641156416829,
      "months": [
        8,
        9,
        10
      ]
    },
    "SON": {
      "efp": 0.12676195442844598,
      "months": [
        9,
        10,
        11
      ]
    },
    "OND": {
      "efp": 0.12840103615987375,
      "months": [
        10,
        11,
        12
      ]
    },
    "NDJ": {
      "efp": 0.15449814731312692,
      "months": [
        11,
        12,
        1
      ]
    }
  },
  "efp_sh": {
    "DJF": {
      "efp": 0.27845045175969496,
      "months": [
        12,
        1,
        2
      ]
    },
    "JFM": {
      "efp": 0.25306220682065056,
      "months": [
        1,
        2,
        3
      ]
    },
    "FMA": {
      "efp": 0.24601591761781977,
      "months": [
        2,
        3,
        4
      ]
    },
    "MAM": {
      "efp": 0.30773114525897394,
      "months": [
        3,
        4,
        5
      ]
    },
    "AMJ": {
      "efp": 0.3044098701184751,
      "months": [
        4,
        5,
        6
      ]
    },
    "MJJ": {
      "efp": 0.350460595782967,
      "months": [
        5,
        6,
        7
      ]
    },
    "JJA": {
      "efp": 0.37360903603612433,
      "months": [
        6,
        7,
        8
      ]
    },
    "JAS": {
      "efp": 0.3558833840849171,
      "months": [
        7,
        8,
        9
      ]
    },
    "ASO": {
      "efp": 0.3694397323819691,
      "months": [
        8,
        9,
        10
      ]
    },
    "SON": {
      "efp": 0.3639046796529252,
      "months": [
        9,
        10,
        11
      ]
    },
    "OND": {
      "efp": 0.35974661052480406,
      "months": [
        10,
        11,
        12
      ]
    },
    "NDJ": {
      "efp": 0.31813187399926457,
      "months": [
        11,
        12,
        1
      ]
    }
  },
  "efp_sh_123": {
    "DJF": {
      "efp": 0.054475081512844845,
      "months": [
        12,
        1,
        2
      ]
    },
    "JFM": {
      "efp": 0.04329285643856932,
      "months": [
        1,
        2,
        3
      ]
    },
    "FMA": {
      "efp": 0.02820031916927284,
      "months": [
        2,
        3,
        4
      ]
    },
    "MAM": {
      "efp": 0.02466294707586446,
      "months": [
        3,
        4,
        5
      ]
    },
    "AMJ": {
      "efp": 0.0242722547206542,
      "months": [
        4,
        5,
        6
      ]
    },
    "MJJ": {
      "efp": 0.02473368366529409,
      "months": [
        5,
        6,
        7
      ]
    },
    "JJA": {
      "efp": 0.031168914203053715,
      "months": [
        6,
        7,
        8
      ]
    },
    "JAS": {
      "efp": 0.026885617444739635,
      "months": [
        7,
        8,
        9
      ]
    },
    "ASO": {
      "efp": 0.02690602707260327,
      "months": [
        8,
        9,
        10
      ]
    },
    "SON": {
      "efp": 0.02391545982280889,
      "months": [
        9,
        10,
        11
      ]
    },
    "OND": {
      "efp": 0.03768409274753866,
      "months": [
        10,
        11,
        12
      ]
    },
    "NDJ": {
      "efp": 0.04569782600447122,
      "months": [
        11,
        12,
        1
      ]
    }
  },
  "efp_sh_gt3": {
    "DJF": {
      "efp": 0.18875159585693535,
      "months": [
        12,
        1,
        2
      ]
    },
    "JFM": {
      "efp": 0.16977475247589827,
      "months": [
        1,
        2,
        3
      ]
    },
    "FMA": {
      "efp": 0.16380076281690747,
      "months": [
        2,
        3,
        4
      ]
    },
    "MAM": {
      "efp": 0.21083445686309615,
      "months": [
        3,
        4,
        5
      ]
    },
    "AMJ": {
      "efp": 0.22594787940305908,
      "months": [
        4,
        5,
        6
      ]
    },
    "MJJ": {
      "efp": 0.2747331796566306,
      "months": [
        5,
        6,
        7
      ]
    },
    "JJA": {
      "efp": 0.29074997443702,
      "months": [
        6,
        7,
        8
      ]
    },
    "JAS": {
      "efp": 0.2547277057198555,
      "months": [
        7,
        8,
        9
      ]
    },
    "ASO": {
      "efp": 0.2865891501643504,
      "months": [
        8,
        9,
        10
      ]
    },
    "SON": {
      "efp": 0.26394477478135864,
      "months": [
        9,
        10,
        11
      ]
    },