{
  "efp_nh": {
    "DJF": {
      "efp": 0.2679702858444151,
      "months": [
        12,
        1,
        2
      ]
    },
    "JFM": {
      "efp": 0.21649922554781917,
      "months": [
        1,
        2,
        3
      ]
    },
    "FMA": {
      "efp": 0.26968843745587406,
      "months": [
        2,
        3,
        4
      ]
    },
    "MAM": {
      "efp": 0.14768781362602837,
      "months": [
        3,
        4,
        5
      ]
    },
    "AMJ": {
      "efp": 0.18431411457941496,
      "months": [
        4,
        5,
        6
      ]
    },
    "MJJ": {
      "efp": 0.1995151024813104,
      "months": [
        5,
        6,
        7
      ]
    },
    "JJA": {
      "efp": 0.17363807956691135,
      "months": [
        6,
        7,
        8
      ]
    },
    "JAS": {
      "efp": 0.14513430682813894,
      "months": [
        7,
        8,
        9
      ]
    },
    "ASO": {
      "efp": 0.19163841215011315,
      "months": [
        8,
        9,
        10
      ]
    },
    "SON": {
      "efp": 0.19998517296220344,
      "months": [
        9,
        10,
        11
      ]
    },
    "OND": {
      "efp": 0.2394969481143964,
      "months": [
        10,
        11,
        12
      ]
    },
    "NDJ": {
      "efp": 0.21508740291699546,
      "months": [
        11,
        12,
        1
      ]
    }
  },
  "efp_nh_123": {
    "DJF": {
      "efp": 0.08039609399743058,
      "months": [
        12,
        1,
        2
      ]
    },
    "JFM": {
      "efp": 0.06749415290113732,
      "months": [
        1,
        2,
        3
      ]
    },
    "FMA": {
      "efp": 0.14199212700311925,
      "months": [
        2,
        3,
        4
      ]
    },
    "MAM": {
      "efp": 0.08587581604731111,
      "months": [
        3,
        4,
        5
      ]
    },
    "AMJ": {
      "efp": 0.10444048753178838,
      "months": [
        4,
        5,
        6
      ]
    },
    "MJJ": {
      "efp": 0.11648000636197627,
      "months": [
        5,
        6,
        7
      ]
    },
    "JJA": {
      "efp": 0.07336628367079023,
      "months": [
        6,
        7,
        8
      ]
    },
    "JAS": {
      "efp": 0.04467490508888081,
      "months": [
        7,
        8,
        9
      ]
    },
    "ASO": {
      "efp": 0.034299898394026994,
      "months": [
        8,
        9,
        10
      ]
    },
    "SON": {
      "efp": 0.045111435517997234,
      "months": [
        9,
        10,
        11
      ]
    },
    "OND": {
      "efp": 0.04911389044444051,
      "months": [
        10,
        11,
        12
      ]
    },
    "NDJ": {
      "efp": 0.07317133264226136,
      "months": [
        11,
        12,
        1
      ]
    }
  },
  "efp_nh_gt3": {
    "DJF": {
      "efp": 0.1466949395256988,
      "months": [
        12,
        1,
        2
      ]
    },
    "JFM": {
      "efp": 0.1237966847241201,
      "months": [
        1,
        2,
        3
      ]
    },
    "FMA": {
      "efp": 0.12857062126480492,
      "months": [
        2,
        3,
        4
      ]
    },
    "MAM": {
      "efp": 0.05832728010801636,
      "months": [
        3,
        4,
        5
      ]
    },
    "AMJ": {
      "efp": 0.08235909301334161,
      "months": [
        4,
        5,
        6
      ]
    },
    "MJJ": {
      "efp": 0.08224100393629082,
      "months": [
        5,
        6,
        7
      ]
    },
    "JJA": {
      "efp": 0.12478978767816504,
      "months": [
        6,
        7,
        8
      ]
    },
    "JAS": {
      "efp": 0.11592113487981079,
      "months": [
        7,
        8,
        9
      ]
    },
    "ASO": {
      "efp": 0.18375902010801873,
      "months": [
        8,
        9,
        10
      ]
    },
    "SON": {
      "efp": 0.2321080988091968,
      "months": [
        9,
        10,
        11
      ]
    },
    "OND": {
      "efp": 0.23516495838598622,
      "months": [
        10,
        11,
        12
      ]
    },
    "NDJ": {
      "efp": 0.13917004564106633,
      "months": [
        11,
        12,
        1
      ]
    }
  },
  "efp_sh": {
    "DJF": {
      "efp": 0.2923282205673091,
      "months": [
        12,
        1,
        2
      ]
    },
    "JFM": {
      "efp": 0.2579385500540102,
      "months": [
        1,
        2,
        3
      ]
    },
    "FMA": {
      "efp": 0.27073935821584083,
      "months": [
        2,
        3,
        4
      ]
    },
    "MAM": {
      "efp": 0.21713774270490016,
      "months": [
        3,
        4,
        5
      ]
    },
    "AMJ": {
      "efp": 0.22138563772674852,
      "months": [
        4,
        5,
        6
      ]
    },
    "MJJ": {
      "efp": 0.30033113733671923,
      "months": [
        5,
        6,
        7
      ]
    },
    "JJA": {
      "efp": 0.3250442636364329,
      "months": [
        6,
        7,
        8
      ]
    },
    "JAS": {
      "efp": 0.31208697533995367,
      "months": [
        7,
        8,
        9
      ]
    },
    "ASO": {
      "efp": 0.3602766290937782,
      "months": [
        8,
        9,
        10
      ]
    },
    "SON": {
      "efp": 0.36970748673842485,
      "months": [
        9,
        10,
        11
      ]
    },
    "OND": {
      "efp": 0.4105380886873868,
      "months": [
        10,
        11,
        12
      ]
    },
    "NDJ": {
      "efp": 0.30901319422156037,
      "months": [
        11,
        12,
        1
      ]
    }
  },
  "efp_sh_123": {
    "DJF": {
      "efp": 0.061704542895317134,
      "months": [
        12,
        1,
        2
      ]
    },
    "JFM": {
      "efp": 0.10903471780713865,
      "months": [
        1,
        2,
        3
      ]
    },
    "FMA": {
      "efp": 0.06059678401013181,
      "months": [
        2,
        3,
        4
      ]
    },
    "MAM": {
      "efp": 0.04694467799127971,
      "months": [
        3,
        4,
        5
      ]
    },
    "AMJ": {
      "efp": 0.03821666870358523,
      "months": [
        4,
        5,
        6
      ]
    },
    "MJJ": {
      "efp": 0.01612265950686006,
      "months": [
        5,
        6,
        7
      ]
    },
    "JJA": {
      "efp": 0.02863203317996025,
      "months": [
        6,
        7,
        8
      ]
    },
    "JAS": {
      "efp": 0.017976755080217365,
      "months": [
        7,
        8,
        9
      ]
    },
    "ASO": {
      "efp": 0.0226001816936033,
      "months": [
        8,
        9,
        10
      ]
    },
    "SON": {
      "efp": 0.020660946891322318,
      "months": [
        9,
        10,
        11
      ]
    },
    "OND": {
      "efp": 0.04519234565088258,
      "months": [
        10,
        11,
        12
      ]
    },
    "NDJ": {
      "efp": 0.054866062000392485,
      "months": [
        11,
        12,
        1
      ]
    }
  },
  "efp_sh_gt3": {
    "DJF": {
      "efp": 0.21611970516431375,
      "months": [
        12,
        1,
        2
      ]
    },
    "JFM": {
      "efp": 0.15718224117983176,
      "months": [
        1,
        2,
        3
      ]
    },
    "FMA": {
      "efp": 0.1749891946675393,
      "months": [
        2,
        3,
        4
      ]
    },
    "MAM": {
      "efp": 0.15092302770935534,
      "months": [
        3,
        4,
        5
      ]
    },
    "AMJ": {
      "efp": 0.12003191908571513,
      "months": [
        4,
        5,
        6
      ]
    },
    "MJJ": {
      "efp": 0.21360210522021741,
      "months": [
        5,
        6,
        7
      ]
    },
    "JJA": {
      "efp": 0.26625772928401675,
      "months": [
        6,
        7,
        8
      ]
    },
    "JAS": {
      "efp": 0.2835774640022907,
      "months": [
        7,
        8,
        9
      ]
    },
    "ASO": {
      "efp": 0.28513813564447865,
      "months": [
        8,
        9,
        10
      ]
    },
    "SON": {
      "efp": 0.2591031466926204,