{
  "efp_nh": {
    "DJF": {
      "efp": 0.2594960585146099,
      "months": [
        12,
        1,
        2
      ]
    },
    "JFM": {
      "efp": 0.3368385364678098,
      "months": [
        1,
        2,
        3
      ]
    },
    "FMA": {
      "efp": 0.3251438496322899,
      "months": [
        2,
        3,
        4
      ]
    },
    "MAM": {
      "efp": 0.327700735690019,
      "months": [
        3,
        4,
        5
      ]
    },
    "AMJ": {
      "efp": 0.29263492446960304,
      "months": [
        4,
        5,
        6
      ]
    },
    "MJJ": {
      "efp": 0.24622655325081924,
      "months": [
        5,
        6,
        7
      ]
    },
    "JJA": {
      "efp": 0.15750071121467898,
      "months": [
        6,
        7,
        8
      ]
    },
    "JAS": {
      "efp": 0.10596407177133443,
      "months": [
        7,
        8,
        9
      ]
    },
    "ASO": {
      "efp": 0.14479467136536786,
      "months": [
        8,
        9,
        10
      ]
    },
    "SON": {
      "efp": 0.15633442720545734,
      "months": [
        9,
        10,
        11
      ]
    },
    "OND": {
      "efp": 0.16252512394486035,
      "months": [
        10,
        11,
        12
      ]
    },
    "NDJ": {
      "efp": 0.21994328674654604,
      "months": [
        11,
        12,
        1
      ]
    }
  },
  "efp_nh_123": {
    "DJF": {
      "efp": 0.12930459929140456,
      "months": [
        12,
        1,
        2
      ]
    },
    "JFM": {
      "efp": 0.15472509536360343,
      "months": [
        1,
        2,
        3
      ]
    },
    "FMA": {
      "efp": 0.1386614450905297,
      "months": [
        2,
        3,
        4
      ]
    },
    "MAM": {
      "efp": 0.12160043445582534,
      "months": [
        3,
        4,
        5
      ]
    },
    "AMJ": {
      "efp": 0.10103105561480526,
      "months": [
        4,
        5,
        6
      ]
    },
    "MJJ": {
      "efp": 0.0789619006954487,
      "months": [
        5,
        6,
        7
      ]
    },
    "JJA": {
      "efp": 0.03592549469522773,
      "months": [
        6,
        7,
        8
      ]
    },
    "JAS": {
      "efp": 0.04623145339068163,
      "months": [
        7,
        8,
        9
      ]
    },
    "ASO": {
      "efp": 0.057487175023344134,
      "months": [
        8,
        9,
        10
      ]
    },
    "SON": {
      "efp": 0.04417317721830671,
      "months": [
        9,
        10,
        11
      ]
    },
    "OND": {
      "efp": 0.05389613880554488,
      "months": [
        10,
        11,
        12
      ]
    },
    "NDJ": {
      "efp": 0.07265742756421811,
      "months": [
        11,
        12,
        1
      ]
    }
  },
  "efp_nh_gt3": {
    "DJF": {
      "efp": 0.14108649102243537,
      "months": [
        12,
        1,
        2
      ]
    },
    "JFM": {
      "efp": 0.1748290026444011,
      "months": [
        1,
        2,
        3
      ]
    },
    "FMA": {
      "efp": 0.18019873036848394,
      "months": [
        2,
        3,
        4
      ]
    },
    "MAM": {
      "efp": 0.21487738209829943,
      "months": [
        3,
        4,
        5
      ]
    },
    "AMJ": {
      "efp": 0.19087462266776156,
      "months": [
        4,
        5,
        6
      ]
    },
    "MJJ": {
      "efp": 0.1222653412382448,
      "months": [
        5,
        6,
        7
      ]
    },
    "JJA": {
      "efp": 0.12712302673749,
      "months": [
        6,
        7,
        8
      ]
    },
    "JAS": {
      "efp": 0.1002841419977789,
      "months": [
        7,
        8,
        9
      ]
    },
    "ASO": {
      "efp": 0.1072183046889308,
      "months": [
        8,
        9,
        10
      ]
    },
    "SON": {
      "efp": 0.07909127497051291,
      "months": [
        9,
        10,
        11
      ]
    },
    "OND": {
      "efp": 0.1133412587458251,
      "months": [
        10,
        11,
        12
      ]
    },
    "NDJ": {
      "efp": 0.16050097130208563,
      "months": [
        11,
        12,
        1
      ]
    }
  },
  "efp_sh": {
    "DJF": {
      "efp": 0.31360387151236185,
      "months": [
        12,
        1,
        2
      ]
    },
    "JFM": {
      "efp": 0.24183703815338928,
      "months": [
        1,
        2,
        3
      ]
    },
    "FMA": {
      "efp": 0.17783818874133808,
      "months": [
        2,
        3,
        4
      ]
    },
    "MAM": {
      "efp": 0.1959086355428934,
      "months": [
        3,
        4,
        5
      ]
    },
    "AMJ": {
      "efp": 0.18994859105542564,
      "months": [
        4,
        5,
        6
      ]
    },
    "MJJ": {
      "efp": 0.315412868894241,
      "months": [
        5,
        6,
        7
      ]
    },
    "JJA": {
      "efp": 0.3744841140720523,
      "months": [
        6,
        7,
        8
      ]
    },
    "JAS": {
      "efp": 0.39816539828198205,
      "months": [
        7,
        8,
        9
      ]
    },
    "ASO": {
      "efp": 0.3894568428395576,
      "months": [
        8,
        9,
        10
      ]
    },
    "SON": {
      "efp": 0.34244593086548003,
      "months": [
        9,
        10,
        11
      ]
    },
    "OND": {
      "efp": 0.36343282957584916,
      "months": [
        10,
        11,
        12
      ]
    },
    "NDJ": {
      "efp": 0.3044421302309193,
      "months": [
        11,
        12,
        1
      ]
    }
  },
  "efp_sh_123": {
    "DJF": {
      "efp": 0.09668947804985338,
      "months": [
        12,
        1,
        2
      ]
    },
    "JFM": {
      "efp": 0.08183697102560208,
      "months": [
        1,
        2,
        3
      ]
    },
    "FMA": {
      "efp": 0.05069268456851087,
      "months": [
        2,
        3,
        4
      ]
    },
    "MAM": {
      "efp": 0.036682941750406255,
      "months": [
        3,
        4,
        5
      ]
    },
    "AMJ": {
      "efp": 0.026757755023677648,
      "months": [
        4,
        5,
        6
      ]
    },
    "MJJ": {
      "efp": 0.03468081970765029,
      "months": [
        5,
        6,
        7
      ]
    },
    "JJA": {
      "efp": 0.031617420402907256,
      "months": [
        6,
        7,
        8
      ]
    },
    "JAS": {
      "efp": 0.03684479188810432,
      "months": [
        7,
        8,
        9
      ]
    },
    "ASO": {
      "efp": 0.035358333776995494,
      "months": [
        8,
        9,
        10
      ]
    },
    "SON": {
      "efp": 0.04086335954919869,
      "months": [
        9,
        10,
        11
      ]
    },
    "OND": {
      "efp": 0.0821723045202949,
      "months": [
        10,
        11,
        12
      ]
    },
    "NDJ": {
      "efp": 0.08458535330053045,
      "months": [
        11,
        12,
        1
      ]
    }
  },
  "efp_sh_gt3": {
    "DJF": {
      "efp": 0.31110804037138984,
      "months": [
        12,
        1,
        2
      ]
    },
    "JFM": {
      "efp": 0.2320395432029194,
      "months": [
        1,
        2,
        3
      ]
    },
    "FMA": {
      "efp": 0.14751494724518516,
      "months": [
        2,
        3,
        4
      ]
    },
    "MAM": {
      "efp": 0.1873225838001698,
      "months": [
        3,
        4,
        5
      ]
    },
    "AMJ": {
      "efp": 0.1565247133691669,
      "months": [
        4,
        5,
        6
      ]
    },
    "MJJ": {
      "efp": 0.1977932189162813,
      "months": [
        5,
        6,
        7
      ]
    },
    "JJA": {
      "efp": 0.2776321938724911,
      "months": [
        6,
        7,
        8
      ]
    },
    "JAS": {
      "efp": 0.302690117677148,
      "months": [
        7,
        8,
        9
      ]
    },
    "ASO": {
      "efp": 0.2877297758396568,
      "months": [
        8,
        9,
        10
      ]
    },
    "SON": {
      "efp": 0.26509155633844106,
      "months": [
        9,
        10,
        11
      ]
    },