{
  "efp_nh": {
    "DJF": {
      "efp": 0.3584132147759845,
      "months": [
        12,
        1,
        2
      ]
    },
    "JFM": {
      "efp": 0.3444797266811197,
      "months": [
        1,
        2,
        3
      ]
    },
    "FMA": {
      "efp": 0.3310657543483135,
      "months": [
        2,
        3,
        4
      ]
    },
    "MAM": {
      "efp": 0.30625283837411266,
      "months": [
        3,
        4,
        5
      ]
    },
    "AMJ": {
      "efp": 0.23260159742260522,
      "months": [
        4,
        5,
        6
      ]
    },
    "MJJ": {
      "efp": 0.22059030995569942,
      "months": [
        5,
        6,
        7
      ]
    },
    "JJA": {
      "efp": 0.15506739912900652,
      "months": [
        6,
        7,
        8
      ]
    },
    "JAS": {
      "efp": 0.19104362153291407,
      "months": [
        7,
        8,
        9
      ]
    },
    "ASO": {
      "efp": 0.18565620288309903,
      "months": [
        8,
        9,
        10
      ]
    },
    "SON": {
      "efp": 0.14571696150037408,
      "months": [
        9,
        10,
        11
      ]
    },
    "OND": {
      "efp": 0.22122699096700407,
      "months": [
        10,
        11,
        12
      ]
    },
    "NDJ": {
      "efp": 0.31286206394206206,
      "months": [
        11,
        12,
        1
      ]
    }
  },
  "efp_nh_123": {
    "DJF": {
      "efp": 0.1348801278011271,
      "months": [
        12,
        1,
        2
      ]
    },
    "JFM": {
      "efp": 0.11844500305759414,
      "months": [
        1,
        2,
        3
      ]
    },
    "FMA": {
      "efp": 0.1079302536860214,
      "months": [
        2,
        3,
        4
      ]
    },
    "MAM": {
      "efp": 0.09124718438571952,
      "months": [
        3,
        4,
        5
      ]
    },
    "AMJ": {
      "efp": 0.05225547351612893,
      "months": [
        4,
        5,
        6
      ]
    },
    "MJJ": {
      "efp": 0.0313560915718866,
      "months": [
        5,
        6,
        7
      ]
    },
    "JJA": {
      "efp": 0.04152759313201434,
      "months": [
        6,
        7,
        8
      ]
    },
    "JAS": {
      "efp": 0.048480356260918685,
      "months": [
        7,
        8,
        9
      ]
    },
    "ASO": {
      "efp": 0.03329175822219077,
      "months": [
        8,
        9,
        10
      ]
    },
    "SON": {
      "efp": 0.03914529222303711,
      "months": [
        9,
        10,
        11
      ]
    },
    "OND": {
      "efp": 0.055355810460538536,
      "months": [
        10,
        11,
        12
      ]
    },
    "NDJ": {
      "efp": 0.07895604219531538,
      "months": [
        11,
        12,
        1
      ]
    }
  },
  "efp_nh_gt3": {
    "DJF": {
      "efp": 0.2282337989057947,
      "months": [
        12,
        1,
        2
      ]
    },
    "JFM": {
      "efp": 0.23939796038292147,
      "months": [
        1,
        2,
        3
      ]
    },
    "FMA": {
      "efp": 0.2183223018982828,
      "months": [
        2,
        3,
        4
      ]
    },
    "MAM": {
      "efp": 0.2152487535928216,
      "months": [
        3,
        4,
        5
      ]
    },
    "AMJ": {
      "efp": 0.18232735994777446,
      "months": [
        4,
        5,
        6
      ]
    },
    "MJJ": {
      "efp": 0.16644818006325124,
      "months": [
        5,
        6,
        7
      ]
    },
    "JJA": {
      "efp": 0.10517056772699478,
      "months": [
        6,
        7,
        8
      ]
    },
    "JAS": {
      "efp": 0.1259662789578734,
      "months": [
        7,
        8,
        9
      ]
    },
    "ASO": {
      "efp": 0.1508505158278199,
      "months": [
        8,
        9,
        10
      ]
    },
    "SON": {
      "efp": 0.10354272193139653,
      "months": [
        9,
        10,
        11
      ]
    },
    "OND": {
      "efp": 0.15980763960671981,
      "months": [
        10,
        11,
        12
      ]
    },
    "NDJ": {
      "efp": 0.21666399167907677,
      "months": [
        11,
        12,
        1
      ]
    }
  },
  "efp_sh": {
    "DJF": {
      "efp": 0.22957114822700095,
      "months": [
        12,
        1,
        2
      ]
    },
    "JFM": {
      "efp": 0.12670485465890474,
      "months": [
        1,
        2,
        3
      ]
    },
    "FMA": {
      "efp": 0.10458716736652038,
      "months": [
        2,
        3,
        4
      ]
    },
    "MAM": {
      "efp": 0.23283547083793385,
      "months": [
        3,
        4,
        5
      ]
    },
    "AMJ": {
      "efp": 0.3165308167347864,
      "months": [
        4,
        5,
        6
      ]
    },
    "MJJ": {
      "efp": 0.2892748341660432,
      "months": [
        5,
        6,
        7
      ]
    },
    "JJA": {
      "efp": 0.3586141693273534,
      "months": [
        6,
        7,
        8
      ]
    },
    "JAS": {
      "efp": 0.36052782235002634,
      "months": [
        7,
        8,
        9
      ]
    },
    "ASO": {
      "efp": 0.368080217016975,
      "months": [
        8,
        9,
        10
      ]
    },
    "SON": {
      "efp": 0.3900892873395602,
      "months": [
        9,
        10,
        11
      ]
    },
    "OND": {
      "efp": 0.3191269133338944,
      "months": [
        10,
        11,
        12
      ]
    },
    "NDJ": {
      "efp": 0.25463066714219174,
      "months": [
        11,
        12,
        1
      ]
    }
  },
  "efp_sh_123": {
    "DJF": {
      "efp": 0.06765160124916274,
      "months": [
        12,
        1,
        2
      ]
    },
    "JFM": {
      "efp": 0.0509739745386867,
      "months": [
        1,
        2,
        3
      ]
    },
    "FMA": {
      "efp": 0.028589372509368032,
      "months": [
        2,
        3,
        4
      ]
    },
    "MAM": {
      "efp": 0.0549069814864906,
      "months": [
        3,
        4,
        5
      ]
    },
    "AMJ": {
      "efp": 0.056686958005292325,
      "months": [
        4,
        5,
        6
      ]
    },
    "MJJ": {
      "efp": 0.0819700247227877,
      "months": [
        5,
        6,
        7
      ]
    },
    "JJA": {
      "efp": 0.03615868254849545,
      "months": [
        6,
        7,
        8
      ]
    },
    "JAS": {
      "efp": 0.017298575299503485,
      "months": [
        7,
        8,
        9
      ]
    },
    "ASO": {
      "efp": 0.017614068995047697,
      "months": [
        8,
        9,
        10
      ]
    },
    "SON": {
      "efp": 0.031230555072298372,
      "months": [
        9,
        10,
        11
      ]
    },
    "OND": {
      "efp": 0.044751272244428236,
      "months": [
        10,
        11,
        12
      ]
    },
    "NDJ": {
      "efp": 0.0901254612572752,
      "months": [
        11,
        12,
        1
      ]
    }
  },
  "efp_sh_gt3": {
    "DJF": {
      "efp": 0.20948613861254609,
      "months": [
        12,
        1,
        2
      ]
    },
    "JFM": {
      "efp": 0.1139509183073711,
      "months": [
        1,
        2,
        3
      ]
    },
    "FMA": {
      "efp": 0.10516393519053056,
      "months": [
        2,
        3,
        4
      ]
    },
    "MAM": {
      "efp": 0.23505866756107396,
      "months": [
        3,
        4,
        5
      ]
    },
    "AMJ": {
      "efp": 0.32353921669617713,
      "months": [
        4,
        5,
        6
      ]
    },
    "MJJ": {
      "efp": 0.3293438705706227,
      "months": [
        5,
        6,
        7
      ]
    },
    "JJA": {
      "efp": 0.3463095491070124,
      "months": [
        6,
        7,
        8
      ]
    },
    "JAS": {
      "efp": 0.3007274283473756,
      "months": [
        7,
        8,
        9
      ]
    },
    "ASO": {
      "efp": 0.276113671473185,
      "months": [
        8,
        9,
        10
      ]
    },
    "SON": {
      "efp": 0.30706879768813167,
      "months": [
        9,
        10,
        11
      ]
    },