{
  "efp_nh": {
    "DJF": {
      "efp": 0.25290651265446346,
      "months": [
        12,
        1,
        2
      ]
    },
    "JFM": {
      "efp": 0.23169570877938772,
      "months": [
        1,
        2,
        3
      ]
    },
    "FMA": {
      "efp": 0.21695246037973892,
      "months": [
        2,
        3,
        4
      ]
    },
    "MAM": {
      "efp": 0.2284621058601752,
      "months": [
        3,
        4,
        5
      ]
    },
    "AMJ": {
      "efp": 0.28189708624779514,
      "months": [
        4,
        5,
        6
      ]
    },
    "MJJ": {
      "efp": 0.29469194786567104,
      "months": [
        5,
        6,
        7
      ]
    },
    "JJA": {
      "efp": 0.20837272198986773,
      "months": [
        6,
        7,
        8
      ]
    },
    "JAS": {
      "efp": 0.1954840949737621,
      "months": [
        7,
        8,
        9
      ]
    },
    "ASO": {
      "efp": 0.183615740100279,
      "months": [
        8,
        9,
        10
      ]
    },
    "SON": {
      "efp": 0.16879079546819553,
      "months": [
        9,
        10,
        11
      ]
    },
    "OND": {
      "efp": 0.29918000359655716,
      "months": [
        10,
        11,
        12
      ]
    },
    "NDJ": {
      "efp": 0.33157111950906654,
      "months": [
        11,
        12,
        1
      ]
    }
  },
  "efp_nh_123": {
    "DJF": {
      "efp": 0.07896795748396242,
      "months": [
        12,
        1,
        2
      ]
    },
    "JFM": {
      "efp": 0.08845647418398948,
      "months": [
        1,
        2,
        3
      ]
    },
    "FMA": {
      "efp": 0.10076776607954405,
      "months": [
        2,
        3,
        4
      ]
    },
    "MAM": {
      "efp": 0.05546625472493014,
      "months": [
        3,
        4,
        5
      ]
    },
    "AMJ": {
      "efp": 0.0696922456425021,
      "months": [
        4,
        5,
        6
      ]
    },
    "MJJ": {
      "efp": 0.07589865129673388,
      "months": [
        5,
        6,
        7
      ]
    },
    "JJA": {
      "efp": 0.045322340549916705,
      "months": [
        6,
        7,
        8
      ]
    },
    "JAS": {
      "efp": 0.045572292678713135,
      "months": [
        7,
        8,
        9
      ]
    },
    "ASO": {
      "efp": 0.024038495780581832,
      "months": [
        8,
        9,
        10
      ]
    },
    "SON": {
      "efp": 0.05506451247152707,
      "months": [
        9,
        10,
        11
      ]
    },
    "OND": {
      "efp": 0.06250183210792372,
      "months": [
        10,
        11,
        12
      ]
    },
    "NDJ": {
      "efp": 0.09565030578695284,
      "months": [
        11,
        12,
        1
      ]
    }
  },
  "efp_nh_gt3": {
    "DJF": {
      "efp": 0.16205107543411099,
      "months": [
        12,
        1,
        2
      ]
    },
    "JFM": {
      "efp": 0.18582481813856236,
      "months": [
        1,
        2,
        3
      ]
    },
    "FMA": {
      "efp": 0.13320102670471787,
      "months": [
        2,
        3,
        4
      ]
    },
    "MAM": {
      "efp": 0.17927812477910146,
      "months": [
        3,
        4,
        5
      ]
    },
    "AMJ": {
      "efp": 0.19878348726749162,
      "months": [
        4,
        5,
        6
      ]
    },
    "MJJ": {
      "efp": 0.2007917648448604,
      "months": [
        5,
        6,
        7
      ]
    },
    "JJA": {
      "efp": 0.13705704688461479,
      "months": [
        6,
        7,
        8
      ]
    },
    "JAS": {
      "efp": 0.1568483432383594,
      "months": [
        7,
        8,
        9
      ]
    },
    "ASO": {
      "efp": 0.151998427965098,
      "months": [
        8,
        9,
        10
      ]
    },
    "SON": {
      "efp": 0.14210914461412347,
      "months": [
        9,
        10,
        11
      ]
    },
    "OND": {
      "efp": 0.2009046277899077,
      "months": [
        10,
        11,
        12
      ]
    },
    "NDJ": {
      "efp": 0.21088322867974768,
      "months": [
        11,
        12,
        1
      ]
    }
  },
  "efp_sh": {
    "DJF": {
      "efp": 0.24463872846123363,
      "months": [
        12,
        1,
        2
      ]
    },
    "JFM": {
      "efp": 0.24904298988236218,
      "months": [
        1,
        2,
        3
      ]
    },
    "FMA": {
      "efp": 0.18299997448352115,
      "months": [
        2,
        3,
        4
      ]
    },
    "MAM": {
      "efp": 0.26463412123499236,
      "months": [
        3,
        4,
        5
      ]
    },
    "AMJ": {
      "efp": 0.33352705813560474,
      "months": [
        4,
        5,
        6
      ]
    },
    "MJJ": {
      "efp": 0.3647687828400354,
      "months": [
        5,
        6,
        7
      ]
    },
    "JJA": {
      "efp": 0.32702976824914226,
      "months": [
        6,
        7,
        8
      ]
    },
    "JAS": {
      "efp": 0.33508900627549876,
      "months": [
        7,
        8,
        9
      ]
    },
    "ASO": {
      "efp": 0.29515399307896006,
      "months": [
        8,
        9,
        10
      ]
    },
    "SON": {
      "efp": 0.30207605043756286,
      "months": [
        9,
        10,
        11
      ]
    },
    "OND": {
      "efp": 0.2956533325191056,
      "months": [
        10,
        11,
        12
      ]
    },
    "NDJ": {
      "efp": 0.19820885984191164,
      "months": [
        11,
        12,
        1
      ]
    }
  },
  "efp_sh_123": {
    "DJF": {
      "efp": 0.03813244800852436,
      "months": [
        12,
        1,
        2
      ]
    },
    "JFM": {
      "efp": 0.07327130509577681,
      "months": [
        1,
        2,
        3
      ]
    },
    "FMA": {
      "efp": 0.03930032200401302,
      "months": [
        2,
        3,
        4
      ]
    },
    "MAM": {
      "efp": 0.039723899172524064,
      "months": [
        3,
        4,
        5
      ]
    },
    "AMJ": {
      "efp": 0.043282322577332104,
      "months": [
        4,
        5,
        6
      ]
    },
    "MJJ": {
      "efp": 0.0421260754369665,
      "months": [
        5,
        6,
        7
      ]
    },
    "JJA": {
      "efp": 0.04250774335460212,
      "months": [
        6,
        7,
        8
      ]
    },
    "JAS": {
      "efp": 0.05241668139151699,
      "months": [
        7,
        8,
        9
      ]
    },
    "ASO": {
      "efp": 0.03136513155387905,
      "months": [
        8,
        9,
        10
      ]
    },
    "SON": {
      "efp": 0.023270881854135752,
      "months": [
        9,
        10,
        11
      ]
    },
    "OND": {
      "efp": 0.04594713367992076,
      "months": [
        10,
        11,
        12
      ]
    },
    "NDJ": {
      "efp": 0.029232408675377266,
      "months": [
        11,
        12,
        1
      ]
    }
  },
  "efp_sh_gt3": {
    "DJF": {
      "efp": 0.1805987209727878,
      "months": [
        12,
        1,
        2
      ]
    },
    "JFM": {
      "efp": 0.23683615489872512,
      "months": [
        1,
        2,
        3
      ]
    },
    "FMA": {
      "efp": 0.14885281310514067,
      "months": [
        2,
        3,
        4
      ]
    },
    "MAM": {
      "efp": 0.21510791604971316,
      "months": [
        3,
        4,
        5
      ]
    },
    "AMJ": {
      "efp": 0.29768138595242827,
      "months": [
        4,
        5,
        6
      ]
    },
    "MJJ": {
      "efp": 0.30912959397642154,
      "months": [
        5,
        6,
        7
      ]
    },
    "JJA": {
      "efp": 0.301858575650873,
      "months": [
        6,
        7,
        8
      ]
    },
    "JAS": {
      "efp": 0.2929162751859864,
      "months": [
        7,
        8,
        9
      ]
    },
    "ASO": {
      "efp": 0.2621685706450889,
      "months": [
        8,
        9,
        10
      ]
    },
    "SON": {
      "efp": 0.2740566952911732,
      "months": [
        9,
        10,
        11
      ]
    },