{
  "efp_nh": {
    "DJF": {
      "efp": 0.35403687106942744,
      "months": [
        12,
        1,
        2
      ]
    },
    "JFM": {
      "efp": 0.2956227687826682,
      "months": [
        1,
        2,
        3
      ]
    },
    "FMA": {
      "efp": 0.3227536952591038,
      "months": [
        2,
        3,
        4
      ]
    },
    "MAM": {
      "efp": 0.29517275005056504,
      "months": [
        3,
        4,
        5
      ]
    },
    "AMJ": {
      "efp": 0.21720489750735456,
      "months": [
        4,
        5,
        6
      ]
    },
    "MJJ": {
      "efp": 0.2266119350317246,
      "months": [
        5,
        6,
        7
      ]
    },
    "JJA": {
      "efp": 0.24294379587548526,
      "months": [
        6,
        7,
        8
      ]
    },
    "JAS": {
      "efp": 0.26257816023983077,
      "months": [
        7,
        8,
        9
      ]
    },
    "ASO": {
      "efp": 0.242075980632493,
      "months": [
        8,
        9,
        10
      ]
    },
    "SON": {
      "efp": 0.20102135468741814,
      "months": [
        9,
        10,
        11
      ]
    },
    "OND": {
      "efp": 0.2796634903138179,
      "months": [
        10,
        11,
        12
      ]
    },
    "NDJ": {
      "efp": 0.34837560303010623,
      "months": [
        11,
        12,
        1
      ]
    }
  },
  "efp_nh_123": {
    "DJF": {
      "efp": 0.11379288226168345,
      "months": [
        12,
        1,
        2
      ]
    },
    "JFM": {
      "efp": 0.09710611763153582,
      "months": [
        1,
        2,
        3
      ]
    },
    "FMA": {
      "efp": 0.11332457640453912,
      "months": [
        2,
        3,
        4
      ]
    },
    "MAM": {
      "efp": 0.08266963055693495,
      "months": [
        3,
        4,
        5
      ]
    },
    "AMJ": {
      "efp": 0.04175850584941157,
      "months": [
        4,
        5,
        6
      ]
    },
    "MJJ": {
      "efp": 0.04596589641253021,
      "months": [
        5,
        6,
        7
      ]
    },
    "JJA": {
      "efp": 0.03283521125871268,
      "months": [
        6,
        7,
        8
      ]
    },
    "JAS": {
      "efp": 0.050909490225844276,
      "months": [
        7,
        8,
        9
      ]
    },
    "ASO": {
      "efp": 0.037023002002261676,
      "months": [
        8,
        9,
        10
      ]
    },
    "SON": {
      "efp": 0.031074147001985717,
      "months": [
        9,
        10,
        11
      ]
    },
    "OND": {
      "efp": 0.05210044970636243,
      "months": [
        10,
        11,
        12
      ]
    },
    "NDJ": {
      "efp": 0.14534292055724907,
      "months": [
        11,
        12,
        1
      ]
    }
  },
  "efp_nh_gt3": {
    "DJF": {
      "efp": 0.24954792491431085,
      "months": [
        12,
        1,
        2
      ]
    },
    "JFM": {
      "efp": 0.2075936783973054,
      "months": [
        1,
        2,
        3
      ]
    },
    "FMA": {
      "efp": 0.18652001011680772,
      "months": [
        2,
        3,
        4
      ]
    },
    "MAM": {
      "efp": 0.1618805955483369,
      "months": [
        3,
        4,
        5
      ]
    },
    "AMJ": {
      "efp": 0.1455469349167905,
      "months": [
        4,
        5,
        6
      ]
    },
    "MJJ": {
      "efp": 0.23536129528145977,
      "months": [
        5,
        6,
        7
      ]
    },
    "JJA": {
      "efp": 0.20343714568351176,
      "months": [
        6,
        7,
        8
      ]
    },
    "JAS": {
      "efp": 0.20671338454271912,
      "months": [
        7,
        8,
        9
      ]
    },
    "ASO": {
      "efp": 0.17768762349845363,
      "months": [
        8,
        9,
        10
      ]
    },
    "SON": {
      "efp": 0.1942864647900629,
      "months": [
        9,
        10,
        11
      ]
    },
    "OND": {
      "efp": 0.22500725608134114,
      "months": [
        10,
        11,
        12
      ]
    },
    "NDJ": {
      "efp": 0.2053082312317502,
      "months": [
        11,
        12,
        1
      ]
    }
  },
  "efp_sh": {
    "DJF": {
      "efp": 0.2691880847310605,
      "months": [
        12,
        1,
        2
      ]
    },
    "JFM": {
      "efp": 0.21818642378409178,
      "months": [
        1,
        2,
        3
      ]
    },
    "FMA": {
      "efp": 0.17814395787104567,
      "months": [
        2,
        3,
        4
      ]
    },
    "MAM": {
      "efp": 0.22663485630755553,
      "months": [
        3,
        4,
        5
      ]
    },
    "AMJ": {
      "efp": 0.31057275576390775,
      "months": [
        4,
        5,
        6
      ]
    },
    "MJJ": {
      "efp": 0.32956558147345916,
      "months": [
        5,
        6,
        7
      ]
    },
    "JJA": {
      "efp": 0.3478059085454857,
      "months": [
        6,
        7,
        8
      ]
    },
    "JAS": {
      "efp": 0.32723082879887355,
      "months": [
        7,
        8,
        9
      ]
    },
    "ASO": {
      "efp": 0.30257262839008764,
      "months": [
        8,
        9,
        10
      ]
    },
    "SON": {
      "efp": 0.3383642428351297,
      "months": [
        9,
        10,
        11
      ]
    },
    "OND": {
      "efp": 0.32977829474481407,
      "months": [
        10,
        11,
        12
      ]
    },
    "NDJ": {
      "efp": 0.28647112322183316,
      "months": [
        11,
        12,
        1
      ]
    }
  },
  "efp_sh_123": {
    "DJF": {
      "efp": 0.09839426296070244,
      "months": [
        12,
        1,
        2
      ]
    },
    "JFM": {
      "efp": 0.08659985317781277,
      "months": [
        1,
        2,
        3
      ]
    },
    "FMA": {
      "efp": 0.05319839992400576,
      "months": [
        2,
        3,
        4
      ]
    },
    "MAM": {
      "efp": 0.06643492824236111,
      "months": [
        3,
        4,
        5
      ]
    },
    "AMJ": {
      "efp": 0.12135828203694397,
      "months": [
        4,
        5,
        6
      ]
    },
    "MJJ": {
      "efp": 0.08110976735229315,
      "months": [
        5,
        6,
        7
      ]
    },
    "JJA": {
      "efp": 0.07044859395254005,
      "months": [
        6,
        7,
        8
      ]
    },
    "JAS": {
      "efp": 0.038387092902942524,
      "months": [
        7,
        8,
        9
      ]
    },
    "ASO": {
      "efp": 0.02679353113841448,
      "months": [
        8,
        9,
        10
      ]
    },
    "SON": {
      "efp": 0.02835498974915707,
      "months": [
        9,
        10,
        11
      ]
    },
    "OND": {
      "efp": 0.05241087203745772,
      "months": [
        10,
        11,
        12
      ]
    },
    "NDJ": {
      "efp": 0.06833881369084575,
      "months": [
        11,
        12,
        1
      ]
    }
  },
  "efp_sh_gt3": {
    "DJF": {
      "efp": 0.19566205537812903,
      "months": [
        12,
        1,
        2
      ]
    },
    "JFM": {
      "efp": 0.18555182876706608,
      "months": [
        1,
        2,
        3
      ]
    },
    "FMA": {
      "efp": 0.13615404954302746,
      "months": [
        2,
        3,
        4
      ]
    },
    "MAM": {
      "efp": 0.14931741213709182,
      "months": [
        3,
        4,
        5
      ]
    },
    "AMJ": {
      "efp": 0.20250862578131515,
      "months": [
        4,
        5,
        6
      ]
    },
    "MJJ": {
      "efp": 0.24486036531518748,
      "months": [
        5,
        6,
        7
      ]
    },
    "JJA": {
      "efp": 0.3404842648710757,
      "months": [
        6,
        7,
        8
      ]
    },
    "JAS": {
      "efp": 0.3054157184255738,
      "months": [
        7,
        8,
        9
      ]
    },
    "ASO": {
      "efp": 0.27989606652635934,
      "months": [
        8,
        9,
        10
      ]
    },
    "SON": {
      "efp": 0.28645645488847615,
      "months": [
        9,
        10,
        11
      ]
    },