{
  "efp_nh": {
    "DJF": {
      "efp": 0.2709709225582579,
      "months": [
        12,
        1,
        2
      ]
    },
    "JFM": {
      "efp": 0.2725159152201813,
      "months": [
        1,
        2,
        3
      ]
    },
    "FMA": {
      "efp": 0.24604424601153266,
      "months": [
        2,
        3,
        4
      ]
    },
    "MAM": {
      "efp": 0.2466642518824569,
      "months": [
        3,
        4,
        5
      ]
    },
    "AMJ": {
      "efp": 0.34385473424473506,
      "months": [
        4,
        5,
        6
      ]
    },
    "MJJ": {
      "efp": 0.353445943540151,
      "months": [
        5,
        6,
        7
      ]
    },
    "JJA": {
      "efp": 0.3023141431284214,
      "months": [
        6,
        7,
        8
      ]
    },
    "JAS": {
      "efp": 0.19052066042550866,
      "months": [
        7,
        8,
        9
      ]
    },
    "ASO": {
      "efp": 0.16722042574497575,
      "months": [
        8,
        9,
        10
      ]
    },
    "SON": {
      "efp": 0.20023393688422028,
      "months": [
        9,
        10,
        11
      ]
    },
    "OND": {
      "efp": 0.25846410937904496,
      "months": [
        10,
        11,
        12
      ]
    },
    "NDJ": {
      "efp": 0.2495462410098279,
      "months": [
        11,
        12,
        1
      ]
    }
  },
  "efp_nh_123": {
    "DJF": {
      "efp": 0.044640210071643316,
      "months": [
        12,
        1,
        2
      ]
    },
    "JFM": {
      "efp": 0.043716958857763735,
      "months": [
        1,
        2,
        3
      ]
    },
    "FMA": {
      "efp": 0.05157404149808651,
      "months": [
        2,
        3,
        4
      ]
    },
    "MAM": {
      "efp": 0.03875406154359473,
      "months": [
        3,
        4,
        5
      ]
    },
    "AMJ": {
      "efp": 0.06895549479898468,
      "months": [
        4,
        5,
        6
      ]
    },
    "MJJ": {
      "efp": 0.10745345435573873,
      "months": [
        5,
        6,
        7
      ]
    },
    "JJA": {
      "efp": 0.07874128081016993,
      "months": [
        6,
        7,
        8
      ]
    },
    "JAS": {
      "efp": 0.04644936891633531,
      "months": [
        7,
        8,
        9
      ]
    },
    "ASO": {
      "efp": 0.055131844455029895,
      "months": [
        8,
        9,
        10
      ]
    },
    "SON": {
      "efp": 0.03307624033418373,
      "months": [
        9,
        10,
        11
      ]
    },
    "OND": {
      "efp": 0.033349348526697936,
      "months": [
        10,
        11,
        12
      ]
    },
    "NDJ": {
      "efp": 0.03483933153493283,
      "months": [
        11,
        12,
        1
      ]
    }
  },
  "efp_nh_gt3": {
    "DJF": {
      "efp": 0.23931996036619796,
      "months": [
        12,
        1,
        2
      ]
    },
    "JFM": {
      "efp": 0.22341270001533847,
      "months": [
        1,
        2,
        3
      ]
    },
    "FMA": {
      "efp": 0.18127483775898812,
      "months": [
        2,
        3,
        4
      ]
    },
    "MAM": {
      "efp": 0.20999123508526082,
      "months": [
        3,
        4,
        5
      ]
    },
    "AMJ": {
      "efp": 0.2479338749588798,
      "months": [
        4,
        5,
        6
      ]
    },
    "MJJ": {
      "efp": 0.281237080241482,
      "months": [
        5,
        6,
        7
      ]
    },
    "JJA": {
      "efp": 0.21276984268470675,
      "months": [
        6,
        7,
        8
      ]
    },
    "JAS": {
      "efp": 0.13563436155704525,
      "months": [
        7,
        8,
        9
      ]
    },
    "ASO": {
      "efp": 0.12043661904731874,
      "months": [
        8,
        9,
        10
      ]
    },
    "SON": {
      "efp": 0.16685201817631123,
      "months": [
        9,
        10,
        11
      ]
    },
    "OND": {
      "efp": 0.2689583213166138,
      "months": [
        10,
        11,
        12
      ]
    },
    "NDJ": {
      "efp": 0.2759843001007513,
      "months": [
        11,
        12,
        1
      ]
    }
  },
  "efp_sh": {
    "DJF": {
      "efp": 0.3541286775885804,
      "months": [
        12,
        1,
        2
      ]
    },
    "JFM": {
      "efp": 0.2688077710734676,
      "months": [
        1,
        2,
        3
      ]
    },
    "FMA": {
      "efp": 0.16920369052171605,
      "months": [
        2,
        3,
        4
      ]
    },
    "MAM": {
      "efp": 0.28518853671593464,
      "months": [
        3,
        4,
        5
      ]
    },
    "AMJ": {
      "efp": 0.29029322768633475,
      "months": [
        4,
        5,
        6
      ]
    },
    "MJJ": {
      "efp": 0.4014900796636981,
      "months": [
        5,
        6,
        7
      ]
    },
    "JJA": {
      "efp": 0.38830170908206896,
      "months": [
        6,
        7,
        8
      ]
    },
    "JAS": {
      "efp": 0.3948016071498396,
      "months": [
        7,
        8,
        9
      ]
    },
    "ASO": {
      "efp": 0.4191697254980754,
      "months": [
        8,
        9,
        10
      ]
    },
    "SON": {
      "efp": 0.45351258420694013,
      "months": [
        9,
        10,
        11
      ]
    },
    "OND": {
      "efp": 0.4539582218285948,
      "months": [
        10,
        11,
        12
      ]
    },
    "NDJ": {
      "efp": 0.4015325832816318,
      "months": [
        11,
        12,
        1
      ]
    }
  },
  "efp_sh_123": {
    "DJF": {
      "efp": 0.06128764983719548,
      "months": [
        12,
        1,
        2
      ]
    },
    "JFM": {
      "efp": 0.05323908606917963,
      "months": [
        1,
        2,
        3
      ]
    },
    "FMA": {
      "efp": 0.04524282315067765,
      "months": [
        2,
        3,
        4
      ]
    },
    "MAM": {
      "efp": 0.02868404553356348,
      "months": [
        3,
        4,
        5
      ]
    },
    "AMJ": {
      "efp": 0.03456958777330794,
      "months": [
        4,
        5,
        6
      ]
    },
    "MJJ": {
      "efp": 0.04141513502845869,
      "months": [
        5,
        6,
        7
      ]
    },
    "JJA": {
      "efp": 0.05244726842698247,
      "months": [
        6,
        7,
        8
      ]
    },
    "JAS": {
      "efp": 0.04431969743416332,
      "months": [
        7,
        8,
        9
      ]
    },
    "ASO": {
      "efp": 0.05254661907593882,
      "months": [
        8,
        9,
        10
      ]
    },
    "SON": {
      "efp": 0.05959602897832939,
      "months": [
        9,
        10,
        11
      ]
    },
    "OND": {
      "efp": 0.0445890503403794,
      "months": [
        10,
        11,
        12
      ]
    },
    "NDJ": {
      "efp": 0.03524382904489444,
      "months": [
        11,
        12,
        1
      ]
    }
  },
  "efp_sh_gt3": {
    "DJF": {
      "efp": 0.30921674162346113,
      "months": [
        12,
        1,
        2
      ]
    },
    "JFM": {
      "efp": 0.2580640791793014,
      "months": [
        1,
        2,
        3
      ]
    },
    "FMA": {
      "efp": 0.17875267007894458,
      "months": [
        2,
        3,
        4
      ]
    },
    "MAM": {
      "efp": 0.2442920976110839,
      "months": [
        3,
        4,
        5
      ]
    },
    "AMJ": {
      "efp": 0.26504133716909256,
      "months": [
        4,
        5,
        6
      ]
    },
    "MJJ": {
      "efp": 0.3418262433734065,
      "months": [
        5,
        6,
        7
      ]
    },
    "JJA": {
      "efp": 0.3316485604632372,
      "months": [
        6,
        7,
        8
      ]
    },
    "JAS": {
      "efp": 0.28301939096902823,
      "months": [
        7,
        8,
        9
      ]
    },
    "ASO": {
      "efp": 0.30132579302087215,
      "months": [
        8,
        9,
        10
      ]
    },
    "SON": {
      "efp": 0.3242585768415519,
      "months": [
        9,
        10,
        11
      ]
    },