{
  "efp_nh": {
    "DJF": {
      "efp": 0.3630298948816013,
      "months": [
        12,
        1,
        2
      ]
    },
    "JFM": {
      "efp": 0.36376240170293417,
      "months": [
        1,
        2,
        3
      ]
    },
    "FMA": {
      "efp": 0.31924433599046026,
      "months": [
        2,
        3,
        4
      ]
    },
    "MAM": {
      "efp": 0.2591227785421809,
      "months": [
        3,
        4,
        5
      ]
    },
    "AMJ": {
      "efp": 0.22056810784667383,
      "months": [
        4,
        5,
        6
      ]
    },
    "MJJ": {
      "efp": 0.22442083905348198,
      "months": [
        5,
        6,
        7
      ]
    },
    "JJA": {
      "efp": 0.1544136903952695,
      "months": [
        6,
        7,
        8
      ]
    },
    "JAS": {
      "efp": 0.10583367224058052,
      "months": [
        7,
        8,
        9
      ]
    },
    "ASO": {
      "efp": 0.12551883293732108,
      "months": [
        8,
        9,
        10
      ]
    },
    "SON": {
      "efp": 0.13997136909779004,
      "months": [
        9,
        10,
        11
      ]
    },
    "OND": {
      "efp": 0.24509557890718026,
      "months": [
        10,
        11,
        12
      ]
    },
    "NDJ": {
      "efp": 0.2903042331601585,
      "months": [
        11,
        12,
        1
      ]
    }
  },
  "efp_nh_123": {
    "DJF": {
      "efp": 0.1645398640753559,
      "months": [
        12,
        1,
        2
      ]
    },
    "JFM": {
      "efp": 0.1766018108823521,
      "months": [
        1,
        2,
        3
      ]
    },
    "FMA": {
      "efp": 0.12465700373007314,
      "months": [
        2,
        3,
        4
      ]
    },
    "MAM": {
      "efp": 0.09139735500654803,
      "months": [
        3,
        4,
        5
      ]
    },
    "AMJ": {
      "efp": 0.05294459006171198,
      "months": [
        4,
        5,
        6
      ]
    },
    "MJJ": {
      "efp": 0.05300095541659687,
      "months": [
        5,
        6,
        7
      ]
    },
    "JJA": {
      "efp": 0.0485206379747589,
      "months": [
        6,
        7,
        8
      ]
    },
    "JAS": {
      "efp": 0.02191786033172811,
      "months": [
        7,
        8,
        9
      ]
    },
    "ASO": {
      "efp": 0.02292640698193079,
      "months": [
        8,
        9,
        10
      ]
    },
    "SON": {
      "efp": 0.018157920276088826,
      "months": [
        9,
        10,
        11
      ]
    },
    "OND": {
      "efp": 0.0636268104850137,
      "months": [
        10,
        11,
        12
      ]
    },
    "NDJ": {
      "efp": 0.09735238092084167,
      "months": [
        11,
        12,
        1
      ]
    }
  },
  "efp_nh_gt3": {
    "DJF": {
      "efp": 0.1978900385173868,
      "months": [
        12,
        1,
        2
      ]
    },
    "JFM": {
      "efp": 0.2110802067437783,
      "months": [
        1,
        2,
        3
      ]
    },
    "FMA": {
      "efp": 0.21653613100253796,
      "months": [
        2,
        3,
        4
      ]
    },
    "MAM": {
      "efp": 0.1910079988127716,
      "months": [
        3,
        4,
        5
      ]
    },
    "AMJ": {
      "efp": 0.17717931708684947,
      "months": [
        4,
        5,
        6
      ]
    },
    "MJJ": {
      "efp": 0.14777916274598824,
      "months": [
        5,
        6,
        7
      ]
    },
    "JJA": {
      "efp": 0.12238478687332788,
      "months": [
        6,
        7,
        8
      ]
    },
    "JAS": {
      "efp": 0.09630288883458184,
      "months": [
        7,
        8,
        9
      ]
    },
    "ASO": {
      "efp": 0.10629265939138767,
      "months": [
        8,
        9,
        10
      ]
    },
    "SON": {
      "efp": 0.11234599040663,
      "months": [
        9,
        10,
        11
      ]
    },
    "OND": {
      "efp": 0.14749389686317863,
      "months": [
        10,
        11,
        12
      ]
    },
    "NDJ": {
      "efp": 0.1684392090156273,
      "months": [
        11,
        12,
        1
      ]
    }
  },
  "efp_sh": {
    "DJF": {
      "efp": 0.13267237161232046,
      "months": [
        12,
        1,
        2
      ]
    },
    "JFM": {
      "efp": 0.11106705906136138,
      "months": [
        1,
        2,
        3
      ]
    },
    "FMA": {
      "efp": 0.09182100351070992,
      "months": [
        2,
        3,
        4
      ]
    },
    "MAM": {
      "efp": 0.19000135403390916,
      "months": [
        3,
        4,
        5
      ]
    },
    "AMJ": {
      "efp": 0.28858492563874205,
      "months": [
        4,
        5,
        6
      ]
    },
    "MJJ": {
      "efp": 0.3322752686845015,
      "months": [
        5,
        6,
        7
      ]
    },
    "JJA": {
      "efp": 0.3288166282021823,
      "months": [
        6,
        7,
        8
      ]
    },
    "JAS": {
      "efp": 0.30563192767292596,
      "months": [
        7,
        8,
        9
      ]
    },
    "ASO": {
      "efp": 0.2448110159736416,
      "months": [
        8,
        9,
        10
      ]
    },
    "SON": {
      "efp": 0.2870901731504995,
      "months": [
        9,
        10,
        11
      ]
    },
    "OND": {
      "efp": 0.2621828376281407,
      "months": [
        10,
        11,
        12
      ]
    },
    "NDJ": {
      "efp": 0.19616572905243781,
      "months": [
        11,
        12,
        1
      ]
    }
  },
  "efp_sh_123": {
    "DJF": {
      "efp": 0.07806500119724824,
      "months": [
        12,
        1,
        2
      ]
    },
    "JFM": {
      "efp": 0.04770093740557444,
      "months": [
        1,
        2,
        3
      ]
    },
    "FMA": {
      "efp": 0.0204760500050466,
      "months": [
        2,
        3,
        4
      ]
    },
    "MAM": {
      "efp": 0.02825038407038355,
      "months": [
        3,
        4,
        5
      ]
    },
    "AMJ": {
      "efp": 0.029392921838924023,
      "months": [
        4,
        5,
        6
      ]
    },
    "MJJ": {
      "efp": 0.022773395261963602,
      "months": [
        5,
        6,
        7
      ]
    },
    "JJA": {
      "efp": 0.011201923150472219,
      "months": [
        6,
        7,
        8
      ]
    },
    "JAS": {
      "efp": 0.011915480492164475,
      "months": [
        7,
        8,
        9
      ]
    },
    "ASO": {
      "efp": 0.013687377526220144,
      "months": [
        8,
        9,
        10
      ]
    },
    "SON": {
      "efp": 0.01685208712388496,
      "months": [
        9,
        10,
        11
      ]
    },
    "OND": {
      "efp": 0.0389592486048945,
      "months": [
        10,
        11,
        12
      ]
    },
    "NDJ": {
      "efp": 0.06983848964496313,
      "months": [
        11,
        12,
        1
      ]
    }
  },
  "efp_sh_gt3": {
    "DJF": {
      "efp": 0.13205204884598476,
      "months": [
        12,
        1,
        2
      ]
    },
    "JFM": {
      "efp": 0.0903497810143668,
      "months": [
        1,
        2,
        3
      ]
    },
    "FMA": {
      "efp": 0.0851455148618777,
      "months": [
        2,
        3,
        4
      ]
    },
    "MAM": {
      "efp": 0.1835717934189545,
      "months": [
        3,
        4,
        5
      ]
    },
    "AMJ": {
      "efp": 0.2621508547625377,
      "months": [
        4,
        5,
        6
      ]
    },
    "MJJ": {
      "efp": 0.2723341959700283,
      "months": [
        5,
        6,
        7
      ]
    },
    "JJA": {
      "efp": 0.25282147869132976,
      "months": [
        6,
        7,
        8
      ]
    },
    "JAS": {
      "efp": 0.23312163605687697,
      "months": [
        7,
        8,
        9
      ]
    },
    "ASO": {
      "efp": 0.2001420334397249,
      "months": [
        8,
        9,
        10
      ]
    },
    "SON": {
      "efp": 0.22384875809697577,
      "months": [
        9,
        10,
        11
      ]
    },