{
  "efp_nh": {
    "DJF": {
      "efp": 0.34247934183511664,
      "months": [
        12,
        1,
        2
      ]
    },
    "JFM": {
      "efp": 0.403175079461182,
      "months": [
        1,
        2,
        3
      ]
    },
    "FMA": {
      "efp": 0.39848505898267406,
      "months": [
        2,
        3,
        4
      ]
    },
    "MAM": {
      "efp": 0.31325967345370864,
      "months": [
        3,
        4,
        5
      ]
    },
    "AMJ": {
      "efp": 0.2481956515923872,
      "months": [
        4,
        5,
        6
      ]
    },
    "MJJ": {
      "efp": 0.17640219476666327,
      "months": [
        5,
        6,
        7
      ]
    },
    "JJA": {
      "efp": 0.15774650697659176,
      "months": [
        6,
        7,
        8
      ]
    },
    "JAS": {
      "efp": 0.1602194192836164,
      "months": [
        7,
        8,
        9
      ]
    },
    "ASO": {
      "efp": 0.13095698012799162,
      "months": [
        8,
        9,
        10
      ]
    },
    "SON": {
      "efp": 0.14674615532094,
      "months": [
        9,
        10,
        11
      ]
    },
    "OND": {
      "efp": 0.14622544344422217,
      "months": [
        10,
        11,
        12
      ]
    },
    "NDJ": {
      "efp": 0.26695066873731876,
      "months": [
        11,
        12,
        1
      ]
    }
  },
  "efp_nh_123": {
    "DJF": {
      "efp": 0.09282785771664158,
      "months": [
        12,
        1,
        2
      ]
    },
    "JFM": {
      "efp": 0.1436655496407652,
      "months": [
        1,
        2,
        3
      ]
    },
    "FMA": {
      "efp": 0.09454046215692287,
      "months": [
        2,
        3,
        4
      ]
    },
    "MAM": {
      "efp": 0.051105315521419746,
      "months": [
        3,
        4,
        5
      ]
    },
    "AMJ": {
      "efp": 0.04536763309443545,
      "months": [
        4,
        5,
        6
      ]
    },
    "MJJ": {
      "efp": 0.025207847925860675,
      "months": [
        5,
        6,
        7
      ]
    },
    "JJA": {
      "efp": 0.032867289675755765,
      "months": [
        6,
        7,
        8
      ]
    },
    "JAS": {
      "efp": 0.037344949717368965,
      "months": [
        7,
        8,
        9
      ]
    },
    "ASO": {
      "efp": 0.03917141330604318,
      "months": [
        8,
        9,
        10
      ]
    },
    "SON": {
      "efp": 0.05556871482025172,
      "months": [
        9,
        10,
        11
      ]
    },
    "OND": {
      "efp": 0.04876274052121204,
      "months": [
        10,
        11,
        12
      ]
    },
    "NDJ": {
      "efp": 0.07206492957871694,
      "months": [
        11,
        12,
        1
      ]
    }
  },
  "efp_nh_gt3": {
    "DJF": {
      "efp": 0.25469505019994015,
      "months": [
        12,
        1,
        2
      ]
    },
    "JFM": {
      "efp": 0.2547519239966067,
      "months": [
        1,
        2,
        3
      ]
    },
    "FMA": {
      "efp": 0.29148016858357306,
      "months": [
        2,
        3,
        4
      ]
    },
    "MAM": {
      "efp": 0.23936366716938964,
      "months": [
        3,
        4,
        5
      ]
    },
    "AMJ": {
      "efp": 0.16739901956275888,
      "months": [
        4,
        5,
        6
      ]
    },
    "MJJ": {
      "efp": 0.1004859732040087,
      "months": [
        5,
        6,
        7
      ]
    },
    "JJA": {
      "efp": 0.07829052179451473,
      "months": [
        6,
        7,
        8
      ]
    },
    "JAS": {
      "efp": 0.077083894210906,
      "months": [
        7,
        8,
        9
      ]
    },
    "ASO": {
      "efp": 0.08583258123913544,
      "months": [
        8,
        9,
        10
      ]
    },
    "SON": {
      "efp": 0.08372742617190919,
      "months": [
        9,
        10,
        11
      ]
    },
    "OND": {
      "efp": 0.10822437620795915,
      "months": [
        10,
        11,
        12
      ]
    },
    "NDJ": {
      "efp": 0.18930485617628495,
      "months": [
        11,
        12,
        1
      ]
    }
  },
  "efp_sh": {
    "DJF": {
      "efp": 0.26539506969197085,
      "months": [
        12,
        1,
        2
      ]
    },
    "JFM": {
      "efp": 0.20497575645727062,
      "months": [
        1,
        2,
        3
      ]
    },
    "FMA": {
      "efp": 0.1754481449041517,
      "months": [
        2,
        3,
        4
      ]
    },
    "MAM": {
      "efp": 0.23730775768059234,
      "months": [
        3,
        4,
        5
      ]
    },
    "AMJ": {
      "efp": 0.26668639725106214,
      "months": [
        4,
        5,
        6
      ]
    },
    "MJJ": {
      "efp": 0.30498206958047336,
      "months": [
        5,
        6,
        7
      ]
    },
    "JJA": {
      "efp": 0.34227111587730946,
      "months": [
        6,
        7,
        8
      ]
    },
    "JAS": {
      "efp": 0.3375028474732432,
      "months": [
        7,
        8,
        9
      ]
    },
    "ASO": {
      "efp": 0.28059364718322866,
      "months": [
        8,
        9,
        10
      ]
    },
    "SON": {
      "efp": 0.3174783259918259,
      "months": [
        9,
        10,
        11
      ]
    },
    "OND": {
      "efp": 0.32156831398397906,
      "months": [
        10,
        11,
        12
      ]
    },
    "NDJ": {
      "efp": 0.27851101295584046,
      "months": [
        11,
        12,
        1
      ]
    }
  },
  "efp_sh_123": {
    "DJF": {
      "efp": 0.06451425492790568,
      "months": [
        12,
        1,
        2
      ]
    },
    "JFM": {
      "efp": 0.04478603170203956,
      "months": [
        1,
        2,
        3
      ]
    },
    "FMA": {
      "efp": 0.04366181956918011,
      "months": [
        2,
        3,
        4
      ]
    },
    "MAM": {
      "efp": 0.053617686339625936,
      "months": [
        3,
        4,
        5
      ]
    },
    "AMJ": {
      "efp": 0.0375761602444879,
      "months": [
        4,
        5,
        6
      ]
    },
    "MJJ": {
      "efp": 0.021405076693391784,
      "months": [
        5,
        6,
        7
      ]
    },
    "JJA": {
      "efp": 0.027792653352165703,
      "months": [
        6,
        7,
        8
      ]
    },
    "JAS": {
      "efp": 0.025492436639225693,
      "months": [
        7,
        8,
        9
      ]
    },
    "ASO": {
      "efp": 0.024445778113350476,
      "months": [
        8,
        9,
        10
      ]
    },
    "SON": {
      "efp": 0.04304620920025573,
      "months": [
        9,
        10,
        11
      ]
    },
    "OND": {
      "efp": 0.064356338422741,
      "months": [
        10,
        11,
        12
      ]
    },
    "NDJ": {
      "efp": 0.05398168150460472,
      "months": [
        11,
        12,
        1
      ]
    }
  },
  "efp_sh_gt3": {
    "DJF": {
      "efp": 0.2272603050166876,
      "months": [
        12,
        1,
        2
      ]
    },
    "JFM": {
      "efp": 0.15614544792318125,
      "months": [
        1,
        2,
        3
      ]
    },
    "FMA": {
      "efp": 0.14706722673714628,
      "months": [
        2,
        3,
        4
      ]
    },
    "MAM": {
      "efp": 0.22120227380403393,
      "months": [
        3,
        4,
        5
      ]
    },
    "AMJ": {
      "efp": 0.20831239434638307,
      "months": [
        4,
        5,
        6
      ]
    },
    "MJJ": {
      "efp": 0.23399479713942084,
      "months": [
        5,
        6,
        7
      ]
    },
    "JJA": {
      "efp": 0.24997284839053432,
      "months": [
        6,
        7,
        8
      ]
    },
    "JAS": {
      "efp": 0.23969897421138803,
      "months": [
        7,
        8,
        9
      ]
    },
    "ASO": {
      "efp": 0.234769888924317,
      "months": [
        8,
        9,
        10
      ]
    },
    "SON": {
      "efp": 0.26658869912300853,
      "months": [
        9,
        10,
        11
      ]
    },