{
  "efp_nh": {
    "DJF": {
      "efp": 0.33361255824068553,
      "months": [
        12,
        1,
        2
      ]
    },
    "JFM": {
      "efp": 0.3363590534884672,
      "months": [
        1,
        2,
        3
      ]
    },
    "FMA": {
      "efp": 0.37914985831387715,
      "months": [
        2,
        3,
        4
      ]
    },
    "MAM": {
      "efp": 0.30591183340819156,
      "months": [
        3,
        4,
        5
      ]
    },
    "AMJ": {
      "efp": 0.24251268463160502,
      "months": [
        4,
        5,
        6
      ]
    },
    "MJJ": {
      "efp": 0.20484413560147272,
      "months": [
        5,
        6,
        7
      ]
    },
    "JJA": {
      "efp": 0.17669617765641701,
      "months": [
        6,
        7,
        8
      ]
    },
    "JAS": {
      "efp": 0.1357079301181077,
      "months": [
        7,
        8,
        9
      ]
    },
    "ASO": {
      "efp": 0.1523280576032586,
      "months": [
        8,
        9,
        10
      ]
    },
    "SON": {
      "efp": 0.20949073057216575,
      "months": [
        9,
        10,
        11
      ]
    },
    "OND": {
      "efp": 0.19607544524999368,
      "months": [
        10,
        11,
        12
      ]
    },
    "NDJ": {
      "efp": 0.23577817768949028,
      "months": [
        11,
        12,
        1
      ]
    }
  },
  "efp_nh_123": {
    "DJF": {
      "efp": 0.14010330419742498,
      "months": [
        12,
        1,
        2
      ]
    },
    "JFM": {
      "efp": 0.12298533765056543,
      "months": [
        1,
        2,
        3
      ]
    },
    "FMA": {
      "efp": 0.08016979790116797,
      "months": [
        2,
        3,
        4
      ]
    },
    "MAM": {
      "efp": 0.06731398584360118,
      "months": [
        3,
        4,
        5
      ]
    },
    "AMJ": {
      "efp": 0.054049903332208125,
      "months": [
        4,
        5,
        6
      ]
    },
    "MJJ": {
      "efp": 0.038208052323701676,
      "months": [
        5,
        6,
        7
      ]
    },
    "JJA": {
      "efp": 0.04900375746195223,
      "months": [
        6,
        7,
        8
      ]
    },
    "JAS": {
      "efp": 0.0290816803206854,
      "months": [
        7,
        8,
        9
      ]
    },
    "ASO": {
      "efp": 0.03486450851383229,
      "months": [
        8,
        9,
        10
      ]
    },
    "SON": {
      "efp": 0.03369821985028059,
      "months": [
        9,
        10,
        11
      ]
    },
    "OND": {
      "efp": 0.045035010350059836,
      "months": [
        10,
        11,
        12
      ]
    },
    "NDJ": {
      "efp": 0.094503456674815,
      "months": [
        11,
        12,
        1
      ]
    }
  },
  "efp_nh_gt3": {
    "DJF": {
      "efp": 0.19015254168010998,
      "months": [
        12,
        1,
        2
      ]
    },
    "JFM": {
      "efp": 0.19586977690086593,
      "months": [
        1,
        2,
        3
      ]
    },
    "FMA": {
      "efp": 0.236265107699878,
      "months": [
        2,
        3,
        4
      ]
    },
    "MAM": {
      "efp": 0.2200504592399126,
      "months": [
        3,
        4,
        5
      ]
    },
    "AMJ": {
      "efp": 0.18793210981709016,
      "months": [
        4,
        5,
        6
      ]
    },
    "MJJ": {
      "efp": 0.14188348616508,
      "months": [
        5,
        6,
        7
      ]
    },
    "JJA": {
      "efp": 0.13667533408587174,
      "months": [
        6,
        7,
        8
      ]
    },
    "JAS": {
      "efp": 0.11385157005786942,
      "months": [
        7,
        8,
        9
      ]
    },
    "ASO": {
      "efp": 0.10670233349317905,
      "months": [
        8,
        9,
        10
      ]
    },
    "SON": {
      "efp": 0.14612907208185472,
      "months": [
        9,
        10,
        11
      ]
    },
    "OND": {
      "efp": 0.14353226547449394,
      "months": [
        10,
        11,
        12
      ]
    },
    "NDJ": {
      "efp": 0.12951338829197534,
      "months": [
        11,
        12,
        1
      ]
    }
  },
  "efp_sh": {
    "DJF": {
      "efp": 0.24229011843850512,
      "months": [
        12,
        1,
        2
      ]
    },
    "JFM": {
      "efp": 0.2510372275348791,
      "months": [
        1,
        2,
        3
      ]
    },
    "FMA": {
      "efp": 0.20994579576506261,
      "months": [
        2,
        3,
        4
      ]
    },
    "MAM": {
      "efp": 0.21514986118896612,
      "months": [
        3,
        4,
        5
      ]
    },
    "AMJ": {
      "efp": 0.23742997667243823,
      "months": [
        4,
        5,
        6
      ]
    },
    "MJJ": {
      "efp": 0.3147326468686097,
      "months": [
        5,
        6,
        7
      ]
    },
    "JJA": {
      "efp": 0.31640743932838417,
      "months": [
        6,
        7,
        8
      ]
    },
    "JAS": {
      "efp": 0.3093271899403099,
      "months": [
        7,
        8,
        9
      ]
    },
    "ASO": {
      "efp": 0.3316533912460725,
      "months": [
        8,
        9,
        10
      ]
    },
    "SON": {
      "efp": 0.3369883284751415,
      "months": [
        9,
        10,
        11
      ]
    },
    "OND": {
      "efp": 0.363651729441596,
      "months": [
        10,
        11,
        12
      ]
    },
    "NDJ": {
      "efp": 0.3100956045977448,
      "months": [
        11,
        12,
        1
      ]
    }
  },
  "efp_sh_123": {
    "DJF": {
      "efp": 0.07320617569858041,
      "months": [
        12,
        1,
        2
      ]
    },
    "JFM": {
      "efp": 0.04017442050537591,
      "months": [
        1,
        2,
        3
      ]
    },
    "FMA": {
      "efp": 0.017857166681449956,
      "months": [
        2,
        3,
        4
      ]
    },
    "MAM": {
      "efp": 0.013592350023704687,
      "months": [
        3,
        4,
        5
      ]
    },
    "AMJ": {
      "efp": 0.02352509999937612,
      "months": [
        4,
        5,
        6
      ]
    },
    "MJJ": {
      "efp": 0.023378080002382957,
      "months": [
        5,
        6,
        7
      ]
    },
    "JJA": {
      "efp": 0.042810829714671296,
      "months": [
        6,
        7,
        8
      ]
    },
    "JAS": {
      "efp": 0.04047309740000221,
      "months": [
        7,
        8,
        9
      ]
    },
    "ASO": {
      "efp": 0.047013188035874884,
      "months": [
        8,
        9,
        10
      ]
    },
    "SON": {
      "efp": 0.03913781759583025,
      "months": [
        9,
        10,
        11
      ]
    },
    "OND": {
      "efp": 0.05770728334568072,
      "months": [
        10,
        11,
        12
      ]
    },
    "NDJ": {
      "efp": 0.05656072607693443,
      "months": [
        11,
        12,
        1
      ]
    }
  },
  "efp_sh_gt3": {
    "DJF": {
      "efp": 0.1542368448961872,
      "months": [
        12,
        1,
        2
      ]
    },
    "JFM": {
      "efp": 0.1709728067342395,
      "months": [
        1,
        2,
        3
      ]
    },
    "FMA": {
      "efp": 0.14074784112500002,
      "months": [
        2,
        3,
        4
      ]
    },
    "MAM": {
      "efp": 0.12911990544585863,
      "months": [
        3,
        4,
        5
      ]
    },
    "AMJ": {
      "efp": 0.15181639210749293,
      "months": [
        4,
        5,
        6
      ]
    },
    "MJJ": {
      "efp": 0.23908241048427797,
      "months": [
        5,
        6,
        7
      ]
    },
    "JJA": {
      "efp": 0.26125307789645585,
      "months": [
        6,
        7,
        8
      ]
    },
    "JAS": {
      "efp": 0.25271595679620595,
      "months": [
        7,
        8,
        9
      ]
    },
    "ASO": {
      "efp": 0.27800492891725037,
      "months": [
        8,
        9,
        10
      ]
    },
    "SON": {
      "efp": 0.25535083615915904,
      "months": [
        9,
        10,
        11
      ]
    },