{
  "efp_nh": {
    "DJF": {
      "efp": 0.27215167918734345,
      "months": [
        12,
        1,
        2
      ]
    },
    "JFM": {
      "efp": 0.20177351609088073,
      "months": [
        1,
        2,
        3
      ]
    },
    "FMA": {
      "efp": 0.2335064228373474,
      "months": [
        2,
        3,
        4
      ]
    },
    "MAM": {
      "efp": 0.16342884438720942,
      "months": [
        3,
        4,
        5
      ]
    },
    "AMJ": {
      "efp": 0.18821196138373325,
      "months": [
        4,
        5,
        6
      ]
    },
    "MJJ": {
      "efp": 0.19866596006968004,
      "months": [
        5,
        6,
        7
      ]
    },
    "JJA": {
      "efp": 0.1583508153726631,
      "months": [
        6,
        7,
        8
      ]
    },
    "JAS": {
      "efp": 0.15858890007594098,
      "months": [
        7,
        8,
        9
      ]
    },
    "ASO": {
      "efp": 0.1300489639071113,
      "months": [
        8,
        9,
        10
      ]
    },
    "SON": {
      "efp": 0.18377752345913795,
      "months": [
        9,
        10,
        11
      ]
    },
    "OND": {
      "efp": 0.21389881530802718,
      "months": [
        10,
        11,
        12
      ]
    },
    "NDJ": {
      "efp": 0.22401759971496055,
      "months": [
        11,
        12,
        1
      ]
    }
  },
  "efp_nh_123": {
    "DJF": {
      "efp": 0.07831850514557073,
      "months": [
        12,
        1,
        2
      ]
    },
    "JFM": {
      "efp": 0.06700578491628162,
      "months": [
        1,
        2,
        3
      ]
    },
    "FMA": {
      "efp": 0.13226608448455343,
      "months": [
        2,
        3,
        4
      ]
    },
    "MAM": {
      "efp": 0.07862619400679315,
      "months": [
        3,
        4,
        5
      ]
    },
    "AMJ": {
      "efp": 0.09054872845509303,
      "months": [
        4,
        5,
        6
      ]
    },
    "MJJ": {
      "efp": 0.06935898115006278,
      "months": [
        5,
        6,
        7
      ]
    },
    "JJA": {
      "efp": 0.04300863196144916,
      "months": [
        6,
        7,
        8
      ]
    },
    "JAS": {
      "efp": 0.030555831233679477,
      "months": [
        7,
        8,
        9
      ]
    },
    "ASO": {
      "efp": 0.019862156680856346,
      "months": [
        8,
        9,
        10
      ]
    },
    "SON": {
      "efp": 0.0385604460722587,
      "months": [
        9,
        10,
        11
      ]
    },
    "OND": {
      "efp": 0.06479573903064344,
      "months": [
        10,
        11,
        12
      ]
    },
    "NDJ": {
      "efp": 0.0708842984019175,
      "months": [
        11,
        12,
        1
      ]
    }
  },
  "efp_nh_gt3": {
    "DJF": {
      "efp": 0.15930624057730555,
      "months": [
        12,
        1,
        2
      ]
    },
    "JFM": {
      "efp": 0.11174606957106302,
      "months": [
        1,
        2,
        3
      ]
    },
    "FMA": {
      "efp": 0.08857593392652953,
      "months": [
        2,
        3,
        4
      ]
    },
    "MAM": {
      "efp": 0.05946241991304148,
      "months": [
        3,
        4,
        5
      ]
    },
    "AMJ": {
      "efp": 0.0828205749480018,
      "months": [
        4,
        5,
        6
      ]
    },
    "MJJ": {
      "efp": 0.1038288650144478,
      "months": [
        5,
        6,
        7
      ]
    },
    "JJA": {
      "efp": 0.10808134197254467,
      "months": [
        6,
        7,
        8
      ]
    },
    "JAS": {
      "efp": 0.13529171553186223,
      "months": [
        7,
        8,
        9
      ]
    },
    "ASO": {
      "efp": 0.1275353774523778,
      "months": [
        8,
        9,
        10
      ]
    },
    "SON": {
      "efp": 0.18696496724088768,
      "months": [
        9,
        10,
        11
      ]
    },
    "OND": {
      "efp": 0.19280994336175883,
      "months": [
        10,
        11,
        12
      ]
    },
    "NDJ": {
      "efp": 0.16448621719612735,
      "months": [
        11,
        12,
        1
      ]
    }
  },
  "efp_sh": {
    "DJF": {
      "efp": 0.321718016141051,
      "months": [
        12,
        1,
        2
      ]
    },
    "JFM": {
      "efp": 0.2679722308838329,
      "months": [
        1,
        2,
        3
      ]
    },
    "FMA": {
      "efp": 0.2554060731852082,
      "months": [
        2,
        3,
        4
      ]
    },
    "MAM": {
      "efp": 0.25540433731320533,
      "months": [
        3,
        4,
        5
      ]
    },
    "AMJ": {
      "efp": 0.24233167886242746,
      "months": [
        4,
        5,
        6
      ]
    },
    "MJJ": {
      "efp": 0.2897609696162988,
      "months": [
        5,
        6,
        7
      ]
    },
    "JJA": {
      "efp": 0.3481649329433597,
      "months": [
        6,
        7,
        8
      ]
    },
    "JAS": {
      "efp": 0.3190704915719635,
      "months": [
        7,
        8,
        9
      ]
    },
    "ASO": {
      "efp": 0.31612539739732665,
      "months": [
        8,
        9,
        10
      ]
    },
    "SON": {
      "efp": 0.3507478284260323,
      "months": [
        9,
        10,
        11
      ]
    },
    "OND": {
      "efp": 0.4001525027480548,
      "months": [
        10,
        11,
        12
      ]
    },
    "NDJ": {
      "efp": 0.31465607769289367,
      "months": [
        11,
        12,
        1
      ]
    }
  },
  "efp_sh_123": {
    "DJF": {
      "efp": 0.05106726125364014,
      "months": [
        12,
        1,
        2
      ]
    },
    "JFM": {
      "efp": 0.0722218220860531,
      "months": [
        1,
        2,
        3
      ]
    },
    "FMA": {
      "efp": 0.03894010297040269,
      "months": [
        2,
        3,
        4
      ]
    },
    "MAM": {
      "efp": 0.037966011202233564,
      "months": [
        3,
        4,
        5
      ]
    },
    "AMJ": {
      "efp": 0.014603925302535858,
      "months": [
        4,
        5,
        6
      ]
    },
    "MJJ": {
      "efp": 0.007171177240898955,
      "months": [
        5,
        6,
        7
      ]
    },
    "JJA": {
      "efp": 0.017684165084067185,
      "months": [
        6,
        7,
        8
      ]
    },
    "JAS": {
      "efp": 0.012051881000582436,
      "months": [
        7,
        8,
        9
      ]
    },
    "ASO": {
      "efp": 0.014799769990669875,
      "months": [
        8,
        9,
        10
      ]
    },
    "SON": {
      "efp": 0.017233840009358507,
      "months": [
        9,
        10,
        11
      ]
    },
    "OND": {
      "efp": 0.03993608014097216,
      "months": [
        10,
        11,
        12
      ]
    },
    "NDJ": {
      "efp": 0.03824410436724079,
      "months": [
        11,
        12,
        1
      ]
    }
  },
  "efp_sh_gt3": {
    "DJF": {
      "efp": 0.2497518459841626,
      "months": [
        12,
        1,
        2
      ]
    },
    "JFM": {
      "efp": 0.18429771699798306,
      "months": [
        1,
        2,
        3
      ]
    },
    "FMA": {
      "efp": 0.1925873512462153,
      "months": [
        2,
        3,
        4
      ]
    },
    "MAM": {
      "efp": 0.1900263072572081,
      "months": [
        3,
        4,
        5
      ]
    },
    "AMJ": {
      "efp": 0.15257314328115382,
      "months": [
        4,
        5,
        6
      ]
    },
    "MJJ": {
      "efp": 0.18969070294289656,
      "months": [
        5,
        6,
        7
      ]
    },
    "JJA": {
      "efp": 0.2694734906894394,
      "months": [
        6,
        7,
        8
      ]
    },
    "JAS": {
      "efp": 0.27910430942246295,
      "months": [
        7,
        8,
        9
      ]
    },
    "ASO": {
      "efp": 0.2683890899127119,
      "months": [
        8,
        9,
        10
      ]
    },
    "SON": {
      "efp": 0.27442988321414713,
      "months": [
        9,
        10,
        11
      ]
    },