{
  "efp_nh": {
    "DJF": {
      "efp": 0.29879218376095834,
      "months": [
        12,
        1,
        2
      ]
    },
    "JFM": {
      "efp": 0.3780090791967516,
      "months": [
        1,
        2,
        3
      ]
    },
    "FMA": {
      "efp": 0.38922474140888436,
      "months": [
        2,
        3,
        4
      ]
    },
    "MAM": {
      "efp": 0.2164826800199397,
      "months": [
        3,
        4,
        5
      ]
    },
    "AMJ": {
      "efp": 0.18791406970832225,
      "months": [
        4,
        5,
        6
      ]
    },
    "MJJ": {
      "efp": 0.2402635970804728,
      "months": [
        5,
        6,
        7
      ]
    },
    "JJA": {
      "efp": 0.19441763155707234,
      "months": [
        6,
        7,
        8
      ]
    },
    "JAS": {
      "efp": 0.22234345782871065,
      "months": [
        7,
        8,
        9
      ]
    },
    "ASO": {
      "efp": 0.1220600962019457,
      "months": [
        8,
        9,
        10
      ]
    },
    "SON": {
      "efp": 0.16869444913394563,
      "months": [
        9,
        10,
        11
      ]
    },
    "OND": {
      "efp": 0.18511234682686023,
      "months": [
        10,
        11,
        12
      ]
    },
    "NDJ": {
      "efp": 0.1923906379258394,
      "months": [
        11,
        12,
        1
      ]
    }
  },
  "efp_nh_123": {
    "DJF": {
      "efp": 0.1071835323158847,
      "months": [
        12,
        1,
        2
      ]
    },
    "JFM": {
      "efp": 0.10848335223733785,
      "months": [
        1,
        2,
        3
      ]
    },
    "FMA": {
      "efp": 0.08874498597076108,
      "months": [
        2,
        3,
        4
      ]
    },
    "MAM": {
      "efp": 0.043505755219419,
      "months": [
        3,
        4,
        5
      ]
    },
    "AMJ": {
      "efp": 0.05625418030805992,
      "months": [
        4,
        5,
        6
      ]
    },
    "MJJ": {
      "efp": 0.07089681628265973,
      "months": [
        5,
        6,
        7
      ]
    },
    "JJA": {
      "efp": 0.04964158526074968,
      "months": [
        6,
        7,
        8
      ]
    },
    "JAS": {
      "efp": 0.028127791219835194,
      "months": [
        7,
        8,
        9
      ]
    },
    "ASO": {
      "efp": 0.058089442029029235,
      "months": [
        8,
        9,
        10
      ]
    },
    "SON": {
      "efp": 0.02891856762601736,
      "months": [
        9,
        10,
        11
      ]
    },
    "OND": {
      "efp": 0.06600762014060724,
      "months": [
        10,
        11,
        12
      ]
    },
    "NDJ": {
      "efp": 0.08359388715322102,
      "months": [
        11,
        12,
        1
      ]
    }
  },
  "efp_nh_gt3": {
    "DJF": {
      "efp": 0.14776601161341782,
      "months": [
        12,
        1,
        2
      ]
    },
    "JFM": {
      "efp": 0.21036575887294193,
      "months": [
        1,
        2,
        3
      ]
    },
    "FMA": {
      "efp": 0.25948300049801504,
      "months": [
        2,
        3,
        4
      ]
    },
    "MAM": {
      "efp": 0.19040674055372095,
      "months": [
        3,
        4,
        5
      ]
    },
    "AMJ": {
      "efp": 0.19241688720834474,
      "months": [
        4,
        5,
        6
      ]
    },
    "MJJ": {
      "efp": 0.15314689701616735,
      "months": [
        5,
        6,
        7
      ]
    },
    "JJA": {
      "efp": 0.14042266108948037,
      "months": [
        6,
        7,
        8
      ]
    },
    "JAS": {
      "efp": 0.16646278022569652,
      "months": [
        7,
        8,
        9
      ]
    },
    "ASO": {
      "efp": 0.13614626922172154,
      "months": [
        8,
        9,
        10
      ]
    },
    "SON": {
      "efp": 0.13485181338030897,
      "months": [
        9,
        10,
        11
      ]
    },
    "OND": {
      "efp": 0.11125948875473428,
      "months": [
        10,
        11,
        12
      ]
    },
    "NDJ": {
      "efp": 0.13419994577970693,
      "months": [
        11,
        12,
        1
      ]
    }
  },
  "efp_sh": {
    "DJF": {
      "efp": 0.2784270537142408,
      "months": [
        12,
        1,
        2
      ]
    },
    "JFM": {
      "efp": 0.22012935906067696,
      "months": [
        1,
        2,
        3
      ]
    },
    "FMA": {
      "efp": 0.17468749854069654,
      "months": [
        2,
        3,
        4
      ]
    },
    "MAM": {
      "efp": 0.2252800941300384,
      "months": [
        3,
        4,
        5
      ]
    },
    "AMJ": {
      "efp": 0.2346271786276112,
      "months": [
        4,
        5,
        6
      ]
    },
    "MJJ": {
      "efp": 0.25963001732038304,
      "months": [
        5,
        6,
        7
      ]
    },
    "JJA": {
      "efp": 0.26551321911600695,
      "months": [
        6,
        7,
        8
      ]
    },
    "JAS": {
      "efp": 0.34520367556217024,
      "months": [
        7,
        8,
        9
      ]
    },
    "ASO": {
      "efp": 0.4124375473278834,
      "months": [
        8,
        9,
        10
      ]
    },
    "SON": {
      "efp": 0.3762685402842275,
      "months": [
        9,
        10,
        11
      ]
    },
    "OND": {
      "efp": 0.35729699734634723,
      "months": [
        10,
        11,
        12
      ]
    },
    "NDJ": {
      "efp": 0.29120220884428993,
      "months": [
        11,
        12,
        1
      ]
    }
  },
  "efp_sh_123": {
    "DJF": {
      "efp": 0.03708542230654336,
      "months": [
        12,
        1,
        2
      ]
    },
    "JFM": {
      "efp": 0.046005881183969345,
      "months": [
        1,
        2,
        3
      ]
    },
    "FMA": {
      "efp": 0.043380471799062556,
      "months": [
        2,
        3,
        4
      ]
    },
    "MAM": {
      "efp": 0.05369093245723138,
      "months": [
        3,
        4,
        5
      ]
    },
    "AMJ": {
      "efp": 0.022155101817765595,
      "months": [
        4,
        5,
        6
      ]
    },
    "MJJ": {
      "efp": 0.06948598325734255,
      "months": [
        5,
        6,
        7
      ]
    },
    "JJA": {
      "efp": 0.045574588653252084,
      "months": [
        6,
        7,
        8
      ]
    },
    "JAS": {
      "efp": 0.05256130655654529,
      "months": [
        7,
        8,
        9
      ]
    },
    "ASO": {
      "efp": 0.0375806191629703,
      "months": [
        8,
        9,
        10
      ]
    },
    "SON": {
      "efp": 0.030724309912961614,
      "months": [
        9,
        10,
        11
      ]
    },
    "OND": {
      "efp": 0.038123804759120666,
      "months": [
        10,
        11,
        12
      ]
    },
    "NDJ": {
      "efp": 0.03473477615199486,
      "months": [
        11,
        12,
        1
      ]
    }
  },
  "efp_sh_gt3": {
    "DJF": {
      "efp": 0.2085843684636554,
      "months": [
        12,
        1,
        2
      ]
    },
    "JFM": {
      "efp": 0.15518826539894154,
      "months": [
        1,
        2,
        3
      ]
    },
    "FMA": {
      "efp": 0.13374983293748904,
      "months": [
        2,
        3,
        4
      ]
    },
    "MAM": {
      "efp": 0.1351323067316626,
      "months": [
        3,
        4,
        5
      ]
    },
    "AMJ": {
      "efp": 0.16444198545186361,
      "months": [
        4,
        5,
        6
      ]
    },
    "MJJ": {
      "efp": 0.23369689575346134,
      "months": [
        5,
        6,
        7
      ]
    },
    "JJA": {
      "efp": 0.2444642472317918,
      "months": [
        6,
        7,
        8
      ]
    },
    "JAS": {
      "efp": 0.26973654055447915,
      "months": [
        7,
        8,
        9
      ]
    },
    "ASO": {
      "efp": 0.32750068721230197,
      "months": [
        8,
        9,
        10
      ]
    },
    "SON": {
      "efp": 0.36222993561097344,