{
  "efp_nh": {
    "DJF": {
      "efp": 0.23748274593537316,
      "months": [
        12,
        1,
        2
      ]
    },
    "JFM": {
      "efp": 0.3065465265577555,
      "months": [
        1,
        2,
        3
      ]
    },
    "FMA": {
      "efp": 0.2901410243851835,
      "months": [
        2,
        3,
        4
      ]
    },
    "MAM": {
      "efp": 0.3348099961221381,
      "months": [
        3,
        4,
        5
      ]
    },
    "AMJ": {
      "efp": 0.36205039276751355,
      "months": [
        4,
        5,
        6
      ]
    },
    "MJJ": {
      "efp": 0.2226365792706973,
      "months": [
        5,
        6,
        7
      ]
    },
    "JJA": {
      "efp": 0.14506305411302126,
      "months": [
        6,
        7,
        8
      ]
    },
    "JAS": {
      "efp": 0.12785019823998597,
      "months": [
        7,
        8,
        9
      ]
    },
    "ASO": {
      "efp": 0.1526550933424455,
      "months": [
        8,
        9,
        10
      ]
    },
    "SON": {
      "efp": 0.15407628965667589,
      "months": [
        9,
        10,
        11
      ]
    },
    "OND": {
      "efp": 0.15351513022782418,
      "months": [
        10,
        11,
        12
      ]
    },
    "NDJ": {
      "efp": 0.20306239272915405,
      "months": [
        11,
        12,
        1
      ]
    }
  },
  "efp_nh_123": {
    "DJF": {
      "efp": 0.10261988296538072,
      "months": [
        12,
        1,
        2
      ]
    },
    "JFM": {
      "efp": 0.10196243303618113,
      "months": [
        1,
        2,
        3
      ]
    },
    "FMA": {
      "efp": 0.06411017782187572,
      "months": [
        2,
        3,
        4
      ]
    },
    "MAM": {
      "efp": 0.07609485684118904,
      "months": [
        3,
        4,
        5
      ]
    },
    "AMJ": {
      "efp": 0.07065577929972555,
      "months": [
        4,
        5,
        6
      ]
    },
    "MJJ": {
      "efp": 0.04490970165803351,
      "months": [
        5,
        6,
        7
      ]
    },
    "JJA": {
      "efp": 0.05130816373185671,
      "months": [
        6,
        7,
        8
      ]
    },
    "JAS": {
      "efp": 0.05230961853159383,
      "months": [
        7,
        8,
        9
      ]
    },
    "ASO": {
      "efp": 0.06155935497003809,
      "months": [
        8,
        9,
        10
      ]
    },
    "SON": {
      "efp": 0.03725318684144626,
      "months": [
        9,
        10,
        11
      ]
    },
    "OND": {
      "efp": 0.038074067074226975,
      "months": [
        10,
        11,
        12
      ]
    },
    "NDJ": {
      "efp": 0.0620577163217538,
      "months": [
        11,
        12,
        1
      ]
    }
  },
  "efp_nh_gt3": {
    "DJF": {
      "efp": 0.17437243486438478,
      "months": [
        12,
        1,
        2
      ]
    },
    "JFM": {
      "efp": 0.22025322083469123,
      "months": [
        1,
        2,
        3
      ]
    },
    "FMA": {
      "efp": 0.2317129284821125,
      "months": [
        2,
        3,
        4
      ]
    },
    "MAM": {
      "efp": 0.23163722839672007,
      "months": [
        3,
        4,
        5
      ]
    },
    "AMJ": {
      "efp": 0.2729412375776305,
      "months": [
        4,
        5,
        6
      ]
    },
    "MJJ": {
      "efp": 0.16876148958123136,
      "months": [
        5,
        6,
        7
      ]
    },
    "JJA": {
      "efp": 0.08119748599214899,
      "months": [
        6,
        7,
        8
      ]
    },
    "JAS": {
      "efp": 0.09649984534365581,
      "months": [
        7,
        8,
        9
      ]
    },
    "ASO": {
      "efp": 0.13020452252992454,
      "months": [
        8,
        9,
        10
      ]
    },
    "SON": {
      "efp": 0.13829770072704356,
      "months": [
        9,
        10,
        11
      ]
    },
    "OND": {
      "efp": 0.1330286081754805,
      "months": [
        10,
        11,
        12
      ]
    },
    "NDJ": {
      "efp": 0.16710046739113427,
      "months": [
        11,
        12,
        1
      ]
    }
  },
  "efp_sh": {
    "DJF": {
      "efp": 0.1269584575299085,
      "months": [
        12,
        1,
        2
      ]
    },
    "JFM": {
      "efp": 0.11271858375240716,
      "months": [
        1,
        2,
        3
      ]
    },
    "FMA": {
      "efp": 0.07096265003516317,
      "months": [
        2,
        3,
        4
      ]
    },
    "MAM": {
      "efp": 0.1281311768560101,
      "months": [
        3,
        4,
        5
      ]
    },
    "AMJ": {
      "efp": 0.212390296800576,
      "months": [
        4,
        5,
        6
      ]
    },
    "MJJ": {
      "efp": 0.23115526390510258,
      "months": [
        5,
        6,
        7
      ]
    },
    "JJA": {
      "efp": 0.24243624957883123,
      "months": [
        6,
        7,
        8
      ]
    },
    "JAS": {
      "efp": 0.2788800131926702,
      "months": [
        7,
        8,
        9
      ]
    },
    "ASO": {
      "efp": 0.32148801613315736,
      "months": [
        8,
        9,
        10
      ]
    },
    "SON": {
      "efp": 0.26135583624695613,
      "months": [
        9,
        10,
        11
      ]
    },
    "OND": {
      "efp": 0.2585786490928808,
      "months": [
        10,
        11,
        12
      ]
    },
    "NDJ": {
      "efp": 0.1918235036956381,
      "months": [
        11,
        12,
        1
      ]
    }
  },
  "efp_sh_123": {
    "DJF": {
      "efp": 0.06995811501475216,
      "months": [
        12,
        1,
        2
      ]
    },
    "JFM": {
      "efp": 0.06648859291721589,
      "months": [
        1,
        2,
        3
      ]
    },
    "FMA": {
      "efp": 0.07184657330143703,
      "months": [
        2,
        3,
        4
      ]
    },
    "MAM": {
      "efp": 0.08883446824378535,
      "months": [
        3,
        4,
        5
      ]
    },
    "AMJ": {
      "efp": 0.038114082134738055,
      "months": [
        4,
        5,
        6
      ]
    },
    "MJJ": {
      "efp": 0.06455110651118906,
      "months": [
        5,
        6,
        7
      ]
    },
    "JJA": {
      "efp": 0.0550740436907923,
      "months": [
        6,
        7,
        8
      ]
    },
    "JAS": {
      "efp": 0.04408971698671676,
      "months": [
        7,
        8,
        9
      ]
    },
    "ASO": {
      "efp": 0.05641099285757481,
      "months": [
        8,
        9,
        10
      ]
    },
    "SON": {
      "efp": 0.055506966937961366,
      "months": [
        9,
        10,
        11
      ]
    },
    "OND": {
      "efp": 0.08073331068862882,
      "months": [
        10,
        11,
        12
      ]
    },
    "NDJ": {
      "efp": 0.0915093214569139,
      "months": [
        11,
        12,
        1
      ]
    }
  },
  "efp_sh_gt3": {
    "DJF": {
      "efp": 0.1445356860293375,
      "months": [
        12,
        1,
        2
      ]
    },
    "JFM": {
      "efp": 0.15508384542280154,
      "months": [
        1,
        2,
        3
      ]
    },
    "FMA": {
      "efp": 0.13749289871356657,
      "months": [
        2,
        3,
        4
      ]
    },
    "MAM": {
      "efp": 0.12396073578711088,
      "months": [
        3,
        4,
        5
      ]
    },
    "AMJ": {
      "efp": 0.17422915999253955,
      "months": [
        4,
        5,
        6
      ]
    },
    "MJJ": {
      "efp": 0.22895399636541447,
      "months": [
        5,
        6,
        7
      ]
    },
    "JJA": {
      "efp": 0.25658900637454324,
      "months": [
        6,
        7,
        8
      ]
    },
    "JAS": {
      "efp": 0.24347255035434884,
      "months": [
        7,
        8,
        9
      ]
    },
    "ASO": {
      "efp": 0.23436484087683931,
      "months": [
        8,
        9,
        10
      ]
    },
    "SON": {
      "efp": 0.22573406166855103,
      "months": [
        9,
        10,
        11
      ]
    },