{
  "efp_nh": {
    "DJF": {
      "efp": 0.2741688959069421,
      "months": [
        12,
        1,
        2
      ]
    },
    "JFM": {
      "efp": 0.33742873443438165,
      "months": [
        1,
        2,
        3
      ]
    },
    "FMA": {
      "efp": 0.2788577078123741,
      "months": [
        2,
        3,
        4
      ]
    },
    "MAM": {
      "efp": 0.2587393810979364,
      "months": [
        3,
        4,
        5
      ]
    },
    "AMJ": {
      "efp": 0.22006297322006763,
      "months": [
        4,
        5,
        6
      ]
    },
    "MJJ": {
      "efp": 0.20831661245285102,
      "months": [
        5,
        6,
        7
      ]
    },
    "JJA": {
      "efp": 0.19306808663068156,
      "months": [
        6,
        7,
        8
      ]
    },
    "JAS": {
      "efp": 0.13662801625866533,
      "months": [
        7,
        8,
        9
      ]
    },
    "ASO": {
      "efp": 0.12550452234621068,
      "months": [
        8,
        9,
        10
      ]
    },
    "SON": {
      "efp": 0.14668352011932032,
      "months": [
        9,
        10,
        11
      ]
    },
    "OND": {
      "efp": 0.21131330079519303,
      "months": [
        10,
        11,
        12
      ]
    },
    "NDJ": {
      "efp": 0.23052107553413778,
      "months": [
        11,
        12,
        1
      ]
    }
  },
  "efp_nh_123": {
    "DJF": {
      "efp": 0.07962315436533972,
      "months": [
        12,
        1,
        2
      ]
    },
    "JFM": {
      "efp": 0.10162144294786336,
      "months": [
        1,
        2,
        3
      ]
    },
    "FMA": {
      "efp": 0.0954573614378871,
      "months": [
        2,
        3,
        4
      ]
    },
    "MAM": {
      "efp": 0.08038932289804657,
      "months": [
        3,
        4,
        5
      ]
    },
    "AMJ": {
      "efp": 0.06070752165769602,
      "months": [
        4,
        5,
        6
      ]
    },
    "MJJ": {
      "efp": 0.0425159668128019,
      "months": [
        5,
        6,
        7
      ]
    },
    "JJA": {
      "efp": 0.054678128607556706,
      "months": [
        6,
        7,
        8
      ]
    },
    "JAS": {
      "efp": 0.03511902658528724,
      "months": [
        7,
        8,
        9
      ]
    },
    "ASO": {
      "efp": 0.02077334741241477,
      "months": [
        8,
        9,
        10
      ]
    },
    "SON": {
      "efp": 0.012761044907253608,
      "months": [
        9,
        10,
        11
      ]
    },
    "OND": {
      "efp": 0.048753867123706544,
      "months": [
        10,
        11,
        12
      ]
    },
    "NDJ": {
      "efp": 0.06891883838821257,
      "months": [
        11,
        12,
        1
      ]
    }
  },
  "efp_nh_gt3": {
    "DJF": {
      "efp": 0.16574379532155878,
      "months": [
        12,
        1,
        2
      ]
    },
    "JFM": {
      "efp": 0.19309939485620664,
      "months": [
        1,
        2,
        3
      ]
    },
    "FMA": {
      "efp": 0.1605307745349316,
      "months": [
        2,
        3,
        4
      ]
    },
    "MAM": {
      "efp": 0.15512042184022465,
      "months": [
        3,
        4,
        5
      ]
    },
    "AMJ": {
      "efp": 0.1458526766221121,
      "months": [
        4,
        5,
        6
      ]
    },
    "MJJ": {
      "efp": 0.14635189148440006,
      "months": [
        5,
        6,
        7
      ]
    },
    "JJA": {
      "efp": 0.13235907341706318,
      "months": [
        6,
        7,
        8
      ]
    },
    "JAS": {
      "efp": 0.09529498338457176,
      "months": [
        7,
        8,
        9
      ]
    },
    "ASO": {
      "efp": 0.09874767890849824,
      "months": [
        8,
        9,
        10
      ]
    },
    "SON": {
      "efp": 0.13482748528239602,
      "months": [
        9,
        10,
        11
      ]
    },
    "OND": {
      "efp": 0.1424197912048326,
      "months": [
        10,
        11,
        12
      ]
    },
    "NDJ": {
      "efp": 0.1307540837835818,
      "months": [
        11,
        12,
        1
      ]
    }
  },
  "efp_sh": {
    "DJF": {
      "efp": 0.2426787633374108,
      "months": [
        12,
        1,
        2
      ]
    },
    "JFM": {
      "efp": 0.17131334093132317,
      "months": [
        1,
        2,
        3
      ]
    },
    "FMA": {
      "efp": 0.1537370509160621,
      "months": [
        2,
        3,
        4
      ]
    },
    "MAM": {
      "efp": 0.2100340456535193,
      "months": [
        3,
        4,
        5
      ]
    },
    "AMJ": {
      "efp": 0.3087644940032888,
      "months": [
        4,
        5,
        6
      ]
    },
    "MJJ": {
      "efp": 0.33736507253817705,
      "months": [
        5,
        6,
        7
      ]
    },
    "JJA": {
      "efp": 0.3505092104922335,
      "months": [
        6,
        7,
        8
      ]
    },
    "JAS": {
      "efp": 0.36005056143869585,
      "months": [
        7,
        8,
        9
      ]
    },
    "ASO": {
      "efp": 0.3549708007348877,
      "months": [
        8,
        9,
        10
      ]
    },
    "SON": {
      "efp": 0.3263662037804198,
      "months": [
        9,
        10,
        11
      ]
    },
    "OND": {
      "efp": 0.3448061934174529,
      "months": [
        10,
        11,
        12
      ]
    },
    "NDJ": {
      "efp": 0.24875204461282993,
      "months": [
        11,
        12,
        1
      ]
    }
  },
  "efp_sh_123": {
    "DJF": {
      "efp": 0.050242951250812636,
      "months": [
        12,
        1,
        2
      ]
    },
    "JFM": {
      "efp": 0.04848089516255988,
      "months": [
        1,
        2,
        3
      ]
    },
    "FMA": {
      "efp": 0.02646620279909603,
      "months": [
        2,
        3,
        4
      ]
    },
    "MAM": {
      "efp": 0.019636311309895307,
      "months": [
        3,
        4,
        5
      ]
    },
    "AMJ": {
      "efp": 0.019472466613132292,
      "months": [
        4,
        5,
        6
      ]
    },
    "MJJ": {
      "efp": 0.016091546356477606,
      "months": [
        5,
        6,
        7
      ]
    },
    "JJA": {
      "efp": 0.016000896662248104,
      "months": [
        6,
        7,
        8
      ]
    },
    "JAS": {
      "efp": 0.029903062199735604,
      "months": [
        7,
        8,
        9
      ]
    },
    "ASO": {
      "efp": 0.03747065648148769,
      "months": [
        8,
        9,
        10
      ]
    },
    "SON": {
      "efp": 0.03373341179470926,
      "months": [
        9,
        10,
        11
      ]
    },
    "OND": {
      "efp": 0.039013894007145486,
      "months": [
        10,
        11,
        12
      ]
    },
    "NDJ": {
      "efp": 0.02643370485915126,
      "months": [
        11,
        12,
        1
      ]
    }
  },
  "efp_sh_gt3": {
    "DJF": {
      "efp": 0.1824656240060562,
      "months": [
        12,
        1,
        2
      ]
    },
    "JFM": {
      "efp": 0.12800471595346766,
      "months": [
        1,
        2,
        3
      ]
    },
    "FMA": {
      "efp": 0.1312213257149355,
      "months": [
        2,
        3,
        4
      ]
    },
    "MAM": {
      "efp": 0.17164500320885023,
      "months": [
        3,
        4,
        5
      ]
    },
    "AMJ": {
      "efp": 0.23842466891867403,
      "months": [
        4,
        5,
        6
      ]
    },
    "MJJ": {
      "efp": 0.278501739551957,
      "months": [
        5,
        6,
        7
      ]
    },
    "JJA": {
      "efp": 0.27430014003832154,
      "months": [
        6,
        7,
        8
      ]
    },
    "JAS": {
      "efp": 0.2833613960941583,
      "months": [
        7,
        8,
        9
      ]
    },
    "ASO": {
      "efp": 0.28074235281286536,
      "months": [
        8,
        9,
        10
      ]
    },
    "SON": {
      "efp": 0.2696761086503714,
      "months": [
        9,
        10,
        11
      ]
    },