{
  "efp_nh": {
    "DJF": {
      "efp": 0.2630101283125848,
      "months": [
        12,
        1,
        2
      ]
    },
    "JFM": {
      "efp": 0.28491041991477684,
      "months": [
        1,
        2,
        3
      ]
    },
    "FMA": {
      "efp": 0.283755919374383,
      "months": [
        2,
        3,
        4
      ]
    },
    "MAM": {
      "efp": 0.2328977708796678,
      "months": [
        3,
        4,
        5
      ]
    },
    "AMJ": {
      "efp": 0.25800309451365205,
      "months": [
        4,
        5,
        6
      ]
    },
    "MJJ": {
      "efp": 0.2675488951832269,
      "months": [
        5,
        6,
        7
      ]
    },
    "JJA": {
      "efp": 0.1976389408065816,
      "months": [
        6,
        7,
        8
      ]
    },
    "JAS": {
      "efp": 0.13603894907540426,
      "months": [
        7,
        8,
        9
      ]
    },
    "ASO": {
      "efp": 0.1652339789145578,
      "months": [
        8,
        9,
        10
      ]
    },
    "SON": {
      "efp": 0.19187258971324675,
      "months": [
        9,
        10,
        11
      ]
    },
    "OND": {
      "efp": 0.3111213985172991,
      "months": [
        10,
        11,
        12
      ]
    },
    "NDJ": {
      "efp": 0.3085360662280919,
      "months": [
        11,
        12,
        1
      ]
    }
  },
  "efp_nh_123": {
    "DJF": {
      "efp": 0.09490791389591575,
      "months": [
        12,
        1,
        2
      ]
    },
    "JFM": {
      "efp": 0.1043588257372054,
      "months": [
        1,
        2,
        3
      ]
    },
    "FMA": {
      "efp": 0.11785975530116446,
      "months": [
        2,
        3,
        4
      ]
    },
    "MAM": {
      "efp": 0.06178871474588444,
      "months": [
        3,
        4,
        5
      ]
    },
    "AMJ": {
      "efp": 0.05622764915419545,
      "months": [
        4,
        5,
        6
      ]
    },
    "MJJ": {
      "efp": 0.0625816125260998,
      "months": [
        5,
        6,
        7
      ]
    },
    "JJA": {
      "efp": 0.04767833295265701,
      "months": [
        6,
        7,
        8
      ]
    },
    "JAS": {
      "efp": 0.03517663181776074,
      "months": [
        7,
        8,
        9
      ]
    },
    "ASO": {
      "efp": 0.02510729131613175,
      "months": [
        8,
        9,
        10
      ]
    },
    "SON": {
      "efp": 0.05532168263802132,
      "months": [
        9,
        10,
        11
      ]
    },
    "OND": {
      "efp": 0.09485318938134563,
      "months": [
        10,
        11,
        12
      ]
    },
    "NDJ": {
      "efp": 0.09993159127970405,
      "months": [
        11,
        12,
        1
      ]
    }
  },
  "efp_nh_gt3": {
    "DJF": {
      "efp": 0.16076234348996785,
      "months": [
        12,
        1,
        2
      ]
    },
    "JFM": {
      "efp": 0.1887748477608682,
      "months": [
        1,
        2,
        3
      ]
    },
    "FMA": {
      "efp": 0.16651006899075205,
      "months": [
        2,
        3,
        4
      ]
    },
    "MAM": {
      "efp": 0.17449381506467368,
      "months": [
        3,
        4,
        5
      ]
    },
    "AMJ": {
      "efp": 0.16904914399099327,
      "months": [
        4,
        5,
        6
      ]
    },
    "MJJ": {
      "efp": 0.18413582646113724,
      "months": [
        5,
        6,
        7
      ]
    },
    "JJA": {
      "efp": 0.14492745511732863,
      "months": [
        6,
        7,
        8
      ]
    },
    "JAS": {
      "efp": 0.14836524144876084,
      "months": [
        7,
        8,
        9
      ]
    },
    "ASO": {
      "efp": 0.17103733297090748,
      "months": [
        8,
        9,
        10
      ]
    },
    "SON": {
      "efp": 0.1491149670360728,
      "months": [
        9,
        10,
        11
      ]
    },
    "OND": {
      "efp": 0.17983455472629822,
      "months": [
        10,
        11,
        12
      ]
    },
    "NDJ": {
      "efp": 0.1838365467756667,
      "months": [
        11,
        12,
        1
      ]
    }
  },
  "efp_sh": {
    "DJF": {
      "efp": 0.20103481189325262,
      "months": [
        12,
        1,
        2
      ]
    },
    "JFM": {
      "efp": 0.19611932308813487,
      "months": [
        1,
        2,
        3
      ]
    },
    "FMA": {
      "efp": 0.14096472419132886,
      "months": [
        2,
        3,
        4
      ]
    },
    "MAM": {
      "efp": 0.2673716235721909,
      "months": [
        3,
        4,
        5
      ]
    },
    "AMJ": {
      "efp": 0.30146315147103275,
      "months": [
        4,
        5,
        6
      ]
    },
    "MJJ": {
      "efp": 0.332557299682695,
      "months": [
        5,
        6,
        7
      ]
    },
    "JJA": {
      "efp": 0.3132641721281055,
      "months": [
        6,
        7,
        8
      ]
    },
    "JAS": {
      "efp": 0.3341597944605714,
      "months": [
        7,
        8,
        9
      ]
    },
    "ASO": {
      "efp": 0.3074503741351118,
      "months": [
        8,
        9,
        10
      ]
    },
    "SON": {
      "efp": 0.30690853944232,
      "months": [
        9,
        10,
        11
      ]
    },
    "OND": {
      "efp": 0.2845634945433766,
      "months": [
        10,
        11,
        12
      ]
    },
    "NDJ": {
      "efp": 0.18068750235012646,
      "months": [
        11,
        12,
        1
      ]
    }
  },
  "efp_sh_123": {
    "DJF": {
      "efp": 0.02860218343786156,
      "months": [
        12,
        1,
        2
      ]
    },
    "JFM": {
      "efp": 0.04171850795938812,
      "months": [
        1,
        2,
        3
      ]
    },
    "FMA": {
      "efp": 0.02591363021554961,
      "months": [
        2,
        3,
        4
      ]
    },
    "MAM": {
      "efp": 0.02704525793835504,
      "months": [
        3,
        4,
        5
      ]
    },
    "AMJ": {
      "efp": 0.03658227606480508,
      "months": [
        4,
        5,
        6
      ]
    },
    "MJJ": {
      "efp": 0.02934304561360123,
      "months": [
        5,
        6,
        7
      ]
    },
    "JJA": {
      "efp": 0.0472751251839974,
      "months": [
        6,
        7,
        8
      ]
    },
    "JAS": {
      "efp": 0.042201356643754906,
      "months": [
        7,
        8,
        9
      ]
    },
    "ASO": {
      "efp": 0.02299244637109738,
      "months": [
        8,
        9,
        10
      ]
    },
    "SON": {
      "efp": 0.02604211627635821,
      "months": [
        9,
        10,
        11
      ]
    },
    "OND": {
      "efp": 0.0400793299177077,
      "months": [
        10,
        11,
        12
      ]
    },
    "NDJ": {
      "efp": 0.029932308920821313,
      "months": [
        11,
        12,
        1
      ]
    }
  },
  "efp_sh_gt3": {
    "DJF": {
      "efp": 0.14770322628286767,
      "months": [
        12,
        1,
        2
      ]
    },
    "JFM": {
      "efp": 0.19418682701853024,
      "months": [
        1,
        2,
        3
      ]
    },
    "FMA": {
      "efp": 0.13032472375009288,
      "months": [
        2,
        3,
        4
      ]
    },
    "MAM": {
      "efp": 0.22752968483820793,
      "months": [
        3,
        4,
        5
      ]
    },
    "AMJ": {
      "efp": 0.266913834838987,
      "months": [
        4,
        5,
        6
      ]
    },
    "MJJ": {
      "efp": 0.29382658428629893,
      "months": [
        5,
        6,
        7
      ]
    },
    "JJA": {
      "efp": 0.27567861175843666,
      "months": [
        6,
        7,
        8
      ]
    },
    "JAS": {
      "efp": 0.2785894042214223,
      "months": [
        7,
        8,
        9
      ]
    },
    "ASO": {
      "efp": 0.260717054963064,
      "months": [
        8,
        9,
        10
      ]
    },
    "SON": {
      "efp": 0.28583753324792,
      "months": [
        9,
        10,
        11
      ]
    },