{
  "efp_nh": {
    "DJF": {
      "efp": 0.3186533669579667,
      "months": [
        12,
        1,
        2
      ]
    },
    "JFM": {
      "efp": 0.27545400914917156,
      "months": [
        1,
        2,
        3
      ]
    },
    "FMA": {
      "efp": 0.26316203473005156,
      "months": [
        2,
        3,
        4
      ]
    },
    "MAM": {
      "efp": 0.27731395598539443,
      "months": [
        3,
        4,
        5
      ]
    },
    "AMJ": {
      "efp": 0.32125146283214906,
      "months": [
        4,
        5,
        6
      ]
    },
    "MJJ": {
      "efp": 0.25202546804170084,
      "months": [
        5,
        6,
        7
      ]
    },
    "JJA": {
      "efp": 0.16671136616522703,
      "months": [
        6,
        7,
        8
      ]
    },
    "JAS": {
      "efp": 0.11867822372402019,
      "months": [
        7,
        8,
        9
      ]
    },
    "ASO": {
      "efp": 0.11065730039949166,
      "months": [
        8,
        9,
        10
      ]
    },
    "SON": {
      "efp": 0.17134327339144825,
      "months": [
        9,
        10,
        11
      ]
    },
    "OND": {
      "efp": 0.2513061052884963,
      "months": [
        10,
        11,
        12
      ]
    },
    "NDJ": {
      "efp": 0.3354844437552769,
      "months": [
        11,
        12,
        1
      ]
    }
  },
  "efp_nh_123": {
    "DJF": {
      "efp": 0.10363137883240371,
      "months": [
        12,
        1,
        2
      ]
    },
    "JFM": {
      "efp": 0.07854848348523322,
      "months": [
        1,
        2,
        3
      ]
    },
    "FMA": {
      "efp": 0.08041056974719751,
      "months": [
        2,
        3,
        4
      ]
    },
    "MAM": {
      "efp": 0.07678760784357204,
      "months": [
        3,
        4,
        5
      ]
    },
    "AMJ": {
      "efp": 0.08869045297684311,
      "months": [
        4,
        5,
        6
      ]
    },
    "MJJ": {
      "efp": 0.07986017980566984,
      "months": [
        5,
        6,
        7
      ]
    },
    "JJA": {
      "efp": 0.0759813197187029,
      "months": [
        6,
        7,
        8
      ]
    },
    "JAS": {
      "efp": 0.06208228622793702,
      "months": [
        7,
        8,
        9
      ]
    },
    "ASO": {
      "efp": 0.029800670460624047,
      "months": [
        8,
        9,
        10
      ]
    },
    "SON": {
      "efp": 0.033652542868223105,
      "months": [
        9,
        10,
        11
      ]
    },
    "OND": {
      "efp": 0.06000308733257713,
      "months": [
        10,
        11,
        12
      ]
    },
    "NDJ": {
      "efp": 0.09406353834768842,
      "months": [
        11,
        12,
        1
      ]
    }
  },
  "efp_nh_gt3": {
    "DJF": {
      "efp": 0.19085315011582707,
      "months": [
        12,
        1,
        2
      ]
    },
    "JFM": {
      "efp": 0.1844872656858941,
      "months": [
        1,
        2,
        3
      ]
    },
    "FMA": {
      "efp": 0.16901347679668124,
      "months": [
        2,
        3,
        4
      ]
    },
    "MAM": {
      "efp": 0.162856582920772,
      "months": [
        3,
        4,
        5
      ]
    },
    "AMJ": {
      "efp": 0.19695177387833843,
      "months": [
        4,
        5,
        6
      ]
    },
    "MJJ": {
      "efp": 0.17158845657589822,
      "months": [
        5,
        6,
        7
      ]
    },
    "JJA": {
      "efp": 0.14195751886134964,
      "months": [
        6,
        7,
        8
      ]
    },
    "JAS": {
      "efp": 0.08717201254125277,
      "months": [
        7,
        8,
        9
      ]
    },
    "ASO": {
      "efp": 0.08195667398765388,
      "months": [
        8,
        9,
        10
      ]
    },
    "SON": {
      "efp": 0.12326114062373465,
      "months": [
        9,
        10,
        11
      ]
    },
    "OND": {
      "efp": 0.17182600409257287,
      "months": [
        10,
        11,
        12
      ]
    },
    "NDJ": {
      "efp": 0.23510261409880298,
      "months": [
        11,
        12,
        1
      ]
    }
  },
  "efp_sh": {
    "DJF": {
      "efp": 0.2660015998181109,
      "months": [
        12,
        1,
        2
      ]
    },
    "JFM": {
      "efp": 0.2190324759754851,
      "months": [
        1,
        2,
        3
      ]
    },
    "FMA": {
      "efp": 0.1785468918843519,
      "months": [
        2,
        3,
        4
      ]
    },
    "MAM": {
      "efp": 0.27986549784567694,
      "months": [
        3,
        4,
        5
      ]
    },
    "AMJ": {
      "efp": 0.33471797658414026,
      "months": [
        4,
        5,
        6
      ]
    },
    "MJJ": {
      "efp": 0.32605868345751393,
      "months": [
        5,
        6,
        7
      ]
    },
    "JJA": {
      "efp": 0.38663336496426737,
      "months": [
        6,
        7,
        8
      ]
    },
    "JAS": {
      "efp": 0.34186304366154846,
      "months": [
        7,
        8,
        9
      ]
    },
    "ASO": {
      "efp": 0.34615546734602076,
      "months": [
        8,
        9,
        10
      ]
    },
    "SON": {
      "efp": 0.3106042186379944,
      "months": [
        9,
        10,
        11
      ]
    },
    "OND": {
      "efp": 0.2876559743958682,
      "months": [
        10,
        11,
        12
      ]
    },
    "NDJ": {
      "efp": 0.2832840916370822,
      "months": [
        11,
        12,
        1
      ]
    }
  },
  "efp_sh_123": {
    "DJF": {
      "efp": 0.03817545078463679,
      "months": [
        12,
        1,
        2
      ]
    },
    "JFM": {
      "efp": 0.06012210768936887,
      "months": [
        1,
        2,
        3
      ]
    },
    "FMA": {
      "efp": 0.06246965285225882,
      "months": [
        2,
        3,
        4
      ]
    },
    "MAM": {
      "efp": 0.02287045768358899,
      "months": [
        3,
        4,
        5
      ]
    },
    "AMJ": {
      "efp": 0.024440578858898256,
      "months": [
        4,
        5,
        6
      ]
    },
    "MJJ": {
      "efp": 0.02123163914817805,
      "months": [
        5,
        6,
        7
      ]
    },
    "JJA": {
      "efp": 0.011590063745241299,
      "months": [
        6,
        7,
        8
      ]
    },
    "JAS": {
      "efp": 0.03764112025298852,
      "months": [
        7,
        8,
        9
      ]
    },
    "ASO": {
      "efp": 0.03525856938511621,
      "months": [
        8,
        9,
        10
      ]
    },
    "SON": {
      "efp": 0.034320726541101104,
      "months": [
        9,
        10,
        11
      ]
    },
    "OND": {
      "efp": 0.02804402802740503,
      "months": [
        10,
        11,
        12
      ]
    },
    "NDJ": {
      "efp": 0.03832428292451367,
      "months": [
        11,
        12,
        1
      ]
    }
  },
  "efp_sh_gt3": {
    "DJF": {
      "efp": 0.21419079937851543,
      "months": [
        12,
        1,
        2
      ]
    },
    "JFM": {
      "efp": 0.20726577894999196,
      "months": [
        1,
        2,
        3
      ]
    },
    "FMA": {
      "efp": 0.18001084797922273,
      "months": [
        2,
        3,
        4
      ]
    },
    "MAM": {
      "efp": 0.24098452941730414,
      "months": [
        3,
        4,
        5
      ]
    },
    "AMJ": {
      "efp": 0.28112498217164955,
      "months": [
        4,
        5,
        6
      ]
    },
    "MJJ": {
      "efp": 0.24604031253370964,
      "months": [
        5,
        6,
        7
      ]
    },
    "JJA": {
      "efp": 0.30647868996857974,
      "months": [
        6,
        7,
        8
      ]
    },
    "JAS": {
      "efp": 0.2922073595086521,
      "months": [
        7,
        8,
        9
      ]
    },
    "ASO": {
      "efp": 0.3015434073967039,
      "months": [
        8,
        9,
        10
      ]
    },
    "SON": {
      "efp": 0.27784954858193334,
      "months": [
        9,
        10,
        11
      ]
    },