{
  "efp_nh": {
    "DJF": {
      "efp": 0.2828859218650536,
      "months": [
        12,
        1,
        2
      ]
    },
    "JFM": {
      "efp": 0.32162348290382026,
      "months": [
        1,
        2,
        3
      ]
    },
    "FMA": {
      "efp": 0.30271937581897684,
      "months": [
        2,
        3,
        4
      ]
    },
    "MAM": {
      "efp": 0.23785782924451304,
      "months": [
        3,
        4,
        5
      ]
    },
    "AMJ": {
      "efp": 0.20323912550072856,
      "months": [
        4,
        5,
        6
      ]
    },
    "MJJ": {
      "efp": 0.16274298876519705,
      "months": [
        5,
        6,
        7
      ]
    },
    "JJA": {
      "efp": 0.14648039073227542,
      "months": [
        6,
        7,
        8
      ]
    },
    "JAS": {
      "efp": 0.13491546763278783,
      "months": [
        7,
        8,
        9
      ]
    },
    "ASO": {
      "efp": 0.1264695042198643,
      "months": [
        8,
        9,
        10
      ]
    },
    "SON": {
      "efp": 0.10172988120140412,
      "months": [
        9,
        10,
        11
      ]
    },
    "OND": {
      "efp": 0.1496147097043198,
      "months": [
        10,
        11,
        12
      ]
    },
    "NDJ": {
      "efp": 0.24018423437226688,
      "months": [
        11,
        12,
        1
      ]
    }
  },
  "efp_nh_123": {
    "DJF": {
      "efp": 0.11248899246726286,
      "months": [
        12,
        1,
        2
      ]
    },
    "JFM": {
      "efp": 0.11630196056615211,
      "months": [
        1,
        2,
        3
      ]
    },
    "FMA": {
      "efp": 0.10087560207216488,
      "months": [
        2,
        3,
        4
      ]
    },
    "MAM": {
      "efp": 0.0815681215161476,
      "months": [
        3,
        4,
        5
      ]
    },
    "AMJ": {
      "efp": 0.06619137056567524,
      "months": [
        4,
        5,
        6
      ]
    },
    "MJJ": {
      "efp": 0.032853626812602385,
      "months": [
        5,
        6,
        7
      ]
    },
    "JJA": {
      "efp": 0.02975876492512659,
      "months": [
        6,
        7,
        8
      ]
    },
    "JAS": {
      "efp": 0.030563110718047896,
      "months": [
        7,
        8,
        9
      ]
    },
    "ASO": {
      "efp": 0.021024083417816985,
      "months": [
        8,
        9,
        10
      ]
    },
    "SON": {
      "efp": 0.01647550389119525,
      "months": [
        9,
        10,
        11
      ]
    },
    "OND": {
      "efp": 0.05171201711452958,
      "months": [
        10,
        11,
        12
      ]
    },
    "NDJ": {
      "efp": 0.09232577650712379,
      "months": [
        11,
        12,
        1
      ]
    }
  },
  "efp_nh_gt3": {
    "DJF": {
      "efp": 0.13981115508316397,
      "months": [
        12,
        1,
        2
      ]
    },
    "JFM": {
      "efp": 0.17245777278985344,
      "months": [
        1,
        2,
        3
      ]
    },
    "FMA": {
      "efp": 0.16863581422304397,
      "months": [
        2,
        3,
        4
      ]
    },
    "MAM": {
      "efp": 0.12667239535710814,
      "months": [
        3,
        4,
        5
      ]
    },
    "AMJ": {
      "efp": 0.11569782625336847,
      "months": [
        4,
        5,
        6
      ]
    },
    "MJJ": {
      "efp": 0.09952590018876263,
      "months": [
        5,
        6,
        7
      ]
    },
    "JJA": {
      "efp": 0.0959575248762308,
      "months": [
        6,
        7,
        8
      ]
    },
    "JAS": {
      "efp": 0.11699430697072588,
      "months": [
        7,
        8,
        9
      ]
    },
    "ASO": {
      "efp": 0.09731272377693373,
      "months": [
        8,
        9,
        10
      ]
    },
    "SON": {
      "efp": 0.0790890739212994,
      "months": [
        9,
        10,
        11
      ]
    },
    "OND": {
      "efp": 0.08467830055231189,
      "months": [
        10,
        11,
        12
      ]
    },
    "NDJ": {
      "efp": 0.11573378064421143,
      "months": [
        11,
        12,
        1
      ]
    }
  },
  "efp_sh": {
    "DJF": {
      "efp": 0.13019620747725166,
      "months": [
        12,
        1,
        2
      ]
    },
    "JFM": {
      "efp": 0.12961194681310473,
      "months": [
        1,
        2,
        3
      ]
    },
    "FMA": {
      "efp": 0.13106777510903395,
      "months": [
        2,
        3,
        4
      ]
    },
    "MAM": {
      "efp": 0.15466330791491878,
      "months": [
        3,
        4,
        5
      ]
    },
    "AMJ": {
      "efp": 0.22486653102761073,
      "months": [
        4,
        5,
        6
      ]
    },
    "MJJ": {
      "efp": 0.26594376214899945,
      "months": [
        5,
        6,
        7
      ]
    },
    "JJA": {
      "efp": 0.29003147055385664,
      "months": [
        6,
        7,
        8
      ]
    },
    "JAS": {
      "efp": 0.2799263536741419,
      "months": [
        7,
        8,
        9
      ]
    },
    "ASO": {
      "efp": 0.26377459064137015,
      "months": [
        8,
        9,
        10
      ]
    },
    "SON": {
      "efp": 0.25823182485896906,
      "months": [
        9,
        10,
        11
      ]
    },
    "OND": {
      "efp": 0.22165372544369447,
      "months": [
        10,
        11,
        12
      ]
    },
    "NDJ": {
      "efp": 0.16420574993868692,
      "months": [
        11,
        12,
        1
      ]
    }
  },
  "efp_sh_123": {
    "DJF": {
      "efp": 0.02198215516137819,
      "months": [
        12,
        1,
        2
      ]
    },
    "JFM": {
      "efp": 0.02255983497318665,
      "months": [
        1,
        2,
        3
      ]
    },
    "FMA": {
      "efp": 0.024188865120393564,
      "months": [
        2,
        3,
        4
      ]
    },
    "MAM": {
      "efp": 0.030772591023128362,
      "months": [
        3,
        4,
        5
      ]
    },
    "AMJ": {
      "efp": 0.02003141390586179,
      "months": [
        4,
        5,
        6
      ]
    },
    "MJJ": {
      "efp": 0.020480662630269025,
      "months": [
        5,
        6,
        7
      ]
    },
    "JJA": {
      "efp": 0.019268113613040365,
      "months": [
        6,
        7,
        8
      ]
    },
    "JAS": {
      "efp": 0.00823167307344051,
      "months": [
        7,
        8,
        9
      ]
    },
    "ASO": {
      "efp": 0.012610679595828437,
      "months": [
        8,
        9,
        10
      ]
    },
    "SON": {
      "efp": 0.018855959986363816,
      "months": [
        9,
        10,
        11
      ]
    },
    "OND": {
      "efp": 0.02061352150297729,
      "months": [
        10,
        11,
        12
      ]
    },
    "NDJ": {
      "efp": 0.020263255933492503,
      "months": [
        11,
        12,
        1
      ]
    }
  },
  "efp_sh_gt3": {
    "DJF": {
      "efp": 0.08063416413493729,
      "months": [
        12,
        1,
        2
      ]
    },
    "JFM": {
      "efp": 0.08290662556061973,
      "months": [
        1,
        2,
        3
      ]
    },
    "FMA": {
      "efp": 0.11454110373356084,
      "months": [
        2,
        3,
        4
      ]
    },
    "MAM": {
      "efp": 0.13605885581138805,
      "months": [
        3,
        4,
        5
      ]
    },
    "AMJ": {
      "efp": 0.1719212113454357,
      "months": [
        4,
        5,
        6
      ]
    },
    "MJJ": {
      "efp": 0.1725306966536669,
      "months": [
        5,
        6,
        7
      ]
    },
    "JJA": {
      "efp": 0.19033891118489224,
      "months": [
        6,
        7,
        8
      ]
    },
    "JAS": {
      "efp": 0.1821039637229422,
      "months": [
        7,
        8,
        9
      ]
    },
    "ASO": {
      "efp": 0.19738485112008833,
      "months": [
        8,
        9,
        10
      ]
    },
    "SON": {
      "efp": 0.19559474552606895,