{
  "efp_nh": {
    "DJF": {
      "efp": 0.29728907346725464,
      "months": [
        12,
        1,
        2
      ]
    },
    "JFM": {
      "efp": 0.31394922733306885,
      "months": [
        1,
        2,
        3
      ]
    },
    "FMA": {
      "efp": 0.3266426622867584,
      "months": [
        2,
        3,
        4
      ]
    },
    "MAM": {
      "efp": 0.2607555389404297,
      "months": [
        3,
        4,
        5
      ]
    },
    "AMJ": {
      "efp": 0.26512590050697327,
      "months": [
        4,
        5,
        6
      ]
    },
    "MJJ": {
      "efp": 0.2503003180027008,
      "months": [
        5,
        6,
        7
      ]
    },
    "JJA": {
      "efp": 0.1382509469985962,
      "months": [
        6,
        7,
        8
      ]
    },
    "JAS": {
      "efp": 0.11580172181129456,
      "months": [
        7,
        8,
        9
      ]
    },
    "ASO": {
      "efp": 0.1326172649860382,
      "months": [
        8,
        9,
        10
      ]
    },
    "SON": {
      "efp": 0.20082604885101318,
      "months": [
        9,
        10,
        11
      ]
    },
    "OND": {
      "efp": 0.26218101382255554,
      "months": [
        10,
        11,
        12
      ]
    },
    "NDJ": {
      "efp": 0.2693425416946411,
      "months": [
        11,
        12,
        1
      ]
    }
  },
  "efp_nh_123": {
    "DJF": {
      "efp": 0.0722533687321054,
      "months": [
        12,
        1,
        2
      ]
    },
    "JFM": {
      "efp": 0.057776153369363974,
      "months": [
        1,
        2,
        3
      ]
    },
    "FMA": {
      "efp": 0.03289922011612477,
      "months": [
        2,
        3,
        4
      ]
    },
    "MAM": {
      "efp": 0.019794515697682476,
      "months": [
        3,
        4,
        5
      ]
    },
    "AMJ": {
      "efp": 0.0258767616406961,
      "months": [
        4,
        5,
        6
      ]
    },
    "MJJ": {
      "efp": 0.036283606712622624,
      "months": [
        5,
        6,
        7
      ]
    },
    "JJA": {
      "efp": 0.025294778508090903,
      "months": [
        6,
        7,
        8
      ]
    },
    "JAS": {
      "efp": 0.02182253341815329,
      "months": [
        7,
        8,
        9
      ]
    },
    "ASO": {
      "efp": 0.008644219702616905,
      "months": [
        8,
        9,
        10
      ]
    },
    "SON": {
      "efp": 0.035505648446832315,
      "months": [
        9,
        10,
        11
      ]
    },
    "OND": {
      "efp": 0.05722557657643296,
      "months": [
        10,
        11,
        12
      ]
    },
    "NDJ": {
      "efp": 0.07399368290774144,
      "months": [
        11,
        12,
        1
      ]
    }
  },
  "efp_nh_gt3": {
    "DJF": {
      "efp": 0.1887939718609546,
      "months": [
        12,
        1,
        2
      ]
    },
    "JFM": {
      "efp": 0.21735821491849092,
      "months": [
        1,
        2,
        3
      ]
    },
    "FMA": {
      "efp": 0.25157863969961225,
      "months": [
        2,
        3,
        4
      ]
    },
    "MAM": {
      "efp": 0.19233851700501078,
      "months": [
        3,
        4,
        5
      ]
    },
    "AMJ": {
      "efp": 0.1917223954357103,
      "months": [
        4,
        5,
        6
      ]
    },
    "MJJ": {
      "efp": 0.1606819426000947,
      "months": [
        5,
        6,
        7
      ]
    },
    "JJA": {
      "efp": 0.10890489608156137,
      "months": [
        6,
        7,
        8
      ]
    },
    "JAS": {
      "efp": 0.09533300478267945,
      "months": [
        7,
        8,
        9
      ]
    },
    "ASO": {
      "efp": 0.10269336209422898,
      "months": [
        8,
        9,
        10
      ]
    },
    "SON": {
      "efp": 0.13686874350211722,
      "months": [
        9,
        10,
        11
      ]
    },
    "OND": {
      "efp": 0.17934714184080916,
      "months": [
        10,
        11,
        12
      ]
    },
    "NDJ": {
      "efp": 0.16115729317152247,
      "months": [
        11,
        12,
        1
      ]
    }
  },
  "efp_sh": {
    "DJF": {
      "efp": 0.3055819869041443,
      "months": [
        12,
        1,
        2
      ]
    },
    "JFM": {
      "efp": 0.26429644227027893,
      "months": [
        1,
        2,
        3
      ]
    },
    "FMA": {
      "efp": 0.2435617297887802,
      "months": [
        2,
        3,
        4
      ]
    },
    "MAM": {
      "efp": 0.28542080521583557,
      "months": [
        3,
        4,
        5
      ]
    },
    "AMJ": {
      "efp": 0.35457468032836914,
      "months": [
        4,
        5,
        6
      ]
    },
    "MJJ": {
      "efp": 0.331712931394577,
      "months": [
        5,
        6,
        7
      ]
    },
    "JJA": {
      "efp": 0.3256103992462158,
      "months": [
        6,
        7,
        8
      ]
    },
    "JAS": {
      "efp": 0.34780949354171753,
      "months": [
        7,
        8,
        9
      ]
    },
    "ASO": {
      "efp": 0.3172580301761627,
      "months": [
        8,
        9,
        10
      ]
    },
    "SON": {
      "efp": 0.3460417687892914,
      "months": [
        9,
        10,
        11
      ]
    },
    "OND": {
      "efp": 0.29673242568969727,
      "months": [
        10,
        11,
        12
      ]
    },
    "NDJ": {
      "efp": 0.3075925409793854,
      "months": [
        11,
        12,
        1
      ]
    }
  },
  "efp_sh_123": {
    "DJF": {
      "efp": 0.051009840878601956,
      "months": [
        12,
        1,
        2
      ]
    },
    "JFM": {
      "efp": 0.04346060508941657,
      "months": [
        1,
        2,
        3
      ]
    },
    "FMA": {
      "efp": 0.02872386557127777,
      "months": [
        2,
        3,
        4
      ]
    },
    "MAM": {
      "efp": 0.016541282909221793,
      "months": [
        3,
        4,
        5
      ]
    },
    "AMJ": {
      "efp": 0.01970845853567157,
      "months": [
        4,
        5,
        6
      ]
    },
    "MJJ": {
      "efp": 0.020719397738426716,
      "months": [
        5,
        6,
        7
      ]
    },
    "JJA": {
      "efp": 0.010350201735126054,
      "months": [
        6,
        7,
        8
      ]
    },
    "JAS": {
      "efp": 0.011730467946786997,
      "months": [
        7,
        8,
        9
      ]
    },
    "ASO": {
      "efp": 0.013179108409291613,
      "months": [
        8,
        9,
        10
      ]
    },
    "SON": {
      "efp": 0.017672970547437144,
      "months": [
        9,
        10,
        11
      ]
    },
    "OND": {
      "efp": 0.013704214787982609,
      "months": [
        10,
        11,
        12
      ]
    },
    "NDJ": {
      "efp": 0.04279441918201389,
      "months": [
        11,
        12,
        1
      ]
    }
  },
  "efp_sh_gt3": {
    "DJF": {
      "efp": 0.20380239253196375,
      "months": [
        12,
        1,
        2
      ]
    },
    "JFM": {
      "efp": 0.19421628942942912,
      "months": [
        1,
        2,
        3
      ]
    },
    "FMA": {
      "efp": 0.1753980785789021,
      "months": [
        2,
        3,
        4
      ]
    },
    "MAM": {
      "efp": 0.22462473630804508,
      "months": [
        3,
        4,
        5
      ]
    },
    "AMJ": {
      "efp": 0.29120807685937233,
      "months": [
        4,
        5,
        6
      ]
    },
    "MJJ": {
      "efp": 0.2887349423288543,
      "months": [
        5,
        6,
        7
      ]
    },
    "JJA": {
      "efp": 0.2685331636712153,
      "months": [
        6,
        7,
        8
      ]
    },
    "JAS": {
      "efp": 0.2879274275153575,
      "months": [
        7,
        8,
        9
      ]
    },
    "ASO": {
      "efp": 0.27547300866497054,
      "months": [
        8,
        9,
        10
      ]
    },
    "SON": {
      "efp": 0.2849478196825039,
      "months": [
        9,
        10,
        11
      ]
    },