{
  "efp_nh": {
    "DJF": {
      "efp": 0.12046319366116369,
      "months": [
        12,
        1,
        2
      ]
    },
    "JFM": {
      "efp": 0.1883070000825814,
      "months": [
        1,
        2,
        3
      ]
    },
    "FMA": {
      "efp": 0.1849269828562973,
      "months": [
        2,
        3,
        4
      ]
    },
    "MAM": {
      "efp": 0.20503619957004612,
      "months": [
        3,
        4,
        5
      ]
    },
    "AMJ": {
      "efp": 0.16033964510747473,
      "months": [
        4,
        5,
        6
      ]
    },
    "MJJ": {
      "efp": 0.12450914164537667,
      "months": [
        5,
        6,
        7
      ]
    },
    "JJA": {
      "efp": 0.11517039812191938,
      "months": [
        6,
        7,
        8
      ]
    },
    "JAS": {
      "efp": 0.08945925704926488,
      "months": [
        7,
        8,
        9
      ]
    },
    "ASO": {
      "efp": 0.15409906156673353,
      "months": [
        8,
        9,
        10
      ]
    },
    "SON": {
      "efp": 0.13720902776154234,
      "months": [
        9,
        10,
        11
      ]
    },
    "OND": {
      "efp": 0.19314109059040233,
      "months": [
        10,
        11,
        12
      ]
    },
    "NDJ": {
      "efp": 0.16095709467874966,
      "months": [
        11,
        12,
        1
      ]
    }
  },
  "efp_nh_123": {
    "DJF": {
      "efp": 0.03748595229666172,
      "months": [
        12,
        1,
        2
      ]
    },
    "JFM": {
      "efp": 0.026883305548394854,
      "months": [
        1,
        2,
        3
      ]
    },
    "FMA": {
      "efp": 0.06133319208817248,
      "months": [
        2,
        3,
        4
      ]
    },
    "MAM": {
      "efp": 0.044885351596103164,
      "months": [
        3,
        4,
        5
      ]
    },
    "AMJ": {
      "efp": 0.028894811868156393,
      "months": [
        4,
        5,
        6
      ]
    },
    "MJJ": {
      "efp": 0.03294567429058434,
      "months": [
        5,
        6,
        7
      ]
    },
    "JJA": {
      "efp": 0.03671199155860734,
      "months": [
        6,
        7,
        8
      ]
    },
    "JAS": {
      "efp": 0.019926690923621326,
      "months": [
        7,
        8,
        9
      ]
    },
    "ASO": {
      "efp": 0.030270195007293107,
      "months": [
        8,
        9,
        10
      ]
    },
    "SON": {
      "efp": 0.038561111239838776,
      "months": [
        9,
        10,
        11
      ]
    },
    "OND": {
      "efp": 0.0456721760834767,
      "months": [
        10,
        11,
        12
      ]
    },
    "NDJ": {
      "efp": 0.03687159151171853,
      "months": [
        11,
        12,
        1
      ]
    }
  },
  "efp_nh_gt3": {
    "DJF": {
      "efp": 0.08372290026669793,
      "months": [
        12,
        1,
        2
      ]
    },
    "JFM": {
      "efp": 0.12235237501421141,
      "months": [
        1,
        2,
        3
      ]
    },
    "FMA": {
      "efp": 0.10570277134409908,
      "months": [
        2,
        3,
        4
      ]
    },
    "MAM": {
      "efp": 0.11895799146668667,
      "months": [
        3,
        4,
        5
      ]
    },
    "AMJ": {
      "efp": 0.12175520875673812,
      "months": [
        4,
        5,
        6
      ]
    },
    "MJJ": {
      "efp": 0.07406016813546809,
      "months": [
        5,
        6,
        7
      ]
    },
    "JJA": {
      "efp": 0.06686943415721174,
      "months": [
        6,
        7,
        8
      ]
    },
    "JAS": {
      "efp": 0.060871676465265874,
      "months": [
        7,
        8,
        9
      ]
    },
    "ASO": {
      "efp": 0.12671165618156455,
      "months": [
        8,
        9,
        10
      ]
    },
    "SON": {
      "efp": 0.1486567835072434,
      "months": [
        9,
        10,
        11
      ]
    },
    "OND": {
      "efp": 0.16802340175084787,
      "months": [
        10,
        11,
        12
      ]
    },
    "NDJ": {
      "efp": 0.12803452623947428,
      "months": [
        11,
        12,
        1
      ]
    }
  },
  "efp_sh": {
    "DJF": {
      "efp": 0.12222234679880438,
      "months": [
        12,
        1,
        2
      ]
    },
    "JFM": {
      "efp": 0.11977763637085892,
      "months": [
        1,
        2,
        3
      ]
    },
    "FMA": {
      "efp": 0.15296188608411912,
      "months": [
        2,
        3,
        4
      ]
    },
    "MAM": {
      "efp": 0.19883680265676082,
      "months": [
        3,
        4,
        5
      ]
    },
    "AMJ": {
      "efp": 0.24986484006181206,
      "months": [
        4,
        5,
        6
      ]
    },
    "MJJ": {
      "efp": 0.2530112495695652,
      "months": [
        5,
        6,
        7
      ]
    },
    "JJA": {
      "efp": 0.3508113635612454,
      "months": [
        6,
        7,
        8
      ]
    },
    "JAS": {
      "efp": 0.2900629053993342,
      "months": [
        7,
        8,
        9
      ]
    },
    "ASO": {
      "efp": 0.2660646671089948,
      "months": [
        8,
        9,
        10
      ]
    },
    "SON": {
      "efp": 0.3061096056521465,
      "months": [
        9,
        10,
        11
      ]
    },
    "OND": {
      "efp": 0.32255251516132183,
      "months": [
        10,
        11,
        12
      ]
    },
    "NDJ": {
      "efp": 0.19997677723219984,
      "months": [
        11,
        12,
        1
      ]
    }
  },
  "efp_sh_123": {
    "DJF": {
      "efp": 0.05827127928261826,
      "months": [
        12,
        1,
        2
      ]
    },
    "JFM": {
      "efp": 0.04837251221255288,
      "months": [
        1,
        2,
        3
      ]
    },
    "FMA": {
      "efp": 0.038850214881059685,
      "months": [
        2,
        3,
        4
      ]
    },
    "MAM": {
      "efp": 0.03969460024251494,
      "months": [
        3,
        4,
        5
      ]
    },
    "AMJ": {
      "efp": 0.03279714466165877,
      "months": [
        4,
        5,
        6
      ]
    },
    "MJJ": {
      "efp": 0.025142726742792984,
      "months": [
        5,
        6,
        7
      ]
    },
    "JJA": {
      "efp": 0.03144281611280426,
      "months": [
        6,
        7,
        8
      ]
    },
    "JAS": {
      "efp": 0.03238258751147436,
      "months": [
        7,
        8,
        9
      ]
    },
    "ASO": {
      "efp": 0.023456245057414504,
      "months": [
        8,
        9,
        10
      ]
    },
    "SON": {
      "efp": 0.029940620596568997,
      "months": [
        9,
        10,
        11
      ]
    },
    "OND": {
      "efp": 0.029478909761135874,
      "months": [
        10,
        11,
        12
      ]
    },
    "NDJ": {
      "efp": 0.06040490681263711,
      "months": [
        11,
        12,
        1
      ]
    }
  },
  "efp_sh_gt3": {
    "DJF": {
      "efp": 0.11277913044679122,
      "months": [
        12,
        1,
        2
      ]
    },
    "JFM": {
      "efp": 0.09607173069112486,
      "months": [
        1,
        2,
        3
      ]
    },
    "FMA": {
      "efp": 0.14790177594589013,
      "months": [
        2,
        3,
        4
      ]
    },
    "MAM": {
      "efp": 0.18035960748707425,
      "months": [
        3,
        4,
        5
      ]
    },
    "AMJ": {
      "efp": 0.1941845658458794,
      "months": [
        4,
        5,
        6
      ]
    },
    "MJJ": {
      "efp": 0.21144064544180233,
      "months": [
        5,
        6,
        7
      ]
    },
    "JJA": {
      "efp": 0.25978172885380496,
      "months": [
        6,
        7,
        8
      ]
    },
    "JAS": {
      "efp": 0.21477007189001635,
      "months": [
        7,
        8,
        9
      ]
    },
    "ASO": {
      "efp": 0.1777941668625536,
      "months": [
        8,
        9,
        10
      ]
    },
    "SON": {
      "efp": 0.24587788718901465,