{
  "efp_nh": {
    "DJF": {
      "efp": 0.24733186737509139,
      "months": [
        12,
        1,
        2
      ]
    },
    "JFM": {
      "efp": 0.25422339934000665,
      "months": [
        1,
        2,
        3
      ]
    },
    "FMA": {
      "efp": 0.23281787226084938,
      "months": [
        2,
        3,
        4
      ]
    },
    "MAM": {
      "efp": 0.2414319886055173,
      "months": [
        3,
        4,
        5
      ]
    },
    "AMJ": {
      "efp": 0.1965936132102361,
      "months": [
        4,
        5,
        6
      ]
    },
    "MJJ": {
      "efp": 0.22054932952562592,
      "months": [
        5,
        6,
        7
      ]
    },
    "JJA": {
      "efp": 0.14144363277404934,
      "months": [
        6,
        7,
        8
      ]
    },
    "JAS": {
      "efp": 0.09981411150875887,
      "months": [
        7,
        8,
        9
      ]
    },
    "ASO": {
      "efp": 0.15918793018297758,
      "months": [
        8,
        9,
        10
      ]
    },
    "SON": {
      "efp": 0.1656568315131373,
      "months": [
        9,
        10,
        11
      ]
    },
    "OND": {
      "efp": 0.2077784564498177,
      "months": [
        10,
        11,
        12
      ]
    },
    "NDJ": {
      "efp": 0.24132359378247764,
      "months": [
        11,
        12,
        1
      ]
    }
  },
  "efp_nh_123": {
    "DJF": {
      "efp": 0.058793228971871815,
      "months": [
        12,
        1,
        2
      ]
    },
    "JFM": {
      "efp": 0.03721047800754907,
      "months": [
        1,
        2,
        3
      ]
    },
    "FMA": {
      "efp": 0.017282187880107432,
      "months": [
        2,
        3,
        4
      ]
    },
    "MAM": {
      "efp": 0.01849730652773029,
      "months": [
        3,
        4,
        5
      ]
    },
    "AMJ": {
      "efp": 0.018554767367078562,
      "months": [
        4,
        5,
        6
      ]
    },
    "MJJ": {
      "efp": 0.02386999030321524,
      "months": [
        5,
        6,
        7
      ]
    },
    "JJA": {
      "efp": 0.050294275019865345,
      "months": [
        6,
        7,
        8
      ]
    },
    "JAS": {
      "efp": 0.03875916027677507,
      "months": [
        7,
        8,
        9
      ]
    },
    "ASO": {
      "efp": 0.021850673679617117,
      "months": [
        8,
        9,
        10
      ]
    },
    "SON": {
      "efp": 0.014881031793699756,
      "months": [
        9,
        10,
        11
      ]
    },
    "OND": {
      "efp": 0.02467006768486405,
      "months": [
        10,
        11,
        12
      ]
    },
    "NDJ": {
      "efp": 0.05734616523247853,
      "months": [
        11,
        12,
        1
      ]
    }
  },
  "efp_nh_gt3": {
    "DJF": {
      "efp": 0.1451542472443988,
      "months": [
        12,
        1,
        2
      ]
    },
    "JFM": {
      "efp": 0.18266030591668114,
      "months": [
        1,
        2,
        3
      ]
    },
    "FMA": {
      "efp": 0.19971314134155116,
      "months": [
        2,
        3,
        4
      ]
    },
    "MAM": {
      "efp": 0.20774390792803157,
      "months": [
        3,
        4,
        5
      ]
    },
    "AMJ": {
      "efp": 0.17134490455063725,
      "months": [
        4,
        5,
        6
      ]
    },
    "MJJ": {
      "efp": 0.15921861999872683,
      "months": [
        5,
        6,
        7
      ]
    },
    "JJA": {
      "efp": 0.12552656001697343,
      "months": [
        6,
        7,
        8
      ]
    },
    "JAS": {
      "efp": 0.09439937704368546,
      "months": [
        7,
        8,
        9
      ]
    },
    "ASO": {
      "efp": 0.14150126469181132,
      "months": [
        8,
        9,
        10
      ]
    },
    "SON": {
      "efp": 0.13462089810229572,
      "months": [
        9,
        10,
        11
      ]
    },
    "OND": {
      "efp": 0.1403271301267834,
      "months": [
        10,
        11,
        12
      ]
    },
    "NDJ": {
      "efp": 0.15677939901426038,
      "months": [
        11,
        12,
        1
      ]
    }
  },
  "efp_sh": {
    "DJF": {
      "efp": 0.2455530754738689,
      "months": [
        12,
        1,
        2
      ]
    },
    "JFM": {
      "efp": 0.19182375090587636,
      "months": [
        1,
        2,
        3
      ]
    },
    "FMA": {
      "efp": 0.1610895953321725,
      "months": [
        2,
        3,
        4
      ]
    },
    "MAM": {
      "efp": 0.2373815328427254,
      "months": [
        3,
        4,
        5
      ]
    },
    "AMJ": {
      "efp": 0.3219032996212401,
      "months": [
        4,
        5,
        6
      ]
    },
    "MJJ": {
      "efp": 0.37340839622830724,
      "months": [
        5,
        6,
        7
      ]
    },
    "JJA": {
      "efp": 0.377255135189753,
      "months": [
        6,
        7,
        8
      ]
    },
    "JAS": {
      "efp": 0.3592819774167374,
      "months": [
        7,
        8,
        9
      ]
    },
    "ASO": {
      "efp": 0.3822990364644339,
      "months": [
        8,
        9,
        10
      ]
    },
    "SON": {
      "efp": 0.3548474056880455,
      "months": [
        9,
        10,
        11
      ]
    },
    "OND": {
      "efp": 0.3306389084409945,
      "months": [
        10,
        11,
        12
      ]
    },
    "NDJ": {
      "efp": 0.2883774954029272,
      "months": [
        11,
        12,
        1
      ]
    }
  },
  "efp_sh_123": {
    "DJF": {
      "efp": 0.04667037779875783,
      "months": [
        12,
        1,
        2
      ]
    },
    "JFM": {
      "efp": 0.04248978395924593,
      "months": [
        1,
        2,
        3
      ]
    },
    "FMA": {
      "efp": 0.020890843713383393,
      "months": [
        2,
        3,
        4
      ]
    },
    "MAM": {
      "efp": 0.022002223356227604,
      "months": [
        3,
        4,
        5
      ]
    },
    "AMJ": {
      "efp": 0.021813400855575385,
      "months": [
        4,
        5,
        6
      ]
    },
    "MJJ": {
      "efp": 0.029573795690605024,
      "months": [
        5,
        6,
        7
      ]
    },
    "JJA": {
      "efp": 0.03849678874124912,
      "months": [
        6,
        7,
        8
      ]
    },
    "JAS": {
      "efp": 0.028084872174340667,
      "months": [
        7,
        8,
        9
      ]
    },
    "ASO": {
      "efp": 0.016000741249213427,
      "months": [
        8,
        9,
        10
      ]
    },
    "SON": {
      "efp": 0.020614107827934235,
      "months": [
        9,
        10,
        11
      ]
    },
    "OND": {
      "efp": 0.02867928933447114,
      "months": [
        10,
        11,
        12
      ]
    },
    "NDJ": {
      "efp": 0.04905604339331394,
      "months": [
        11,
        12,
        1
      ]
    }
  },
  "efp_sh_gt3": {
    "DJF": {
      "efp": 0.19336105089756303,
      "months": [
        12,
        1,
        2
      ]
    },
    "JFM": {
      "efp": 0.16988551229140722,
      "months": [
        1,
        2,
        3
      ]
    },
    "FMA": {
      "efp": 0.1433805700002065,
      "months": [
        2,
        3,
        4
      ]
    },
    "MAM": {
      "efp": 0.19830567339635446,
      "months": [
        3,
        4,
        5
      ]
    },
    "AMJ": {
      "efp": 0.25828204131917587,
      "months": [
        4,
        5,
        6
      ]
    },
    "MJJ": {
      "efp": 0.28023462222235984,
      "months": [
        5,
        6,
        7
      ]
    },
    "JJA": {
      "efp": 0.28498863867873037,
      "months": [
        6,
        7,
        8
      ]
    },
    "JAS": {
      "efp": 0.29766618446949306,
      "months": [
        7,
        8,
        9
      ]
    },
    "ASO": {
      "efp": 0.2985005506221907,
      "months": [
        8,
        9,
        10
      ]
    },
    "SON": {
      "efp": 0.29412685093580454,