{
  "efp_nh": {
    "DJF": {
      "efp": 0.36104518816955256,
      "months": [
        12,
        1,
        2
      ]
    },
    "JFM": {
      "efp": 0.4400699457879703,
      "months": [
        1,
        2,
        3
      ]
    },
    "FMA": {
      "efp": 0.3828041606544531,
      "months": [
        2,
        3,
        4
      ]
    },
    "MAM": {
      "efp": 0.3326690495466238,
      "months": [
        3,
        4,
        5
      ]
    },
    "AMJ": {
      "efp": 0.3705297366558854,
      "months": [
        4,
        5,
        6
      ]
    },
    "MJJ": {
      "efp": 0.2636200671842384,
      "months": [
        5,
        6,
        7
      ]
    },
    "JJA": {
      "efp": 0.1678617386283278,
      "months": [
        6,
        7,
        8
      ]
    },
    "JAS": {
      "efp": 0.16105288627633318,
      "months": [
        7,
        8,
        9
      ]
    },
    "ASO": {
      "efp": 0.14485841282699452,
      "months": [
        8,
        9,
        10
      ]
    },
    "SON": {
      "efp": 0.14869074168696986,
      "months": [
        9,
        10,
        11
      ]
    },
    "OND": {
      "efp": 0.2544513372778827,
      "months": [
        10,
        11,
        12
      ]
    },
    "NDJ": {
      "efp": 0.3286981472519132,
      "months": [
        11,
        12,
        1
      ]
    }
  },
  "efp_nh_123": {
    "DJF": {
      "efp": 0.10689216759637046,
      "months": [
        12,
        1,
        2
      ]
    },
    "JFM": {
      "efp": 0.139097089189782,
      "months": [
        1,
        2,
        3
      ]
    },
    "FMA": {
      "efp": 0.09769417722100705,
      "months": [
        2,
        3,
        4
      ]
    },
    "MAM": {
      "efp": 0.048951542543174464,
      "months": [
        3,
        4,
        5
      ]
    },
    "AMJ": {
      "efp": 0.05661090953094275,
      "months": [
        4,
        5,
        6
      ]
    },
    "MJJ": {
      "efp": 0.04076735860937772,
      "months": [
        5,
        6,
        7
      ]
    },
    "JJA": {
      "efp": 0.03309597669501143,
      "months": [
        6,
        7,
        8
      ]
    },
    "JAS": {
      "efp": 0.03309535742932849,
      "months": [
        7,
        8,
        9
      ]
    },
    "ASO": {
      "efp": 0.01562164907750577,
      "months": [
        8,
        9,
        10
      ]
    },
    "SON": {
      "efp": 0.032517036536949304,
      "months": [
        9,
        10,
        11
      ]
    },
    "OND": {
      "efp": 0.06614069304587833,
      "months": [
        10,
        11,
        12
      ]
    },
    "NDJ": {
      "efp": 0.1021815617319732,
      "months": [
        11,
        12,
        1
      ]
    }
  },
  "efp_nh_gt3": {
    "DJF": {
      "efp": 0.23298455691209646,
      "months": [
        12,
        1,
        2
      ]
    },
    "JFM": {
      "efp": 0.2712272040502034,
      "months": [
        1,
        2,
        3
      ]
    },
    "FMA": {
      "efp": 0.29003438512067176,
      "months": [
        2,
        3,
        4
      ]
    },
    "MAM": {
      "efp": 0.3001781287630642,
      "months": [
        3,
        4,
        5
      ]
    },
    "AMJ": {
      "efp": 0.29930579488103076,
      "months": [
        4,
        5,
        6
      ]
    },
    "MJJ": {
      "efp": 0.20341317871273631,
      "months": [
        5,
        6,
        7
      ]
    },
    "JJA": {
      "efp": 0.15332278698163865,
      "months": [
        6,
        7,
        8
      ]
    },
    "JAS": {
      "efp": 0.12345574029762249,
      "months": [
        7,
        8,
        9
      ]
    },
    "ASO": {
      "efp": 0.1365150746251504,
      "months": [
        8,
        9,
        10
      ]
    },
    "SON": {
      "efp": 0.1265725860208542,
      "months": [
        9,
        10,
        11
      ]
    },
    "OND": {
      "efp": 0.17530945566352502,
      "months": [
        10,
        11,
        12
      ]
    },
    "NDJ": {
      "efp": 0.2206652015923379,
      "months": [
        11,
        12,
        1
      ]
    }
  },
  "efp_sh": {
    "DJF": {
      "efp": 0.2556415692196036,
      "months": [
        12,
        1,
        2
      ]
    },
    "JFM": {
      "efp": 0.20605693934445415,
      "months": [
        1,
        2,
        3
      ]
    },
    "FMA": {
      "efp": 0.19032559002210345,
      "months": [
        2,
        3,
        4
      ]
    },
    "MAM": {
      "efp": 0.2509645926495912,
      "months": [
        3,
        4,
        5
      ]
    },
    "AMJ": {
      "efp": 0.3184816323309425,
      "months": [
        4,
        5,
        6
      ]
    },
    "MJJ": {
      "efp": 0.3602771389653088,
      "months": [
        5,
        6,
        7
      ]
    },
    "JJA": {
      "efp": 0.3956640889077826,
      "months": [
        6,
        7,
        8
      ]
    },
    "JAS": {
      "efp": 0.42415399657828995,
      "months": [
        7,
        8,
        9
      ]
    },
    "ASO": {
      "efp": 0.42601146838860976,
      "months": [
        8,
        9,
        10
      ]
    },
    "SON": {
      "efp": 0.43076129486735903,
      "months": [
        9,
        10,
        11
      ]
    },
    "OND": {
      "efp": 0.3464865231283614,
      "months": [
        10,
        11,
        12
      ]
    },
    "NDJ": {
      "efp": 0.3015632053557662,
      "months": [
        11,
        12,
        1
      ]
    }
  },
  "efp_sh_123": {
    "DJF": {
      "efp": 0.05308338919361578,
      "months": [
        12,
        1,
        2
      ]
    },
    "JFM": {
      "efp": 0.0649330208679742,
      "months": [
        1,
        2,
        3
      ]
    },
    "FMA": {
      "efp": 0.04278699509313841,
      "months": [
        2,
        3,
        4
      ]
    },
    "MAM": {
      "efp": 0.03204281215189659,
      "months": [
        3,
        4,
        5
      ]
    },
    "AMJ": {
      "efp": 0.03144690093066336,
      "months": [
        4,
        5,
        6
      ]
    },
    "MJJ": {
      "efp": 0.027148827317367508,
      "months": [
        5,
        6,
        7
      ]
    },
    "JJA": {
      "efp": 0.035034769189732355,
      "months": [
        6,
        7,
        8
      ]
    },
    "JAS": {
      "efp": 0.03752326938218577,
      "months": [
        7,
        8,
        9
      ]
    },
    "ASO": {
      "efp": 0.0382306145202651,
      "months": [
        8,
        9,
        10
      ]
    },
    "SON": {
      "efp": 0.03532091985223381,
      "months": [
        9,
        10,
        11
      ]
    },
    "OND": {
      "efp": 0.04856075160787073,
      "months": [
        10,
        11,
        12
      ]
    },
    "NDJ": {
      "efp": 0.06359099266185007,
      "months": [
        11,
        12,
        1
      ]
    }
  },
  "efp_sh_gt3": {
    "DJF": {
      "efp": 0.244628338498501,
      "months": [
        12,
        1,
        2
      ]
    },
    "JFM": {
      "efp": 0.20320775670018565,
      "months": [
        1,
        2,
        3
      ]
    },
    "FMA": {
      "efp": 0.19459733797403092,
      "months": [
        2,
        3,
        4
      ]
    },
    "MAM": {
      "efp": 0.23959204842669998,
      "months": [
        3,
        4,
        5
      ]
    },
    "AMJ": {
      "efp": 0.289589174488444,
      "months": [
        4,
        5,
        6
      ]
    },
    "MJJ": {
      "efp": 0.33267343879665817,
      "months": [
        5,
        6,
        7
      ]
    },
    "JJA": {
      "efp": 0.35763918646425447,
      "months": [
        6,
        7,
        8
      ]
    },
    "JAS": {
      "efp": 0.3603900781718128,
      "months": [
        7,
        8,
        9
      ]
    },
    "ASO": {
      "efp": 0.34124776969345944,
      "months": [
        8,
        9,
        10
      ]
    },
    "SON": {
      "efp": 0.3537850370462616,
      "months": [
        9,
        10,
        11
      ]
    },