{
  "efp_nh": {
    "DJF": {
      "efp": 0.2672494580198547,
      "months": [
        12,
        1,
        2
      ]
    },
    "JFM": {
      "efp": 0.3016390518904723,
      "months": [
        1,
        2,
        3
      ]
    },
    "FMA": {
      "efp": 0.3239106981890256,
      "months": [
        2,
        3,
        4
      ]
    },
    "MAM": {
      "efp": 0.26040286747219676,
      "months": [
        3,
        4,
        5
      ]
    },
    "AMJ": {
      "efp": 0.27216581991155775,
      "months": [
        4,
        5,
        6
      ]
    },
    "MJJ": {
      "efp": 0.24068169686572194,
      "months": [
        5,
        6,
        7
      ]
    },
    "JJA": {
      "efp": 0.10804127655809827,
      "months": [
        6,
        7,
        8
      ]
    },
    "JAS": {
      "efp": 0.10369973945309499,
      "months": [
        7,
        8,
        9
      ]
    },
    "ASO": {
      "efp": 0.14050086841897774,
      "months": [
        8,
        9,
        10
      ]
    },
    "SON": {
      "efp": 0.14642487440962507,
      "months": [
        9,
        10,
        11
      ]
    },
    "OND": {
      "efp": 0.1286917368190962,
      "months": [
        10,
        11,
        12
      ]
    },
    "NDJ": {
      "efp": 0.18993403116156904,
      "months": [
        11,
        12,
        1
      ]
    }
  },
  "efp_nh_123": {
    "DJF": {
      "efp": 0.11065576139590261,
      "months": [
        12,
        1,
        2
      ]
    },
    "JFM": {
      "efp": 0.16171806812341666,
      "months": [
        1,
        2,
        3
      ]
    },
    "FMA": {
      "efp": 0.19992297946441212,
      "months": [
        2,
        3,
        4
      ]
    },
    "MAM": {
      "efp": 0.12196697340667624,
      "months": [
        3,
        4,
        5
      ]
    },
    "AMJ": {
      "efp": 0.060283304986428754,
      "months": [
        4,
        5,
        6
      ]
    },
    "MJJ": {
      "efp": 0.03507875018968738,
      "months": [
        5,
        6,
        7
      ]
    },
    "JJA": {
      "efp": 0.052166192010813614,
      "months": [
        6,
        7,
        8
      ]
    },
    "JAS": {
      "efp": 0.03523206197493085,
      "months": [
        7,
        8,
        9
      ]
    },
    "ASO": {
      "efp": 0.027958377617055392,
      "months": [
        8,
        9,
        10
      ]
    },
    "SON": {
      "efp": 0.03433387947824506,
      "months": [
        9,
        10,
        11
      ]
    },
    "OND": {
      "efp": 0.05453709964242283,
      "months": [
        10,
        11,
        12
      ]
    },
    "NDJ": {
      "efp": 0.08028987925756498,
      "months": [
        11,
        12,
        1
      ]
    }
  },
  "efp_nh_gt3": {
    "DJF": {
      "efp": 0.10803210719937272,
      "months": [
        12,
        1,
        2
      ]
    },
    "JFM": {
      "efp": 0.11241529579709703,
      "months": [
        1,
        2,
        3
      ]
    },
    "FMA": {
      "efp": 0.12062444601312661,
      "months": [
        2,
        3,
        4
      ]
    },
    "MAM": {
      "efp": 0.1258083167434107,
      "months": [
        3,
        4,
        5
      ]
    },
    "AMJ": {
      "efp": 0.18930202443409452,
      "months": [
        4,
        5,
        6
      ]
    },
    "MJJ": {
      "efp": 0.19730794043940314,
      "months": [
        5,
        6,
        7
      ]
    },
    "JJA": {
      "efp": 0.10764070215396443,
      "months": [
        6,
        7,
        8
      ]
    },
    "JAS": {
      "efp": 0.1030915692346768,
      "months": [
        7,
        8,
        9
      ]
    },
    "ASO": {
      "efp": 0.1223638379795755,
      "months": [
        8,
        9,
        10
      ]
    },
    "SON": {
      "efp": 0.11860913867962067,
      "months": [
        9,
        10,
        11
      ]
    },
    "OND": {
      "efp": 0.07016976117111458,
      "months": [
        10,
        11,
        12
      ]
    },
    "NDJ": {
      "efp": 0.10679045856131998,
      "months": [
        11,
        12,
        1
      ]
    }
  },
  "efp_sh": {
    "DJF": {
      "efp": 0.09116302826258228,
      "months": [
        12,
        1,
        2
      ]
    },
    "JFM": {
      "efp": 0.14171790062016562,
      "months": [
        1,
        2,
        3
      ]
    },
    "FMA": {
      "efp": 0.14138589581628555,
      "months": [
        2,
        3,
        4
      ]
    },
    "MAM": {
      "efp": 0.1972793733124237,
      "months": [
        3,
        4,
        5
      ]
    },
    "AMJ": {
      "efp": 0.2580271445800906,
      "months": [
        4,
        5,
        6
      ]
    },
    "MJJ": {
      "efp": 0.3076368736366521,
      "months": [
        5,
        6,
        7
      ]
    },
    "JJA": {
      "efp": 0.27409475671948746,
      "months": [
        6,
        7,
        8
      ]
    },
    "JAS": {
      "efp": 0.25686240536589044,
      "months": [
        7,
        8,
        9
      ]
    },
    "ASO": {
      "efp": 0.23222241152345127,
      "months": [
        8,
        9,
        10
      ]
    },
    "SON": {
      "efp": 0.2560410407808127,
      "months": [
        9,
        10,
        11
      ]
    },
    "OND": {
      "efp": 0.24168939715944562,
      "months": [
        10,
        11,
        12
      ]
    },
    "NDJ": {
      "efp": 0.16708253553902228,
      "months": [
        11,
        12,
        1
      ]
    }
  },
  "efp_sh_123": {
    "DJF": {
      "efp": 0.05876550722306903,
      "months": [
        12,
        1,
        2
      ]
    },
    "JFM": {
      "efp": 0.08628629084501355,
      "months": [
        1,
        2,
        3
      ]
    },
    "FMA": {
      "efp": 0.08816775236534218,
      "months": [
        2,
        3,
        4
      ]
    },
    "MAM": {
      "efp": 0.06086296705289507,
      "months": [
        3,
        4,
        5
      ]
    },
    "AMJ": {
      "efp": 0.023377943463592742,
      "months": [
        4,
        5,
        6
      ]
    },
    "MJJ": {
      "efp": 0.043970507823567505,
      "months": [
        5,
        6,
        7
      ]
    },
    "JJA": {
      "efp": 0.037051087139371594,
      "months": [
        6,
        7,
        8
      ]
    },
    "JAS": {
      "efp": 0.016306294815520764,
      "months": [
        7,
        8,
        9
      ]
    },
    "ASO": {
      "efp": 0.03680536137553646,
      "months": [
        8,
        9,
        10
      ]
    },
    "SON": {
      "efp": 0.018174381111958234,
      "months": [
        9,
        10,
        11
      ]
    },
    "OND": {
      "efp": 0.03314218206695064,
      "months": [
        10,
        11,
        12
      ]
    },
    "NDJ": {
      "efp": 0.06473239813319429,
      "months": [
        11,
        12,
        1
      ]
    }
  },
  "efp_sh_gt3": {
    "DJF": {
      "efp": 0.05441392194069455,
      "months": [
        12,
        1,
        2
      ]
    },
    "JFM": {
      "efp": 0.1347687882789946,
      "months": [
        1,
        2,
        3
      ]
    },
    "FMA": {
      "efp": 0.18045885741302625,
      "months": [
        2,
        3,
        4
      ]
    },
    "MAM": {
      "efp": 0.2087998777132887,
      "months": [
        3,
        4,
        5
      ]
    },
    "AMJ": {
      "efp": 0.23258029459327065,
      "months": [
        4,
        5,
        6
      ]
    },
    "MJJ": {
      "efp": 0.23178847623502444,
      "months": [
        5,
        6,
        7
      ]
    },
    "JJA": {
      "efp": 0.18630716798920746,
      "months": [
        6,
        7,
        8
      ]
    },
    "JAS": {
      "efp": 0.16569673784890188,
      "months": [
        7,
        8,
        9
      ]
    },
    "ASO": {
      "efp": 0.19491723606569367,
      "months": [
        8,
        9,
        10
      ]
    },
    "SON": {
      "efp": 0.19550452819218084,