{
  "efp_nh": {
    "DJF": {
      "efp": 0.3626857039261975,
      "months": [
        12,
        1,
        2
      ]
    },
    "JFM": {
      "efp": 0.3730490536468408,
      "months": [
        1,
        2,
        3
      ]
    },
    "FMA": {
      "efp": 0.3474946557977008,
      "months": [
        2,
        3,
        4
      ]
    },
    "MAM": {
      "efp": 0.3043786972564365,
      "months": [
        3,
        4,
        5
      ]
    },
    "AMJ": {
      "efp": 0.2659613092694521,
      "months": [
        4,
        5,
        6
      ]
    },
    "MJJ": {
      "efp": 0.21637761000707387,
      "months": [
        5,
        6,
        7
      ]
    },
    "JJA": {
      "efp": 0.159856598023634,
      "months": [
        6,
        7,
        8
      ]
    },
    "JAS": {
      "efp": 0.09645588088426625,
      "months": [
        7,
        8,
        9
      ]
    },
    "ASO": {
      "efp": 0.09111315939729968,
      "months": [
        8,
        9,
        10
      ]
    },
    "SON": {
      "efp": 0.11238349758140415,
      "months": [
        9,
        10,
        11
      ]
    },
    "OND": {
      "efp": 0.22191607729809396,
      "months": [
        10,
        11,
        12
      ]
    },
    "NDJ": {
      "efp": 0.31366150950010724,
      "months": [
        11,
        12,
        1
      ]
    }
  },
  "efp_nh_123": {
    "DJF": {
      "efp": 0.15258638880965422,
      "months": [
        12,
        1,
        2
      ]
    },
    "JFM": {
      "efp": 0.15971701295908003,
      "months": [
        1,
        2,
        3
      ]
    },
    "FMA": {
      "efp": 0.12434890269262559,
      "months": [
        2,
        3,
        4
      ]
    },
    "MAM": {
      "efp": 0.09475142295127409,
      "months": [
        3,
        4,
        5
      ]
    },
    "AMJ": {
      "efp": 0.050185202305955794,
      "months": [
        4,
        5,
        6
      ]
    },
    "MJJ": {
      "efp": 0.03168613531791132,
      "months": [
        5,
        6,
        7
      ]
    },
    "JJA": {
      "efp": 0.031546352904663746,
      "months": [
        6,
        7,
        8
      ]
    },
    "JAS": {
      "efp": 0.026224414772690767,
      "months": [
        7,
        8,
        9
      ]
    },
    "ASO": {
      "efp": 0.0172333394337354,
      "months": [
        8,
        9,
        10
      ]
    },
    "SON": {
      "efp": 0.011974582709206321,
      "months": [
        9,
        10,
        11
      ]
    },
    "OND": {
      "efp": 0.05054400791974295,
      "months": [
        10,
        11,
        12
      ]
    },
    "NDJ": {
      "efp": 0.09694619952460501,
      "months": [
        11,
        12,
        1
      ]
    }
  },
  "efp_nh_gt3": {
    "DJF": {
      "efp": 0.20349527225521222,
      "months": [
        12,
        1,
        2
      ]
    },
    "JFM": {
      "efp": 0.2066271348832579,
      "months": [
        1,
        2,
        3
      ]
    },
    "FMA": {
      "efp": 0.22395584737805305,
      "months": [
        2,
        3,
        4
      ]
    },
    "MAM": {
      "efp": 0.25528413703697034,
      "months": [
        3,
        4,
        5
      ]
    },
    "AMJ": {
      "efp": 0.22566492761666743,
      "months": [
        4,
        5,
        6
      ]
    },
    "MJJ": {
      "efp": 0.18236315863244687,
      "months": [
        5,
        6,
        7
      ]
    },
    "JJA": {
      "efp": 0.12225497096618616,
      "months": [
        6,
        7,
        8
      ]
    },
    "JAS": {
      "efp": 0.08811509638230237,
      "months": [
        7,
        8,
        9
      ]
    },
    "ASO": {
      "efp": 0.0924438660688137,
      "months": [
        8,
        9,
        10
      ]
    },
    "SON": {
      "efp": 0.10753308513573352,
      "months": [
        9,
        10,
        11
      ]
    },
    "OND": {
      "efp": 0.16187145263344982,
      "months": [
        10,
        11,
        12
      ]
    },
    "NDJ": {
      "efp": 0.21062123389006995,
      "months": [
        11,
        12,
        1
      ]
    }
  },
  "efp_sh": {
    "DJF": {
      "efp": 0.16544172702525362,
      "months": [
        12,
        1,
        2
      ]
    },
    "JFM": {
      "efp": 0.11900782861117727,
      "months": [
        1,
        2,
        3
      ]
    },
    "FMA": {
      "efp": 0.11916603670609352,
      "months": [
        2,
        3,
        4
      ]
    },
    "MAM": {
      "efp": 0.19543190276015207,
      "months": [
        3,
        4,
        5
      ]
    },
    "AMJ": {
      "efp": 0.22479207965826917,
      "months": [
        4,
        5,
        6
      ]
    },
    "MJJ": {
      "efp": 0.2906335060717658,
      "months": [
        5,
        6,
        7
      ]
    },
    "JJA": {
      "efp": 0.3005677407909833,
      "months": [
        6,
        7,
        8
      ]
    },
    "JAS": {
      "efp": 0.2933733968623881,
      "months": [
        7,
        8,
        9
      ]
    },
    "ASO": {
      "efp": 0.2550086613455014,
      "months": [
        8,
        9,
        10
      ]
    },
    "SON": {
      "efp": 0.24208233087996878,
      "months": [
        9,
        10,
        11
      ]
    },
    "OND": {
      "efp": 0.21848223838890268,
      "months": [
        10,
        11,
        12
      ]
    },
    "NDJ": {
      "efp": 0.1576353072243691,
      "months": [
        11,
        12,
        1
      ]
    }
  },
  "efp_sh_123": {
    "DJF": {
      "efp": 0.04219937336245963,
      "months": [
        12,
        1,
        2
      ]
    },
    "JFM": {
      "efp": 0.03030278071218573,
      "months": [
        1,
        2,
        3
      ]
    },
    "FMA": {
      "efp": 0.022184148496697132,
      "months": [
        2,
        3,
        4
      ]
    },
    "MAM": {
      "efp": 0.03275617857240693,
      "months": [
        3,
        4,
        5
      ]
    },
    "AMJ": {
      "efp": 0.028705799104764073,
      "months": [
        4,
        5,
        6
      ]
    },
    "MJJ": {
      "efp": 0.01945073236666011,
      "months": [
        5,
        6,
        7
      ]
    },
    "JJA": {
      "efp": 0.026427131998194214,
      "months": [
        6,
        7,
        8
      ]
    },
    "JAS": {
      "efp": 0.029231724594888514,
      "months": [
        7,
        8,
        9
      ]
    },
    "ASO": {
      "efp": 0.03432996047696254,
      "months": [
        8,
        9,
        10
      ]
    },
    "SON": {
      "efp": 0.012119694956278805,
      "months": [
        9,
        10,
        11
      ]
    },
    "OND": {
      "efp": 0.016433785683750268,
      "months": [
        10,
        11,
        12
      ]
    },
    "NDJ": {
      "efp": 0.029566152320164157,
      "months": [
        11,
        12,
        1
      ]
    }
  },
  "efp_sh_gt3": {
    "DJF": {
      "efp": 0.11068925283139126,
      "months": [
        12,
        1,
        2
      ]
    },
    "JFM": {
      "efp": 0.09027699670052493,
      "months": [
        1,
        2,
        3
      ]
    },
    "FMA": {
      "efp": 0.09905769098985136,
      "months": [
        2,
        3,
        4
      ]
    },
    "MAM": {
      "efp": 0.16772149218852106,
      "months": [
        3,
        4,
        5
      ]
    },
    "AMJ": {
      "efp": 0.19872832362468085,
      "months": [
        4,
        5,
        6
      ]
    },
    "MJJ": {
      "efp": 0.21508523718741282,
      "months": [
        5,
        6,
        7
      ]
    },
    "JJA": {
      "efp": 0.2458116332312556,
      "months": [
        6,
        7,
        8
      ]
    },
    "JAS": {
      "efp": 0.25649068811222464,
      "months": [
        7,
        8,
        9
      ]
    },
    "ASO": {
      "efp": 0.24849096232472626,
      "months": [
        8,
        9,
        10
      ]
    },
    "SON": {
      "efp": 0.20718789527279108,