{
  "efp_nh": {
    "DJF": {
      "efp": 0.36275725540070536,
      "months": [
        12,
        1,
        2
      ]
    },
    "JFM": {
      "efp": 0.43710216272607094,
      "months": [
        1,
        2,
        3
      ]
    },
    "FMA": {
      "efp": 0.43496754425741385,
      "months": [
        2,
        3,
        4
      ]
    },
    "MAM": {
      "efp": 0.3295483665163038,
      "months": [
        3,
        4,
        5
      ]
    },
    "AMJ": {
      "efp": 0.24985284350565784,
      "months": [
        4,
        5,
        6
      ]
    },
    "MJJ": {
      "efp": 0.20824441037931446,
      "months": [
        5,
        6,
        7
      ]
    },
    "JJA": {
      "efp": 0.1579038727031785,
      "months": [
        6,
        7,
        8
      ]
    },
    "JAS": {
      "efp": 0.1525746092120787,
      "months": [
        7,
        8,
        9
      ]
    },
    "ASO": {
      "efp": 0.14505509204219783,
      "months": [
        8,
        9,
        10
      ]
    },
    "SON": {
      "efp": 0.21352302364931341,
      "months": [
        9,
        10,
        11
      ]
    },
    "OND": {
      "efp": 0.24501867007070624,
      "months": [
        10,
        11,
        12
      ]
    },
    "NDJ": {
      "efp": 0.22034024721694465,
      "months": [
        11,
        12,
        1
      ]
    }
  },
  "efp_nh_123": {
    "DJF": {
      "efp": 0.17303406679227232,
      "months": [
        12,
        1,
        2
      ]
    },
    "JFM": {
      "efp": 0.2175114601674193,
      "months": [
        1,
        2,
        3
      ]
    },
    "FMA": {
      "efp": 0.20566351567900276,
      "months": [
        2,
        3,
        4
      ]
    },
    "MAM": {
      "efp": 0.12376430353607845,
      "months": [
        3,
        4,
        5
      ]
    },
    "AMJ": {
      "efp": 0.08948952108491978,
      "months": [
        4,
        5,
        6
      ]
    },
    "MJJ": {
      "efp": 0.08818393609240775,
      "months": [
        5,
        6,
        7
      ]
    },
    "JJA": {
      "efp": 0.05084446419367371,
      "months": [
        6,
        7,
        8
      ]
    },
    "JAS": {
      "efp": 0.04403296482676059,
      "months": [
        7,
        8,
        9
      ]
    },
    "ASO": {
      "efp": 0.0801269684485681,
      "months": [
        8,
        9,
        10
      ]
    },
    "SON": {
      "efp": 0.05572516899272692,
      "months": [
        9,
        10,
        11
      ]
    },
    "OND": {
      "efp": 0.09911524471910402,
      "months": [
        10,
        11,
        12
      ]
    },
    "NDJ": {
      "efp": 0.11881373908267782,
      "months": [
        11,
        12,
        1
      ]
    }
  },
  "efp_nh_gt3": {
    "DJF": {
      "efp": 0.20738479825250164,
      "months": [
        12,
        1,
        2
      ]
    },
    "JFM": {
      "efp": 0.3015746751317739,
      "months": [
        1,
        2,
        3
      ]
    },
    "FMA": {
      "efp": 0.3042817268258653,
      "months": [
        2,
        3,
        4
      ]
    },
    "MAM": {
      "efp": 0.23660964990015404,
      "months": [
        3,
        4,
        5
      ]
    },
    "AMJ": {
      "efp": 0.16226036469256594,
      "months": [
        4,
        5,
        6
      ]
    },
    "MJJ": {
      "efp": 0.12150933618673018,
      "months": [
        5,
        6,
        7
      ]
    },
    "JJA": {
      "efp": 0.13068201929410142,
      "months": [
        6,
        7,
        8
      ]
    },
    "JAS": {
      "efp": 0.12746515074335688,
      "months": [
        7,
        8,
        9
      ]
    },
    "ASO": {
      "efp": 0.09862903013353361,
      "months": [
        8,
        9,
        10
      ]
    },
    "SON": {
      "efp": 0.13927366110747033,
      "months": [
        9,
        10,
        11
      ]
    },
    "OND": {
      "efp": 0.13507909065899576,
      "months": [
        10,
        11,
        12
      ]
    },
    "NDJ": {
      "efp": 0.12092896690588172,
      "months": [
        11,
        12,
        1
      ]
    }
  },
  "efp_sh": {
    "DJF": {
      "efp": 0.22164521211155297,
      "months": [
        12,
        1,
        2
      ]
    },
    "JFM": {
      "efp": 0.15135061260919275,
      "months": [
        1,
        2,
        3
      ]
    },
    "FMA": {
      "efp": 0.17211451068798203,
      "months": [
        2,
        3,
        4
      ]
    },
    "MAM": {
      "efp": 0.21782852181469237,
      "months": [
        3,
        4,
        5
      ]
    },
    "AMJ": {
      "efp": 0.2606678283425884,
      "months": [
        4,
        5,
        6
      ]
    },
    "MJJ": {
      "efp": 0.3507212202599821,
      "months": [
        5,
        6,
        7
      ]
    },
    "JJA": {
      "efp": 0.31355483940840845,
      "months": [
        6,
        7,
        8
      ]
    },
    "JAS": {
      "efp": 0.25196990160089433,
      "months": [
        7,
        8,
        9
      ]
    },
    "ASO": {
      "efp": 0.22383967012983744,
      "months": [
        8,
        9,
        10
      ]
    },
    "SON": {
      "efp": 0.21231617466505473,
      "months": [
        9,
        10,
        11
      ]
    },
    "OND": {
      "efp": 0.30210096707662315,
      "months": [
        10,
        11,
        12
      ]
    },
    "NDJ": {
      "efp": 0.22482429338705526,
      "months": [
        11,
        12,
        1
      ]
    }
  },
  "efp_sh_123": {
    "DJF": {
      "efp": 0.04616457953005562,
      "months": [
        12,
        1,
        2
      ]
    },
    "JFM": {
      "efp": 0.04340314626270612,
      "months": [
        1,
        2,
        3
      ]
    },
    "FMA": {
      "efp": 0.04697611979576583,
      "months": [
        2,
        3,
        4
      ]
    },
    "MAM": {
      "efp": 0.03239729327293702,
      "months": [
        3,
        4,
        5
      ]
    },
    "AMJ": {
      "efp": 0.024768229901639842,
      "months": [
        4,
        5,
        6
      ]
    },
    "MJJ": {
      "efp": 0.0339536489904142,
      "months": [
        5,
        6,
        7
      ]
    },
    "JJA": {
      "efp": 0.030441647486776944,
      "months": [
        6,
        7,
        8
      ]
    },
    "JAS": {
      "efp": 0.02936305279187071,
      "months": [
        7,
        8,
        9
      ]
    },
    "ASO": {
      "efp": 0.051252200680336236,
      "months": [
        8,
        9,
        10
      ]
    },
    "SON": {
      "efp": 0.05674660960378739,
      "months": [
        9,
        10,
        11
      ]
    },
    "OND": {
      "efp": 0.07983614837466907,
      "months": [
        10,
        11,
        12
      ]
    },
    "NDJ": {
      "efp": 0.09991643072855724,
      "months": [
        11,
        12,
        1
      ]
    }
  },
  "efp_sh_gt3": {
    "DJF": {
      "efp": 0.21392215232210116,
      "months": [
        12,
        1,
        2
      ]
    },
    "JFM": {
      "efp": 0.12582526721177908,
      "months": [
        1,
        2,
        3
      ]
    },
    "FMA": {
      "efp": 0.15308049865604414,
      "months": [
        2,
        3,
        4
      ]
    },
    "MAM": {
      "efp": 0.18740564328724116,
      "months": [
        3,
        4,
        5
      ]
    },
    "AMJ": {
      "efp": 0.21113524793713667,
      "months": [
        4,
        5,
        6
      ]
    },
    "MJJ": {
      "efp": 0.23636447197625615,
      "months": [
        5,
        6,
        7
      ]
    },
    "JJA": {
      "efp": 0.19853845297064,
      "months": [
        6,
        7,
        8
      ]
    },
    "JAS": {
      "efp": 0.17689474323704954,
      "months": [
        7,
        8,
        9
      ]
    },
    "ASO": {
      "efp": 0.2012925462979908,
      "months": [
        8,
        9,
        10
      ]
    },
    "SON": {
      "efp": 0.19237478844019476,
      "months": [
        9,
        10,
        11
      ]
    },