{
  "efp_nh": {
    "DJF": {
      "efp": 0.23327104941408114,
      "months": [
        12,
        1,
        2
      ]
    },
    "JFM": {
      "efp": 0.2900066037781364,
      "months": [
        1,
        2,
        3
      ]
    },
    "FMA": {
      "efp": 0.20010782403795235,
      "months": [
        2,
        3,
        4
      ]
    },
    "MAM": {
      "efp": 0.16823205664693883,
      "months": [
        3,
        4,
        5
      ]
    },
    "AMJ": {
      "efp": 0.20185739306833225,
      "months": [
        4,
        5,
        6
      ]
    },
    "MJJ": {
      "efp": 0.16861392094910174,
      "months": [
        5,
        6,
        7
      ]
    },
    "JJA": {
      "efp": 0.13542570214538333,
      "months": [
        6,
        7,
        8
      ]
    },
    "JAS": {
      "efp": 0.12463342436997214,
      "months": [
        7,
        8,
        9
      ]
    },
    "ASO": {
      "efp": 0.17267969165573835,
      "months": [
        8,
        9,
        10
      ]
    },
    "SON": {
      "efp": 0.18380830712720042,
      "months": [
        9,
        10,
        11
      ]
    },
    "OND": {
      "efp": 0.1836692660785106,
      "months": [
        10,
        11,
        12
      ]
    },
    "NDJ": {
      "efp": 0.23825513476321242,
      "months": [
        11,
        12,
        1
      ]
    }
  },
  "efp_nh_123": {
    "DJF": {
      "efp": 0.07555523175519833,
      "months": [
        12,
        1,
        2
      ]
    },
    "JFM": {
      "efp": 0.08566256186033604,
      "months": [
        1,
        2,
        3
      ]
    },
    "FMA": {
      "efp": 0.09921377001071395,
      "months": [
        2,
        3,
        4
      ]
    },
    "MAM": {
      "efp": 0.09033224829675987,
      "months": [
        3,
        4,
        5
      ]
    },
    "AMJ": {
      "efp": 0.06360226830770688,
      "months": [
        4,
        5,
        6
      ]
    },
    "MJJ": {
      "efp": 0.054177510306007017,
      "months": [
        5,
        6,
        7
      ]
    },
    "JJA": {
      "efp": 0.08226382093426911,
      "months": [
        6,
        7,
        8
      ]
    },
    "JAS": {
      "efp": 0.053865128023962164,
      "months": [
        7,
        8,
        9
      ]
    },
    "ASO": {
      "efp": 0.04684619860384796,
      "months": [
        8,
        9,
        10
      ]
    },
    "SON": {
      "efp": 0.03893637116701375,
      "months": [
        9,
        10,
        11
      ]
    },
    "OND": {
      "efp": 0.038674226886184486,
      "months": [
        10,
        11,
        12
      ]
    },
    "NDJ": {
      "efp": 0.1200287860683458,
      "months": [
        11,
        12,
        1
      ]
    }
  },
  "efp_nh_gt3": {
    "DJF": {
      "efp": 0.1471866833806657,
      "months": [
        12,
        1,
        2
      ]
    },
    "JFM": {
      "efp": 0.18690454066571663,
      "months": [
        1,
        2,
        3
      ]
    },
    "FMA": {
      "efp": 0.12030684254994249,
      "months": [
        2,
        3,
        4
      ]
    },
    "MAM": {
      "efp": 0.10443462203511492,
      "months": [
        3,
        4,
        5
      ]
    },
    "AMJ": {
      "efp": 0.14798523600906455,
      "months": [
        4,
        5,
        6
      ]
    },
    "MJJ": {
      "efp": 0.12072947268886834,
      "months": [
        5,
        6,
        7
      ]
    },
    "JJA": {
      "efp": 0.1583567298735713,
      "months": [
        6,
        7,
        8
      ]
    },
    "JAS": {
      "efp": 0.16986630544166278,
      "months": [
        7,
        8,
        9
      ]
    },
    "ASO": {
      "efp": 0.17771267009202096,
      "months": [
        8,
        9,
        10
      ]
    },
    "SON": {
      "efp": 0.13821490803421577,
      "months": [
        9,
        10,
        11
      ]
    },
    "OND": {
      "efp": 0.12806994610728004,
      "months": [
        10,
        11,
        12
      ]
    },
    "NDJ": {
      "efp": 0.1451614861094889,
      "months": [
        11,
        12,
        1
      ]
    }
  },
  "efp_sh": {
    "DJF": {
      "efp": 0.13046945054038417,
      "months": [
        12,
        1,
        2
      ]
    },
    "JFM": {
      "efp": 0.14202067676767427,
      "months": [
        1,
        2,
        3
      ]
    },
    "FMA": {
      "efp": 0.11851898198322557,
      "months": [
        2,
        3,
        4
      ]
    },
    "MAM": {
      "efp": 0.18764812457050195,
      "months": [
        3,
        4,
        5
      ]
    },
    "AMJ": {
      "efp": 0.2525751505269417,
      "months": [
        4,
        5,
        6
      ]
    },
    "MJJ": {
      "efp": 0.24709625374086455,
      "months": [
        5,
        6,
        7
      ]
    },
    "JJA": {
      "efp": 0.26823221664451724,
      "months": [
        6,
        7,
        8
      ]
    },
    "JAS": {
      "efp": 0.3163101368799364,
      "months": [
        7,
        8,
        9
      ]
    },
    "ASO": {
      "efp": 0.2979912609290647,
      "months": [
        8,
        9,
        10
      ]
    },
    "SON": {
      "efp": 0.37854017174898585,
      "months": [
        9,
        10,
        11
      ]
    },
    "OND": {
      "efp": 0.33348734230259647,
      "months": [
        10,
        11,
        12
      ]
    },
    "NDJ": {
      "efp": 0.20485425106672817,
      "months": [
        11,
        12,
        1
      ]
    }
  },
  "efp_sh_123": {
    "DJF": {
      "efp": 0.07985068282953676,
      "months": [
        12,
        1,
        2
      ]
    },
    "JFM": {
      "efp": 0.0583637793015475,
      "months": [
        1,
        2,
        3
      ]
    },
    "FMA": {
      "efp": 0.05956457567168109,
      "months": [
        2,
        3,
        4
      ]
    },
    "MAM": {
      "efp": 0.04254697247322513,
      "months": [
        3,
        4,
        5
      ]
    },
    "AMJ": {
      "efp": 0.025801245668875577,
      "months": [
        4,
        5,
        6
      ]
    },
    "MJJ": {
      "efp": 0.023739156123550147,
      "months": [
        5,
        6,
        7
      ]
    },
    "JJA": {
      "efp": 0.041317094766373776,
      "months": [
        6,
        7,
        8
      ]
    },
    "JAS": {
      "efp": 0.04661692294732746,
      "months": [
        7,
        8,
        9
      ]
    },
    "ASO": {
      "efp": 0.048147171587553904,
      "months": [
        8,
        9,
        10
      ]
    },
    "SON": {
      "efp": 0.04544676107491661,
      "months": [
        9,
        10,
        11
      ]
    },
    "OND": {
      "efp": 0.07721092599516026,
      "months": [
        10,
        11,
        12
      ]
    },
    "NDJ": {
      "efp": 0.09086328959933308,
      "months": [
        11,
        12,
        1
      ]
    }
  },
  "efp_sh_gt3": {
    "DJF": {
      "efp": 0.10750961779370262,
      "months": [
        12,
        1,
        2
      ]
    },
    "JFM": {
      "efp": 0.07686976170337369,
      "months": [
        1,
        2,
        3
      ]
    },
    "FMA": {
      "efp": 0.09789783825807072,
      "months": [
        2,
        3,
        4
      ]
    },
    "MAM": {
      "efp": 0.12661886935412764,
      "months": [
        3,
        4,
        5
      ]
    },
    "AMJ": {
      "efp": 0.21001997923241733,
      "months": [
        4,
        5,
        6
      ]
    },
    "MJJ": {
      "efp": 0.16596388009637617,
      "months": [
        5,
        6,
        7
      ]
    },
    "JJA": {
      "efp": 0.20041772138238928,
      "months": [
        6,
        7,
        8
      ]
    },
    "JAS": {
      "efp": 0.22328282377783984,
      "months": [
        7,
        8,
        9
      ]
    },
    "ASO": {
      "efp": 0.24669818745742086,
      "months": [
        8,
        9,
        10
      ]
    },
    "SON": {
      "efp": 0.29306884121020205,