{
  "efp_nh": {
    "DJF": {
      "efp": 0.4377534956775912,
      "months": [
        12,
        1,
        2
      ]
    },
    "JFM": {
      "efp": 0.3655947196762127,
      "months": [
        1,
        2,
        3
      ]
    },
    "FMA": {
      "efp": 0.31397930679877634,
      "months": [
        2,
        3,
        4
      ]
    },
    "MAM": {
      "efp": 0.34009778214201286,
      "months": [
        3,
        4,
        5
      ]
    },
    "AMJ": {
      "efp": 0.3303797306515522,
      "months": [
        4,
        5,
        6
      ]
    },
    "MJJ": {
      "efp": 0.290731859306282,
      "months": [
        5,
        6,
        7
      ]
    },
    "JJA": {
      "efp": 0.22774829598508992,
      "months": [
        6,
        7,
        8
      ]
    },
    "JAS": {
      "efp": 0.13152338441765435,
      "months": [
        7,
        8,
        9
      ]
    },
    "ASO": {
      "efp": 0.21118841447282294,
      "months": [
        8,
        9,
        10
      ]
    },
    "SON": {
      "efp": 0.19503486144948554,
      "months": [
        9,
        10,
        11
      ]
    },
    "OND": {
      "efp": 0.231482794475217,
      "months": [
        10,
        11,
        12
      ]
    },
    "NDJ": {
      "efp": 0.36658931456754745,
      "months": [
        11,
        12,
        1
      ]
    }
  },
  "efp_nh_123": {
    "DJF": {
      "efp": 0.12627748140436132,
      "months": [
        12,
        1,
        2
      ]
    },
    "JFM": {
      "efp": 0.12100982200675632,
      "months": [
        1,
        2,
        3
      ]
    },
    "FMA": {
      "efp": 0.09248724822709571,
      "months": [
        2,
        3,
        4
      ]
    },
    "MAM": {
      "efp": 0.1261498126533689,
      "months": [
        3,
        4,
        5
      ]
    },
    "AMJ": {
      "efp": 0.11092834893908626,
      "months": [
        4,
        5,
        6
      ]
    },
    "MJJ": {
      "efp": 0.09660526652923934,
      "months": [
        5,
        6,
        7
      ]
    },
    "JJA": {
      "efp": 0.07400432659287191,
      "months": [
        6,
        7,
        8
      ]
    },
    "JAS": {
      "efp": 0.055301736554324056,
      "months": [
        7,
        8,
        9
      ]
    },
    "ASO": {
      "efp": 0.052602434384869,
      "months": [
        8,
        9,
        10
      ]
    },
    "SON": {
      "efp": 0.10240395772750463,
      "months": [
        9,
        10,
        11
      ]
    },
    "OND": {
      "efp": 0.07124777655619241,
      "months": [
        10,
        11,
        12
      ]
    },
    "NDJ": {
      "efp": 0.14235317205965253,
      "months": [
        11,
        12,
        1
      ]
    }
  },
  "efp_nh_gt3": {
    "DJF": {
      "efp": 0.2916100829851289,
      "months": [
        12,
        1,
        2
      ]
    },
    "JFM": {
      "efp": 0.2574244365616132,
      "months": [
        1,
        2,
        3
      ]
    },
    "FMA": {
      "efp": 0.21671347092166282,
      "months": [
        2,
        3,
        4
      ]
    },
    "MAM": {
      "efp": 0.2735428707400771,
      "months": [
        3,
        4,
        5
      ]
    },
    "AMJ": {
      "efp": 0.27134140540640067,
      "months": [
        4,
        5,
        6
      ]
    },
    "MJJ": {
      "efp": 0.23252553805519802,
      "months": [
        5,
        6,
        7
      ]
    },
    "JJA": {
      "efp": 0.16083684183946687,
      "months": [
        6,
        7,
        8
      ]
    },
    "JAS": {
      "efp": 0.1026729828301916,
      "months": [
        7,
        8,
        9
      ]
    },
    "ASO": {
      "efp": 0.19344568806900816,
      "months": [
        8,
        9,
        10
      ]
    },
    "SON": {
      "efp": 0.15250014496338782,
      "months": [
        9,
        10,
        11
      ]
    },
    "OND": {
      "efp": 0.17988573239238023,
      "months": [
        10,
        11,
        12
      ]
    },
    "NDJ": {
      "efp": 0.24015382103429384,
      "months": [
        11,
        12,
        1
      ]
    }
  },
  "efp_sh": {
    "DJF": {
      "efp": 0.16739258313293973,
      "months": [
        12,
        1,
        2
      ]
    },
    "JFM": {
      "efp": 0.1314488626326482,
      "months": [
        1,
        2,
        3
      ]
    },
    "FMA": {
      "efp": 0.16769690290437128,
      "months": [
        2,
        3,
        4
      ]
    },
    "MAM": {
      "efp": 0.24629945606594666,
      "months": [
        3,
        4,
        5
      ]
    },
    "AMJ": {
      "efp": 0.25675560008510195,
      "months": [
        4,
        5,
        6
      ]
    },
    "MJJ": {
      "efp": 0.36819062944727166,
      "months": [
        5,
        6,
        7
      ]
    },
    "JJA": {
      "efp": 0.34331472889692416,
      "months": [
        6,
        7,
        8
      ]
    },
    "JAS": {
      "efp": 0.3216588671750756,
      "months": [
        7,
        8,
        9
      ]
    },
    "ASO": {
      "efp": 0.3119511608986993,
      "months": [
        8,
        9,
        10
      ]
    },
    "SON": {
      "efp": 0.2923974884619254,
      "months": [
        9,
        10,
        11
      ]
    },
    "OND": {
      "efp": 0.2270659323179371,
      "months": [
        10,
        11,
        12
      ]
    },
    "NDJ": {
      "efp": 0.19072676197214347,
      "months": [
        11,
        12,
        1
      ]
    }
  },
  "efp_sh_123": {
    "DJF": {
      "efp": 0.04324968190565368,
      "months": [
        12,
        1,
        2
      ]
    },
    "JFM": {
      "efp": 0.03300470751167026,
      "months": [
        1,
        2,
        3
      ]
    },
    "FMA": {
      "efp": 0.020304264547326877,
      "months": [
        2,
        3,
        4
      ]
    },
    "MAM": {
      "efp": 0.015654566651736382,
      "months": [
        3,
        4,
        5
      ]
    },
    "AMJ": {
      "efp": 0.03152066323268206,
      "months": [
        4,
        5,
        6
      ]
    },
    "MJJ": {
      "efp": 0.06016394172515372,
      "months": [
        5,
        6,
        7
      ]
    },
    "JJA": {
      "efp": 0.03950050987687513,
      "months": [
        6,
        7,
        8
      ]
    },
    "JAS": {
      "efp": 0.0640641892077642,
      "months": [
        7,
        8,
        9
      ]
    },
    "ASO": {
      "efp": 0.03811143671770318,
      "months": [
        8,
        9,
        10
      ]
    },
    "SON": {
      "efp": 0.03468840925530613,
      "months": [
        9,
        10,
        11
      ]
    },
    "OND": {
      "efp": 0.02997163513464429,
      "months": [
        10,
        11,
        12
      ]
    },
    "NDJ": {
      "efp": 0.03451520916451185,
      "months": [
        11,
        12,
        1
      ]
    }
  },
  "efp_sh_gt3": {
    "DJF": {
      "efp": 0.15177923359646578,
      "months": [
        12,
        1,
        2
      ]
    },
    "JFM": {
      "efp": 0.0938285617019095,
      "months": [
        1,
        2,
        3
      ]
    },
    "FMA": {
      "efp": 0.12309716340903468,
      "months": [
        2,
        3,
        4
      ]
    },
    "MAM": {
      "efp": 0.19058231326191719,
      "months": [
        3,
        4,
        5
      ]
    },
    "AMJ": {
      "efp": 0.1902636307657063,
      "months": [
        4,
        5,
        6
      ]
    },
    "MJJ": {
      "efp": 0.3019354244285582,
      "months": [
        5,
        6,
        7
      ]
    },
    "JJA": {
      "efp": 0.31669170828901666,
      "months": [
        6,
        7,
        8
      ]
    },
    "JAS": {
      "efp": 0.302586242554847,
      "months": [
        7,
        8,
        9
      ]
    },
    "ASO": {
      "efp": 0.2699894060674808,
      "months": [
        8,
        9,
        10
      ]
    },
    "SON": {
      "efp": 0.25891075504317995,
      "months": [
        9,
        10,
        11
      ]
    },