{
  "efp_nh": {
    "DJF": {
      "efp": 0.3586985548579838,
      "months": [
        12,
        1,
        2
      ]
    },
    "JFM": {
      "efp": 0.3429848969245324,
      "months": [
        1,
        2,
        3
      ]
    },
    "FMA": {
      "efp": 0.24846065959817987,
      "months": [
        2,
        3,
        4
      ]
    },
    "MAM": {
      "efp": 0.2236394654372124,
      "months": [
        3,
        4,
        5
      ]
    },
    "AMJ": {
      "efp": 0.2766263978440437,
      "months": [
        4,
        5,
        6
      ]
    },
    "MJJ": {
      "efp": 0.2751105958452395,
      "months": [
        5,
        6,
        7
      ]
    },
    "JJA": {
      "efp": 0.2223321181260489,
      "months": [
        6,
        7,
        8
      ]
    },
    "JAS": {
      "efp": 0.23043611310353493,
      "months": [
        7,
        8,
        9
      ]
    },
    "ASO": {
      "efp": 0.13733241279070285,
      "months": [
        8,
        9,
        10
      ]
    },
    "SON": {
      "efp": 0.1276817612625021,
      "months": [
        9,
        10,
        11
      ]
    },
    "OND": {
      "efp": 0.20701850273794986,
      "months": [
        10,
        11,
        12
      ]
    },
    "NDJ": {
      "efp": 0.2765851757882575,
      "months": [
        11,
        12,
        1
      ]
    }
  },
  "efp_nh_123": {
    "DJF": {
      "efp": 0.13160824085053416,
      "months": [
        12,
        1,
        2
      ]
    },
    "JFM": {
      "efp": 0.13008930183232312,
      "months": [
        1,
        2,
        3
      ]
    },
    "FMA": {
      "efp": 0.13751848758126137,
      "months": [
        2,
        3,
        4
      ]
    },
    "MAM": {
      "efp": 0.09348002107197079,
      "months": [
        3,
        4,
        5
      ]
    },
    "AMJ": {
      "efp": 0.0761696767811841,
      "months": [
        4,
        5,
        6
      ]
    },
    "MJJ": {
      "efp": 0.047518698051873275,
      "months": [
        5,
        6,
        7
      ]
    },
    "JJA": {
      "efp": 0.07965123167765317,
      "months": [
        6,
        7,
        8
      ]
    },
    "JAS": {
      "efp": 0.11345464821963522,
      "months": [
        7,
        8,
        9
      ]
    },
    "ASO": {
      "efp": 0.06843943759135596,
      "months": [
        8,
        9,
        10
      ]
    },
    "SON": {
      "efp": 0.01665297546561981,
      "months": [
        9,
        10,
        11
      ]
    },
    "OND": {
      "efp": 0.038100559466008384,
      "months": [
        10,
        11,
        12
      ]
    },
    "NDJ": {
      "efp": 0.0758728630762436,
      "months": [
        11,
        12,
        1
      ]
    }
  },
  "efp_nh_gt3": {
    "DJF": {
      "efp": 0.23056434458311276,
      "months": [
        12,
        1,
        2
      ]
    },
    "JFM": {
      "efp": 0.161380562433064,
      "months": [
        1,
        2,
        3
      ]
    },
    "FMA": {
      "efp": 0.12414363529492936,
      "months": [
        2,
        3,
        4
      ]
    },
    "MAM": {
      "efp": 0.12909063696585596,
      "months": [
        3,
        4,
        5
      ]
    },
    "AMJ": {
      "efp": 0.17685137214145993,
      "months": [
        4,
        5,
        6
      ]
    },
    "MJJ": {
      "efp": 0.1692941938658732,
      "months": [
        5,
        6,
        7
      ]
    },
    "JJA": {
      "efp": 0.14315492219941486,
      "months": [
        6,
        7,
        8
      ]
    },
    "JAS": {
      "efp": 0.13307082331513467,
      "months": [
        7,
        8,
        9
      ]
    },
    "ASO": {
      "efp": 0.09053681227866721,
      "months": [
        8,
        9,
        10
      ]
    },
    "SON": {
      "efp": 0.13300928203135476,
      "months": [
        9,
        10,
        11
      ]
    },
    "OND": {
      "efp": 0.15860475707697877,
      "months": [
        10,
        11,
        12
      ]
    },
    "NDJ": {
      "efp": 0.17543281092963325,
      "months": [
        11,
        12,
        1
      ]
    }
  },
  "efp_sh": {
    "DJF": {
      "efp": 0.2208823948853504,
      "months": [
        12,
        1,
        2
      ]
    },
    "JFM": {
      "efp": 0.16765377864146977,
      "months": [
        1,
        2,
        3
      ]
    },
    "FMA": {
      "efp": 0.09576868222731762,
      "months": [
        2,
        3,
        4
      ]
    },
    "MAM": {
      "efp": 0.17796709444345624,
      "months": [
        3,
        4,
        5
      ]
    },
    "AMJ": {
      "efp": 0.3057274722186675,
      "months": [
        4,
        5,
        6
      ]
    },
    "MJJ": {
      "efp": 0.3863142340220866,
      "months": [
        5,
        6,
        7
      ]
    },
    "JJA": {
      "efp": 0.3308010103955212,
      "months": [
        6,
        7,
        8
      ]
    },
    "JAS": {
      "efp": 0.3574314137761536,
      "months": [
        7,
        8,
        9
      ]
    },
    "ASO": {
      "efp": 0.31268692093495787,
      "months": [
        8,
        9,
        10
      ]
    },
    "SON": {
      "efp": 0.30446386706123674,
      "months": [
        9,
        10,
        11
      ]
    },
    "OND": {
      "efp": 0.32835056758703246,
      "months": [
        10,
        11,
        12
      ]
    },
    "NDJ": {
      "efp": 0.20736237809595912,
      "months": [
        11,
        12,
        1
      ]
    }
  },
  "efp_sh_123": {
    "DJF": {
      "efp": 0.05393528745665937,
      "months": [
        12,
        1,
        2
      ]
    },
    "JFM": {
      "efp": 0.08944382432239655,
      "months": [
        1,
        2,
        3
      ]
    },
    "FMA": {
      "efp": 0.11885988989803616,
      "months": [
        2,
        3,
        4
      ]
    },
    "MAM": {
      "efp": 0.04825633681501436,
      "months": [
        3,
        4,
        5
      ]
    },
    "AMJ": {
      "efp": 0.07086435062530848,
      "months": [
        4,
        5,
        6
      ]
    },
    "MJJ": {
      "efp": 0.04170956240851313,
      "months": [
        5,
        6,
        7
      ]
    },
    "JJA": {
      "efp": 0.03311373078342965,
      "months": [
        6,
        7,
        8
      ]
    },
    "JAS": {
      "efp": 0.04018621860288929,
      "months": [
        7,
        8,
        9
      ]
    },
    "ASO": {
      "efp": 0.02772088200684267,
      "months": [
        8,
        9,
        10
      ]
    },
    "SON": {
      "efp": 0.05606703013370861,
      "months": [
        9,
        10,
        11
      ]
    },
    "OND": {
      "efp": 0.06574358050347374,
      "months": [
        10,
        11,
        12
      ]
    },
    "NDJ": {
      "efp": 0.057282050543668556,
      "months": [
        11,
        12,
        1
      ]
    }
  },
  "efp_sh_gt3": {
    "DJF": {
      "efp": 0.15371537967896673,
      "months": [
        12,
        1,
        2
      ]
    },
    "JFM": {
      "efp": 0.12379930616252068,
      "months": [
        1,
        2,
        3
      ]
    },
    "FMA": {
      "efp": 0.13393375030303317,
      "months": [
        2,
        3,
        4
      ]
    },
    "MAM": {
      "efp": 0.1632831904535448,
      "months": [
        3,
        4,
        5
      ]
    },
    "AMJ": {
      "efp": 0.25514512786859533,
      "months": [
        4,
        5,
        6
      ]
    },
    "MJJ": {
      "efp": 0.32645679740014205,
      "months": [
        5,
        6,
        7
      ]
    },
    "JJA": {
      "efp": 0.3072985955200223,
      "months": [
        6,
        7,
        8
      ]
    },
    "JAS": {
      "efp": 0.29901439396895635,
      "months": [
        7,
        8,
        9
      ]
    },
    "ASO": {
      "efp": 0.27182120263776016,
      "months": [
        8,
        9,
        10
      ]
    },
    "SON": {
      "efp": 0.2288469760502835,
      "months": [
        9,
        10,
        11
      ]
    },