{
  "efp_nh": {
    "DJF": {
      "efp": 0.3002073523169803,
      "months": [
        12,
        1,
        2
      ]
    },
    "JFM": {
      "efp": 0.3486388515422786,
      "months": [
        1,
        2,
        3
      ]
    },
    "FMA": {
      "efp": 0.3396625967216967,
      "months": [
        2,
        3,
        4
      ]
    },
    "MAM": {
      "efp": 0.21857713590115282,
      "months": [
        3,
        4,
        5
      ]
    },
    "AMJ": {
      "efp": 0.23816224455257942,
      "months": [
        4,
        5,
        6
      ]
    },
    "MJJ": {
      "efp": 0.2261101370278056,
      "months": [
        5,
        6,
        7
      ]
    },
    "JJA": {
      "efp": 0.20633456741609393,
      "months": [
        6,
        7,
        8
      ]
    },
    "JAS": {
      "efp": 0.1560669386178786,
      "months": [
        7,
        8,
        9
      ]
    },
    "ASO": {
      "efp": 0.17428090476893804,
      "months": [
        8,
        9,
        10
      ]
    },
    "SON": {
      "efp": 0.2892675726184739,
      "months": [
        9,
        10,
        11
      ]
    },
    "OND": {
      "efp": 0.22434906264183607,
      "months": [
        10,
        11,
        12
      ]
    },
    "NDJ": {
      "efp": 0.2461397981271578,
      "months": [
        11,
        12,
        1
      ]
    }
  },
  "efp_nh_123": {
    "DJF": {
      "efp": 0.09696448440225464,
      "months": [
        12,
        1,
        2
      ]
    },
    "JFM": {
      "efp": 0.10904611076650364,
      "months": [
        1,
        2,
        3
      ]
    },
    "FMA": {
      "efp": 0.07836106124061443,
      "months": [
        2,
        3,
        4
      ]
    },
    "MAM": {
      "efp": 0.030744004167710327,
      "months": [
        3,
        4,
        5
      ]
    },
    "AMJ": {
      "efp": 0.03896204298363239,
      "months": [
        4,
        5,
        6
      ]
    },
    "MJJ": {
      "efp": 0.05163927537427383,
      "months": [
        5,
        6,
        7
      ]
    },
    "JJA": {
      "efp": 0.05068889267406105,
      "months": [
        6,
        7,
        8
      ]
    },
    "JAS": {
      "efp": 0.03231094615760485,
      "months": [
        7,
        8,
        9
      ]
    },
    "ASO": {
      "efp": 0.04374699241373466,
      "months": [
        8,
        9,
        10
      ]
    },
    "SON": {
      "efp": 0.026469534827668267,
      "months": [
        9,
        10,
        11
      ]
    },
    "OND": {
      "efp": 0.03681393476628635,
      "months": [
        10,
        11,
        12
      ]
    },
    "NDJ": {
      "efp": 0.07225211587161684,
      "months": [
        11,
        12,
        1
      ]
    }
  },
  "efp_nh_gt3": {
    "DJF": {
      "efp": 0.237454092304776,
      "months": [
        12,
        1,
        2
      ]
    },
    "JFM": {
      "efp": 0.2628470212209847,
      "months": [
        1,
        2,
        3
      ]
    },
    "FMA": {
      "efp": 0.214405200091206,
      "months": [
        2,
        3,
        4
      ]
    },
    "MAM": {
      "efp": 0.16214261392343196,
      "months": [
        3,
        4,
        5
      ]
    },
    "AMJ": {
      "efp": 0.17573740615338093,
      "months": [
        4,
        5,
        6
      ]
    },
    "MJJ": {
      "efp": 0.15313047404976193,
      "months": [
        5,
        6,
        7
      ]
    },
    "JJA": {
      "efp": 0.13728818986378058,
      "months": [
        6,
        7,
        8
      ]
    },
    "JAS": {
      "efp": 0.15245796886554272,
      "months": [
        7,
        8,
        9
      ]
    },
    "ASO": {
      "efp": 0.20152751669751445,
      "months": [
        8,
        9,
        10
      ]
    },
    "SON": {
      "efp": 0.27465104198523094,
      "months": [
        9,
        10,
        11
      ]
    },
    "OND": {
      "efp": 0.1918772730874918,
      "months": [
        10,
        11,
        12
      ]
    },
    "NDJ": {
      "efp": 0.17804852541053387,
      "months": [
        11,
        12,
        1
      ]
    }
  },
  "efp_sh": {
    "DJF": {
      "efp": 0.2009712007933247,
      "months": [
        12,
        1,
        2
      ]
    },
    "JFM": {
      "efp": 0.15648385510862747,
      "months": [
        1,
        2,
        3
      ]
    },
    "FMA": {
      "efp": 0.14649197724747579,
      "months": [
        2,
        3,
        4
      ]
    },
    "MAM": {
      "efp": 0.13865107489286443,
      "months": [
        3,
        4,
        5
      ]
    },
    "AMJ": {
      "efp": 0.2135514856169399,
      "months": [
        4,
        5,
        6
      ]
    },
    "MJJ": {
      "efp": 0.31179089309642555,
      "months": [
        5,
        6,
        7
      ]
    },
    "JJA": {
      "efp": 0.27117861094614654,
      "months": [
        6,
        7,
        8
      ]
    },
    "JAS": {
      "efp": 0.20868171044887598,
      "months": [
        7,
        8,
        9
      ]
    },
    "ASO": {
      "efp": 0.2316746789390353,
      "months": [
        8,
        9,
        10
      ]
    },
    "SON": {
      "efp": 0.27595959142378657,
      "months": [
        9,
        10,
        11
      ]
    },
    "OND": {
      "efp": 0.34755634665605795,
      "months": [
        10,
        11,
        12
      ]
    },
    "NDJ": {
      "efp": 0.26616448147891947,
      "months": [
        11,
        12,
        1
      ]
    }
  },
  "efp_sh_123": {
    "DJF": {
      "efp": 0.09697535479353657,
      "months": [
        12,
        1,
        2
      ]
    },
    "JFM": {
      "efp": 0.06800065359271464,
      "months": [
        1,
        2,
        3
      ]
    },
    "FMA": {
      "efp": 0.04792953896249821,
      "months": [
        2,
        3,
        4
      ]
    },
    "MAM": {
      "efp": 0.056533297395760566,
      "months": [
        3,
        4,
        5
      ]
    },
    "AMJ": {
      "efp": 0.03093646101640491,
      "months": [
        4,
        5,
        6
      ]
    },
    "MJJ": {
      "efp": 0.07005073524455512,
      "months": [
        5,
        6,
        7
      ]
    },
    "JJA": {
      "efp": 0.08705006991602787,
      "months": [
        6,
        7,
        8
      ]
    },
    "JAS": {
      "efp": 0.06606283046917143,
      "months": [
        7,
        8,
        9
      ]
    },
    "ASO": {
      "efp": 0.04798864884524985,
      "months": [
        8,
        9,
        10
      ]
    },
    "SON": {
      "efp": 0.020895725787163553,
      "months": [
        9,
        10,
        11
      ]
    },
    "OND": {
      "efp": 0.035809131933368675,
      "months": [
        10,
        11,
        12
      ]
    },
    "NDJ": {
      "efp": 0.11069160871480405,
      "months": [
        11,
        12,
        1
      ]
    }
  },
  "efp_sh_gt3": {
    "DJF": {
      "efp": 0.2167713056162744,
      "months": [
        12,
        1,
        2
      ]
    },
    "JFM": {
      "efp": 0.1378593433741075,
      "months": [
        1,
        2,
        3
      ]
    },
    "FMA": {
      "efp": 0.13032110780977701,
      "months": [
        2,
        3,
        4
      ]
    },
    "MAM": {
      "efp": 0.1256159191968613,
      "months": [
        3,
        4,
        5
      ]
    },
    "AMJ": {
      "efp": 0.14719573194287688,
      "months": [
        4,
        5,
        6
      ]
    },
    "MJJ": {
      "efp": 0.3014646955694864,
      "months": [
        5,
        6,
        7
      ]
    },
    "JJA": {
      "efp": 0.29403875281959846,
      "months": [
        6,
        7,
        8
      ]
    },
    "JAS": {
      "efp": 0.2321026460044849,
      "months": [
        7,
        8,
        9
      ]
    },
    "ASO": {
      "efp": 0.23794454547552785,
      "months": [
        8,
        9,
        10
      ]
    },
    "SON": {
      "efp": 0.2562537697963637,
      "months": [
        9,
        10,
        11
      ]
    },