{
  "efp_nh": {
    "DJF": {
      "efp": 0.18604244269300788,
      "months": [
        12,
        1,
        2
      ]
    },
    "JFM": {
      "efp": 0.18129740982464873,
      "months": [
        1,
        2,
        3
      ]
    },
    "FMA": {
      "efp": 0.2018527971328174,
      "months": [
        2,
        3,
        4
      ]
    },
    "MAM": {
      "efp": 0.13581350519912097,
      "months": [
        3,
        4,
        5
      ]
    },
    "AMJ": {
      "efp": 0.15308358486635978,
      "months": [
        4,
        5,
        6
      ]
    },
    "MJJ": {
      "efp": 0.1763262699068377,
      "months": [
        5,
        6,
        7
      ]
    },
    "JJA": {
      "efp": 0.13183677669309535,
      "months": [
        6,
        7,
        8
      ]
    },
    "JAS": {
      "efp": 0.15845490017977465,
      "months": [
        7,
        8,
        9
      ]
    },
    "ASO": {
      "efp": 0.09768004059614609,
      "months": [
        8,
        9,
        10
      ]
    },
    "SON": {
      "efp": 0.11899194916319182,
      "months": [
        9,
        10,
        11
      ]
    },
    "OND": {
      "efp": 0.12949275493058066,
      "months": [
        10,
        11,
        12
      ]
    },
    "NDJ": {
      "efp": 0.1740554542789758,
      "months": [
        11,
        12,
        1
      ]
    }
  },
  "efp_nh_123": {
    "DJF": {
      "efp": 0.06573836224770513,
      "months": [
        12,
        1,
        2
      ]
    },
    "JFM": {
      "efp": 0.05960552558578635,
      "months": [
        1,
        2,
        3
      ]
    },
    "FMA": {
      "efp": 0.061631446828360276,
      "months": [
        2,
        3,
        4
      ]
    },
    "MAM": {
      "efp": 0.051074277731796,
      "months": [
        3,
        4,
        5
      ]
    },
    "AMJ": {
      "efp": 0.04100457915735347,
      "months": [
        4,
        5,
        6
      ]
    },
    "MJJ": {
      "efp": 0.06576510608963286,
      "months": [
        5,
        6,
        7
      ]
    },
    "JJA": {
      "efp": 0.03470365523591534,
      "months": [
        6,
        7,
        8
      ]
    },
    "JAS": {
      "efp": 0.08478810418893783,
      "months": [
        7,
        8,
        9
      ]
    },
    "ASO": {
      "efp": 0.04440404607980673,
      "months": [
        8,
        9,
        10
      ]
    },
    "SON": {
      "efp": 0.0496256197627336,
      "months": [
        9,
        10,
        11
      ]
    },
    "OND": {
      "efp": 0.06312332299500045,
      "months": [
        10,
        11,
        12
      ]
    },
    "NDJ": {
      "efp": 0.08938009631643216,
      "months": [
        11,
        12,
        1
      ]
    }
  },
  "efp_nh_gt3": {
    "DJF": {
      "efp": 0.12011336729689713,
      "months": [
        12,
        1,
        2
      ]
    },
    "JFM": {
      "efp": 0.1700918359181175,
      "months": [
        1,
        2,
        3
      ]
    },
    "FMA": {
      "efp": 0.1476587200787265,
      "months": [
        2,
        3,
        4
      ]
    },
    "MAM": {
      "efp": 0.10427655464587314,
      "months": [
        3,
        4,
        5
      ]
    },
    "AMJ": {
      "efp": 0.10167653745172521,
      "months": [
        4,
        5,
        6
      ]
    },
    "MJJ": {
      "efp": 0.10771426565179974,
      "months": [
        5,
        6,
        7
      ]
    },
    "JJA": {
      "efp": 0.09230263384492142,
      "months": [
        6,
        7,
        8
      ]
    },
    "JAS": {
      "efp": 0.06088452547988024,
      "months": [
        7,
        8,
        9
      ]
    },
    "ASO": {
      "efp": 0.0761102466023025,
      "months": [
        8,
        9,
        10
      ]
    },
    "SON": {
      "efp": 0.08971877400234551,
      "months": [
        9,
        10,
        11
      ]
    },
    "OND": {
      "efp": 0.05887867160416001,
      "months": [
        10,
        11,
        12
      ]
    },
    "NDJ": {
      "efp": 0.07416987610787315,
      "months": [
        11,
        12,
        1
      ]
    }
  },
  "efp_sh": {
    "DJF": {
      "efp": 0.196689640661705,
      "months": [
        12,
        1,
        2
      ]
    },
    "JFM": {
      "efp": 0.16507015971006767,
      "months": [
        1,
        2,
        3
      ]
    },
    "FMA": {
      "efp": 0.1182682762657791,
      "months": [
        2,
        3,
        4
      ]
    },
    "MAM": {
      "efp": 0.2080211488614727,
      "months": [
        3,
        4,
        5
      ]
    },
    "AMJ": {
      "efp": 0.23876023770485158,
      "months": [
        4,
        5,
        6
      ]
    },
    "MJJ": {
      "efp": 0.3193374087898829,
      "months": [
        5,
        6,
        7
      ]
    },
    "JJA": {
      "efp": 0.3538110758911842,
      "months": [
        6,
        7,
        8
      ]
    },
    "JAS": {
      "efp": 0.35830453162918613,
      "months": [
        7,
        8,
        9
      ]
    },
    "ASO": {
      "efp": 0.3551469860013098,
      "months": [
        8,
        9,
        10
      ]
    },
    "SON": {
      "efp": 0.2751240367447744,
      "months": [
        9,
        10,
        11
      ]
    },
    "OND": {
      "efp": 0.22916345109808828,
      "months": [
        10,
        11,
        12
      ]
    },
    "NDJ": {
      "efp": 0.16804037349389972,
      "months": [
        11,
        12,
        1
      ]
    }
  },
  "efp_sh_123": {
    "DJF": {
      "efp": 0.04464718857416923,
      "months": [
        12,
        1,
        2
      ]
    },
    "JFM": {
      "efp": 0.060074018710425336,
      "months": [
        1,
        2,
        3
      ]
    },
    "FMA": {
      "efp": 0.04194882286913639,
      "months": [
        2,
        3,
        4
      ]
    },
    "MAM": {
      "efp": 0.06978398763216538,
      "months": [
        3,
        4,
        5
      ]
    },
    "AMJ": {
      "efp": 0.05864404786111195,
      "months": [
        4,
        5,
        6
      ]
    },
    "MJJ": {
      "efp": 0.02592169167910835,
      "months": [
        5,
        6,
        7
      ]
    },
    "JJA": {
      "efp": 0.04266159313357944,
      "months": [
        6,
        7,
        8
      ]
    },
    "JAS": {
      "efp": 0.050402249772100935,
      "months": [
        7,
        8,
        9
      ]
    },
    "ASO": {
      "efp": 0.02249967113661707,
      "months": [
        8,
        9,
        10
      ]
    },
    "SON": {
      "efp": 0.04249057093944532,
      "months": [
        9,
        10,
        11
      ]
    },
    "OND": {
      "efp": 0.057786472289099715,
      "months": [
        10,
        11,
        12
      ]
    },
    "NDJ": {
      "efp": 0.08710557067172495,
      "months": [
        11,
        12,
        1
      ]
    }
  },
  "efp_sh_gt3": {
    "DJF": {
      "efp": 0.15936337058124084,
      "months": [
        12,
        1,
        2
      ]
    },
    "JFM": {
      "efp": 0.1344471274023479,
      "months": [
        1,
        2,
        3
      ]
    },
    "FMA": {
      "efp": 0.09234543675013228,
      "months": [
        2,
        3,
        4
      ]
    },
    "MAM": {
      "efp": 0.14646229321953386,
      "months": [
        3,
        4,
        5
      ]
    },
    "AMJ": {
      "efp": 0.17890400369264484,
      "months": [
        4,
        5,
        6
      ]
    },
    "MJJ": {
      "efp": 0.19295577381268883,
      "months": [
        5,
        6,
        7
      ]
    },
    "JJA": {
      "efp": 0.28140010326234216,
      "months": [
        6,
        7,
        8
      ]
    },
    "JAS": {
      "efp": 0.2885169394772993,
      "months": [
        7,
        8,
        9
      ]
    },
    "ASO": {
      "efp": 0.2684235731265673,
      "months": [
        8,
        9,
        10
      ]
    },
    "SON": {
      "efp": 0.19612122787937272,
      "months": [
        9,
        10,
        11
      ]
    },