{
  "efp_nh": {
    "DJF": {
      "efp": 0.29924588390313483,
      "months": [
        12,
        1,
        2
      ]
    },
    "JFM": {
      "efp": 0.30054305015450977,
      "months": [
        1,
        2,
        3
      ]
    },
    "FMA": {
      "efp": 0.28109291386100904,
      "months": [
        2,
        3,
        4
      ]
    },
    "MAM": {
      "efp": 0.3152305499292312,
      "months": [
        3,
        4,
        5
      ]
    },
    "AMJ": {
      "efp": 0.23009718476837693,
      "months": [
        4,
        5,
        6
      ]
    },
    "MJJ": {
      "efp": 0.19109689707521266,
      "months": [
        5,
        6,
        7
      ]
    },
    "JJA": {
      "efp": 0.21580724293561585,
      "months": [
        6,
        7,
        8
      ]
    },
    "JAS": {
      "efp": 0.1741392690259429,
      "months": [
        7,
        8,
        9
      ]
    },
    "ASO": {
      "efp": 0.19534238655805092,
      "months": [
        8,
        9,
        10
      ]
    },
    "SON": {
      "efp": 0.10240046105958969,
      "months": [
        9,
        10,
        11
      ]
    },
    "OND": {
      "efp": 0.14155692733860706,
      "months": [
        10,
        11,
        12
      ]
    },
    "NDJ": {
      "efp": 0.20519645070443243,
      "months": [
        11,
        12,
        1
      ]
    }
  },
  "efp_nh_123": {
    "DJF": {
      "efp": 0.16878204779686365,
      "months": [
        12,
        1,
        2
      ]
    },
    "JFM": {
      "efp": 0.18617329197312857,
      "months": [
        1,
        2,
        3
      ]
    },
    "FMA": {
      "efp": 0.10169170795029399,
      "months": [
        2,
        3,
        4
      ]
    },
    "MAM": {
      "efp": 0.08980794472954137,
      "months": [
        3,
        4,
        5
      ]
    },
    "AMJ": {
      "efp": 0.054241320992449826,
      "months": [
        4,
        5,
        6
      ]
    },
    "MJJ": {
      "efp": 0.07607399485044951,
      "months": [
        5,
        6,
        7
      ]
    },
    "JJA": {
      "efp": 0.08471062564816782,
      "months": [
        6,
        7,
        8
      ]
    },
    "JAS": {
      "efp": 0.07090760216438038,
      "months": [
        7,
        8,
        9
      ]
    },
    "ASO": {
      "efp": 0.059951725205000674,
      "months": [
        8,
        9,
        10
      ]
    },
    "SON": {
      "efp": 0.042979050325933424,
      "months": [
        9,
        10,
        11
      ]
    },
    "OND": {
      "efp": 0.054123867354166307,
      "months": [
        10,
        11,
        12
      ]
    },
    "NDJ": {
      "efp": 0.10162668408858251,
      "months": [
        11,
        12,
        1
      ]
    }
  },
  "efp_nh_gt3": {
    "DJF": {
      "efp": 0.15764838300079304,
      "months": [
        12,
        1,
        2
      ]
    },
    "JFM": {
      "efp": 0.13552355905372682,
      "months": [
        1,
        2,
        3
      ]
    },
    "FMA": {
      "efp": 0.16680963619757758,
      "months": [
        2,
        3,
        4
      ]
    },
    "MAM": {
      "efp": 0.22067353975719953,
      "months": [
        3,
        4,
        5
      ]
    },
    "AMJ": {
      "efp": 0.19483148808854064,
      "months": [
        4,
        5,
        6
      ]
    },
    "MJJ": {
      "efp": 0.13312869125741775,
      "months": [
        5,
        6,
        7
      ]
    },
    "JJA": {
      "efp": 0.16167605136605243,
      "months": [
        6,
        7,
        8
      ]
    },
    "JAS": {
      "efp": 0.11187771534179815,
      "months": [
        7,
        8,
        9
      ]
    },
    "ASO": {
      "efp": 0.12097629111673598,
      "months": [
        8,
        9,
        10
      ]
    },
    "SON": {
      "efp": 0.05338572179919688,
      "months": [
        9,
        10,
        11
      ]
    },
    "OND": {
      "efp": 0.08934281497225775,
      "months": [
        10,
        11,
        12
      ]
    },
    "NDJ": {
      "efp": 0.11942494278228172,
      "months": [
        11,
        12,
        1
      ]
    }
  },
  "efp_sh": {
    "DJF": {
      "efp": 0.26423925746564464,
      "months": [
        12,
        1,
        2
      ]
    },
    "JFM": {
      "efp": 0.183207202867787,
      "months": [
        1,
        2,
        3
      ]
    },
    "FMA": {
      "efp": 0.17296035513674896,
      "months": [
        2,
        3,
        4
      ]
    },
    "MAM": {
      "efp": 0.24937997687916655,
      "months": [
        3,
        4,
        5
      ]
    },
    "AMJ": {
      "efp": 0.2186317679941542,
      "months": [
        4,
        5,
        6
      ]
    },
    "MJJ": {
      "efp": 0.23212206863482623,
      "months": [
        5,
        6,
        7
      ]
    },
    "JJA": {
      "efp": 0.24718644327698325,
      "months": [
        6,
        7,
        8
      ]
    },
    "JAS": {
      "efp": 0.3523530433143157,
      "months": [
        7,
        8,
        9
      ]
    },
    "ASO": {
      "efp": 0.2942132276557084,
      "months": [
        8,
        9,
        10
      ]
    },
    "SON": {
      "efp": 0.27128134811053595,
      "months": [
        9,
        10,
        11
      ]
    },
    "OND": {
      "efp": 0.2685369882599145,
      "months": [
        10,
        11,
        12
      ]
    },
    "NDJ": {
      "efp": 0.266434463532693,
      "months": [
        11,
        12,
        1
      ]
    }
  },
  "efp_sh_123": {
    "DJF": {
      "efp": 0.06577602512008247,
      "months": [
        12,
        1,
        2
      ]
    },
    "JFM": {
      "efp": 0.0930560067065629,
      "months": [
        1,
        2,
        3
      ]
    },
    "FMA": {
      "efp": 0.07416091360255572,
      "months": [
        2,
        3,
        4
      ]
    },
    "MAM": {
      "efp": 0.04571702457016233,
      "months": [
        3,
        4,
        5
      ]
    },
    "AMJ": {
      "efp": 0.040725333202421755,
      "months": [
        4,
        5,
        6
      ]
    },
    "MJJ": {
      "efp": 0.0692026473428969,
      "months": [
        5,
        6,
        7
      ]
    },
    "JJA": {
      "efp": 0.07902657882070788,
      "months": [
        6,
        7,
        8
      ]
    },
    "JAS": {
      "efp": 0.04342563596103801,
      "months": [
        7,
        8,
        9
      ]
    },
    "ASO": {
      "efp": 0.07893225744593825,
      "months": [
        8,
        9,
        10
      ]
    },
    "SON": {
      "efp": 0.10485553793741377,
      "months": [
        9,
        10,
        11
      ]
    },
    "OND": {
      "efp": 0.06947165045157436,
      "months": [
        10,
        11,
        12
      ]
    },
    "NDJ": {
      "efp": 0.05179132492258321,
      "months": [
        11,
        12,
        1
      ]
    }
  },
  "efp_sh_gt3": {
    "DJF": {
      "efp": 0.20166737843027638,
      "months": [
        12,
        1,
        2
      ]
    },
    "JFM": {
      "efp": 0.1802722190461237,
      "months": [
        1,
        2,
        3
      ]
    },
    "FMA": {
      "efp": 0.16237328910225685,
      "months": [
        2,
        3,
        4
      ]
    },
    "MAM": {
      "efp": 0.20838532777958418,
      "months": [
        3,
        4,
        5
      ]
    },
    "AMJ": {
      "efp": 0.17728215631773897,
      "months": [
        4,
        5,
        6
      ]
    },
    "MJJ": {
      "efp": 0.13422719604038602,
      "months": [
        5,
        6,
        7
      ]
    },
    "JJA": {
      "efp": 0.20747900231471672,
      "months": [
        6,
        7,
        8
      ]
    },
    "JAS": {
      "efp": 0.265720442085282,
      "months": [
        7,
        8,
        9
      ]
    },
    "ASO": {
      "efp": 0.26802753203423735,
      "months": [
        8,
        9,
        10
      ]
    },
    "SON": {
      "efp": 0.2506192199684497,
      "months": [
        9,
        10,
        11
      ]
    },