{
  "efp_nh": {
    "DJF": {
      "efp": 0.2929135190543018,
      "months": [
        12,
        1,
        2
      ]
    },
    "JFM": {
      "efp": 0.3564215282396407,
      "months": [
        1,
        2,
        3
      ]
    },
    "FMA": {
      "efp": 0.3361133772380403,
      "months": [
        2,
        3,
        4
      ]
    },
    "MAM": {
      "efp": 0.22683729667675245,
      "months": [
        3,
        4,
        5
      ]
    },
    "AMJ": {
      "efp": 0.17529263637319933,
      "months": [
        4,
        5,
        6
      ]
    },
    "MJJ": {
      "efp": 0.16487380445887687,
      "months": [
        5,
        6,
        7
      ]
    },
    "JJA": {
      "efp": 0.17541812526779654,
      "months": [
        6,
        7,
        8
      ]
    },
    "JAS": {
      "efp": 0.15874087140992368,
      "months": [
        7,
        8,
        9
      ]
    },
    "ASO": {
      "efp": 0.17002366368495686,
      "months": [
        8,
        9,
        10
      ]
    },
    "SON": {
      "efp": 0.12439934768623584,
      "months": [
        9,
        10,
        11
      ]
    },
    "OND": {
      "efp": 0.15690218940765513,
      "months": [
        10,
        11,
        12
      ]
    },
    "NDJ": {
      "efp": 0.24713492628128408,
      "months": [
        11,
        12,
        1
      ]
    }
  },
  "efp_nh_123": {
    "DJF": {
      "efp": NaN,
      "months": [
        12,
        1,
        2
      ]
    },
    "JFM": {
      "efp": NaN,
      "months": [
        1,
        2,
        3
      ]
    },
    "FMA": {
      "efp": NaN,
      "months": [
        2,
        3,
        4
      ]
    },
    "MAM": {
      "efp": NaN,
      "months": [
        3,
        4,
        5
      ]
    },
    "AMJ": {
      "efp": NaN,
      "months": [
        4,
        5,
        6
      ]
    },
    "MJJ": {
      "efp": NaN,
      "months": [
        5,
        6,
        7
      ]
    },
    "JJA": {
      "efp": NaN,
      "months": [
        6,
        7,
        8
      ]
    },
    "JAS": {
      "efp": NaN,
      "months": [
        7,
        8,
        9
      ]
    },
    "ASO": {
      "efp": NaN,
      "months": [
        8,
        9,
        10
      ]
    },
    "SON": {
      "efp": NaN,
      "months": [
        9,
        10,
        11
      ]
    },
    "OND": {
      "efp": NaN,
      "months": [
        10,
        11,
        12
      ]
    },
    "NDJ": {
      "efp": NaN,
      "months": [
        11,
        12,
        1
      ]
    }
  },
  "efp_nh_gt3": {
    "DJF": {
      "efp": 0.2929135190543018,
      "months": [
        12,
        1,
        2
      ]
    },
    "JFM": {
      "efp": 0.3564215282396407,
      "months": [
        1,
        2,
        3
      ]
    },
    "FMA": {
      "efp": 0.3361133772380403,
      "months": [
        2,
        3,
        4
      ]
    },
    "MAM": {
      "efp": 0.22683729667675245,
      "months": [
        3,
        4,
        5
      ]
    },
    "AMJ": {
      "efp": 0.17529263637319933,
      "months": [
        4,
        5,
        6
      ]
    },
    "MJJ": {
      "efp": 0.16487380445887687,
      "months": [
        5,
        6,
        7
      ]
    },
    "JJA": {
      "efp": 0.17541812526779654,
      "months": [
        6,
        7,
        8
      ]
    },
    "JAS": {
      "efp": 0.15874087140992368,
      "months": [
        7,
        8,
        9
      ]
    },
    "ASO": {
      "efp": 0.17002366368495686,
      "months": [
        8,
        9,
        10
      ]
    },
    "SON": {
      "efp": 0.12439934768623584,
      "months": [
        9,
        10,
        11
      ]
    },
    "OND": {
      "efp": 0.15690218940765513,
      "months": [
        10,
        11,
        12
      ]
    },
    "NDJ": {
      "efp": 0.24713492628128408,
      "months": [
        11,
        12,
        1
      ]
    }
  },
  "efp_sh": {
    "DJF": {
      "efp": 0.28941878110792374,
      "months": [
        12,
        1,
        2
      ]
    },
    "JFM": {
      "efp": 0.2553620358359167,
      "months": [
        1,
        2,
        3
      ]
    },
    "FMA": {
      "efp": 0.1969946835349258,
      "months": [
        2,
        3,
        4
      ]
    },
    "MAM": {
      "efp": 0.23024399123383724,
      "months": [
        3,
        4,
        5
      ]
    },
    "AMJ": {
      "efp": 0.3278843017550701,
      "months": [
        4,
        5,
        6
      ]
    },
    "MJJ": {
      "efp": 0.3360757843967948,
      "months": [
        5,
        6,
        7
      ]
    },
    "JJA": {
      "efp": 0.3553913674689197,
      "months": [
        6,
        7,
        8
      ]
    },
    "JAS": {
      "efp": 0.28445902413814933,
      "months": [
        7,
        8,
        9
      ]
    },
    "ASO": {
      "efp": 0.3362620851352454,
      "months": [
        8,
        9,
        10
      ]
    },
    "SON": {
      "efp": 0.32143533976852817,
      "months": [
        9,
        10,
        11
      ]
    },
    "OND": {
      "efp": 0.3515562818297835,
      "months": [
        10,
        11,
        12
      ]
    },
    "NDJ": {
      "efp": 0.2587219943526483,
      "months": [
        11,
        12,
        1
      ]
    }
  },
  "efp_sh_123": {
    "DJF": {
      "efp": NaN,
      "months": [
        12,
        1,
        2
      ]
    },
    "JFM": {
      "efp": NaN,
      "months": [
        1,
        2,
        3
      ]
    },
    "FMA": {
      "efp": NaN,
      "months": [
        2,
        3,
        4
      ]
    },
    "MAM": {
      "efp": NaN,
      "months": [
        3,
        4,
        5
      ]
    },
    "AMJ": {
      "efp": NaN,
      "months": [
        4,
        5,
        6
      ]
    },
    "MJJ": {
      "efp": NaN,
      "months": [
        5,
        6,
        7
      ]
    },
    "JJA": {
      "efp": NaN,
      "months": [
        6,
        7,
        8
      ]
    },
    "JAS": {
      "efp": NaN,
      "months": [
        7,
        8,
        9
      ]
    },
    "ASO": {
      "efp": NaN,
      "months": [
        8,
        9,
        10
      ]
    },
    "SON": {
      "efp": NaN,
      "months": [
        9,
        10,
        11
      ]
    },
    "OND": {
      "efp": NaN,
      "months": [
        10,
        11,
        12
      ]
    },
    "NDJ": {
      "efp": NaN,
      "months": [
        11,
        12,
        1
      ]
    }
  },
  "efp_sh_gt3": {
    "DJF": {
      "efp": 0.28941878110792374,
      "months": [
        12,
        1,
        2
      ]
    },
    "JFM": {
      "efp": 0.2553620358359167,
      "months": [
        1,
        2,
        3
      ]
    },
    "FMA": {
      "efp": 0.1969946835349258,
      "months": [
        2,
        3,
        4
      ]
    },
    "MAM": {
      "efp": 0.23024399123383724,
      "months": [
        3,
        4,
        5
      ]
    },
    "AMJ": {
      "efp": 0.3278843017550701,
      "months": [
        4,
        5,
        6
      ]
    },
    "MJJ": {
      "efp": 0.3360757843967948,
      "months": [
        5,
        6,
        7
      ]
    },
    "JJA": {
      "efp": 0.3553913674689197,
      "months": [
        6,
        7,
        8
      ]
    },
    "JAS": {
      "efp": 0.28445902413814933,
      "months": [
        7,
        8,
        9
      ]
    },
    "ASO": {
      "efp": 0.3362620851352454,
      "months": [
        8,
        9,
        10
      ]
    },
    "SON": {
      "efp": 0.32143533976852817,
      "months": [
        9,
        10,
        11
      ]
    },
    "OND": {
      "efp": 0.3515562818297835,
      "months": [
        10,
        11,
        12
      ]
    },
    "NDJ": {
      "efp": 0.2587219943526483,
      "months": [
        11,
        12,
        1
      ]
    }
  }
}