{
  "efp_nh": {
    "DJF": {
      "efp": 0.2666645393042994,
      "months": [
        12,
        1,
        2
      ]
    },
    "JFM": {
      "efp": 0.23004290497893848,
      "months": [
        1,
        2,
        3
      ]
    },
    "FMA": {
      "efp": 0.2695075651362559,
      "months": [
        2,
        3,
        4
      ]
    },
    "MAM": {
      "efp": 0.2270480081690399,
      "months": [
        3,
        4,
        5
      ]
    },
    "AMJ": {
      "efp": 0.17504447661503675,
      "months": [
        4,
        5,
        6
      ]
    },
    "MJJ": {
      "efp": 0.1289746563155777,
      "months": [
        5,
        6,
        7
      ]
    },
    "JJA": {
      "efp": 0.12332484775541508,
      "months": [
        6,
        7,
        8
      ]
    },
    "JAS": {
      "efp": 0.10338210535045321,
      "months": [
        7,
        8,
        9
      ]
    },
    "ASO": {
      "efp": 0.11587981255155708,
      "months": [
        8,
        9,
        10
      ]
    },
    "SON": {
      "efp": 0.14225240507449843,
      "months": [
        9,
        10,
        11
      ]
    },
    "OND": {
      "efp": 0.23973734949835357,
      "months": [
        10,
        11,
        12
      ]
    },
    "NDJ": {
      "efp": 0.22067401524154714,
      "months": [
        11,
        12,
        1
      ]
    }
  },
  "efp_nh_123": {
    "DJF": {
      "efp": 0.12896630424404334,
      "months": [
        12,
        1,
        2
      ]
    },
    "JFM": {
      "efp": 0.13076204005073408,
      "months": [
        1,
        2,
        3
      ]
    },
    "FMA": {
      "efp": 0.10009735337288331,
      "months": [
        2,
        3,
        4
      ]
    },
    "MAM": {
      "efp": 0.05839563438602696,
      "months": [
        3,
        4,
        5
      ]
    },
    "AMJ": {
      "efp": 0.035767630365762124,
      "months": [
        4,
        5,
        6
      ]
    },
    "MJJ": {
      "efp": 0.05919144498588611,
      "months": [
        5,
        6,
        7
      ]
    },
    "JJA": {
      "efp": 0.0873070068922576,
      "months": [
        6,
        7,
        8
      ]
    },
    "JAS": {
      "efp": 0.04285332846350471,
      "months": [
        7,
        8,
        9
      ]
    },
    "ASO": {
      "efp": 0.042750503929818065,
      "months": [
        8,
        9,
        10
      ]
    },
    "SON": {
      "efp": 0.054032698900037104,
      "months": [
        9,
        10,
        11
      ]
    },
    "OND": {
      "efp": 0.08277068890031757,
      "months": [
        10,
        11,
        12
      ]
    },
    "NDJ": {
      "efp": 0.09011579769494063,
      "months": [
        11,
        12,
        1
      ]
    }
  },
  "efp_nh_gt3": {
    "DJF": {
      "efp": 0.12688267236534,
      "months": [
        12,
        1,
        2
      ]
    },
    "JFM": {
      "efp": 0.0665542745899933,
      "months": [
        1,
        2,
        3
      ]
    },
    "FMA": {
      "efp": 0.12151846266168467,
      "months": [
        2,
        3,
        4
      ]
    },
    "MAM": {
      "efp": 0.1297767022788632,
      "months": [
        3,
        4,
        5
      ]
    },
    "AMJ": {
      "efp": 0.13715502218140868,
      "months": [
        4,
        5,
        6
      ]
    },
    "MJJ": {
      "efp": 0.1316690395440763,
      "months": [
        5,
        6,
        7
      ]
    },
    "JJA": {
      "efp": 0.13939197522382502,
      "months": [
        6,
        7,
        8
      ]
    },
    "JAS": {
      "efp": 0.091809760679746,
      "months": [
        7,
        8,
        9
      ]
    },
    "ASO": {
      "efp": 0.10265278824273683,
      "months": [
        8,
        9,
        10
      ]
    },
    "SON": {
      "efp": 0.10199239676034587,
      "months": [
        9,
        10,
        11
      ]
    },
    "OND": {
      "efp": 0.14387902929027183,
      "months": [
        10,
        11,
        12
      ]
    },
    "NDJ": {
      "efp": 0.14695005505440475,
      "months": [
        11,
        12,
        1
      ]
    }
  },
  "efp_sh": {
    "DJF": {
      "efp": 0.15043735934320507,
      "months": [
        12,
        1,
        2
      ]
    },
    "JFM": {
      "efp": 0.1393761476372838,
      "months": [
        1,
        2,
        3
      ]
    },
    "FMA": {
      "efp": 0.11157187460336075,
      "months": [
        2,
        3,
        4
      ]
    },
    "MAM": {
      "efp": 0.17504518747191375,
      "months": [
        3,
        4,
        5
      ]
    },
    "AMJ": {
      "efp": 0.19632728817474784,
      "months": [
        4,
        5,
        6
      ]
    },
    "MJJ": {
      "efp": 0.2919769951196574,
      "months": [
        5,
        6,
        7
      ]
    },
    "JJA": {
      "efp": 0.3364326528138775,
      "months": [
        6,
        7,
        8
      ]
    },
    "JAS": {
      "efp": 0.3156319432926774,
      "months": [
        7,
        8,
        9
      ]
    },
    "ASO": {
      "efp": 0.2831916311594564,
      "months": [
        8,
        9,
        10
      ]
    },
    "SON": {
      "efp": 0.20569427491742717,
      "months": [
        9,
        10,
        11
      ]
    },
    "OND": {
      "efp": 0.17395670954641168,
      "months": [
        10,
        11,
        12
      ]
    },
    "NDJ": {
      "efp": 0.16848226825299867,
      "months": [
        11,
        12,
        1
      ]
    }
  },
  "efp_sh_123": {
    "DJF": {
      "efp": 0.0433849551738741,
      "months": [
        12,
        1,
        2
      ]
    },
    "JFM": {
      "efp": 0.04868014728332509,
      "months": [
        1,
        2,
        3
      ]
    },
    "FMA": {
      "efp": 0.05303681386251091,
      "months": [
        2,
        3,
        4
      ]
    },
    "MAM": {
      "efp": 0.03647980077798595,
      "months": [
        3,
        4,
        5
      ]
    },
    "AMJ": {
      "efp": 0.021935207112098915,
      "months": [
        4,
        5,
        6
      ]
    },
    "MJJ": {
      "efp": 0.024368933941034853,
      "months": [
        5,
        6,
        7
      ]
    },
    "JJA": {
      "efp": 0.026521694716727273,
      "months": [
        6,
        7,
        8
      ]
    },
    "JAS": {
      "efp": 0.025715934837876108,
      "months": [
        7,
        8,
        9
      ]
    },
    "ASO": {
      "efp": 0.05680666335845664,
      "months": [
        8,
        9,
        10
      ]
    },
    "SON": {
      "efp": 0.06601955709541966,
      "months": [
        9,
        10,
        11
      ]
    },
    "OND": {
      "efp": 0.06592462916235069,
      "months": [
        10,
        11,
        12
      ]
    },
    "NDJ": {
      "efp": 0.1027897288254274,
      "months": [
        11,
        12,
        1
      ]
    }
  },
  "efp_sh_gt3": {
    "DJF": {
      "efp": 0.1173559350002878,
      "months": [
        12,
        1,
        2
      ]
    },
    "JFM": {
      "efp": 0.12285574530093189,
      "months": [
        1,
        2,
        3
      ]
    },
    "FMA": {
      "efp": 0.11539740311870655,
      "months": [
        2,
        3,
        4
      ]
    },
    "MAM": {
      "efp": 0.14648647353446248,
      "months": [
        3,
        4,
        5
      ]
    },
    "AMJ": {
      "efp": 0.15296614645914192,
      "months": [
        4,
        5,
        6
      ]
    },
    "MJJ": {
      "efp": 0.1930781290486036,
      "months": [
        5,
        6,
        7
      ]
    },
    "JJA": {
      "efp": 0.23681691134400115,
      "months": [
        6,
        7,
        8
      ]
    },
    "JAS": {
      "efp": 0.24131996444670128,
      "months": [
        7,
        8,
        9
      ]
    },
    "ASO": {
      "efp": 0.19158998535365498,
      "months": [
        8,
        9,
        10
      ]
    },
    "SON": {
      "efp": 0.18767454674928258,
      "months": [
        9,
        10,
        11
      ]
    },