{
  "efp_nh": {
    "DJF": {
      "efp": 0.3357912484343476,
      "months": [
        12,
        1,
        2
      ]
    },
    "JFM": {
      "efp": 0.3176062258873875,
      "months": [
        1,
        2,
        3
      ]
    },
    "FMA": {
      "efp": 0.2997466437157644,
      "months": [
        2,
        3,
        4
      ]
    },
    "MAM": {
      "efp": 0.2767384542064089,
      "months": [
        3,
        4,
        5
      ]
    },
    "AMJ": {
      "efp": 0.2293886916062599,
      "months": [
        4,
        5,
        6
      ]
    },
    "MJJ": {
      "efp": 0.17474980877934365,
      "months": [
        5,
        6,
        7
      ]
    },
    "JJA": {
      "efp": 0.14870833613767212,
      "months": [
        6,
        7,
        8
      ]
    },
    "JAS": {
      "efp": 0.10141852943851427,
      "months": [
        7,
        8,
        9
      ]
    },
    "ASO": {
      "efp": 0.10238921228098628,
      "months": [
        8,
        9,
        10
      ]
    },
    "SON": {
      "efp": 0.1451861825328818,
      "months": [
        9,
        10,
        11
      ]
    },
    "OND": {
      "efp": 0.21581568158766898,
      "months": [
        10,
        11,
        12
      ]
    },
    "NDJ": {
      "efp": 0.30173384764543265,
      "months": [
        11,
        12,
        1
      ]
    }
  },
  "efp_nh_123": {
    "DJF": {
      "efp": 0.12147914441574902,
      "months": [
        12,
        1,
        2
      ]
    },
    "JFM": {
      "efp": 0.0867999274212555,
      "months": [
        1,
        2,
        3
      ]
    },
    "FMA": {
      "efp": 0.06051612277601373,
      "months": [
        2,
        3,
        4
      ]
    },
    "MAM": {
      "efp": 0.04960961226949583,
      "months": [
        3,
        4,
        5
      ]
    },
    "AMJ": {
      "efp": 0.029468422236288868,
      "months": [
        4,
        5,
        6
      ]
    },
    "MJJ": {
      "efp": 0.0372477016689509,
      "months": [
        5,
        6,
        7
      ]
    },
    "JJA": {
      "efp": 0.04469255193532137,
      "months": [
        6,
        7,
        8
      ]
    },
    "JAS": {
      "efp": 0.03110668795572197,
      "months": [
        7,
        8,
        9
      ]
    },
    "ASO": {
      "efp": 0.010917582896725144,
      "months": [
        8,
        9,
        10
      ]
    },
    "SON": {
      "efp": 0.016284012906931173,
      "months": [
        9,
        10,
        11
      ]
    },
    "OND": {
      "efp": 0.0416218501850785,
      "months": [
        10,
        11,
        12
      ]
    },
    "NDJ": {
      "efp": 0.0774878566023389,
      "months": [
        11,
        12,
        1
      ]
    }
  },
  "efp_nh_gt3": {
    "DJF": {
      "efp": 0.19811953456411813,
      "months": [
        12,
        1,
        2
      ]
    },
    "JFM": {
      "efp": 0.1733163291023229,
      "months": [
        1,
        2,
        3
      ]
    },
    "FMA": {
      "efp": 0.18435641803586075,
      "months": [
        2,
        3,
        4
      ]
    },
    "MAM": {
      "efp": 0.1863895684029191,
      "months": [
        3,
        4,
        5
      ]
    },
    "AMJ": {
      "efp": 0.1683760743132356,
      "months": [
        4,
        5,
        6
      ]
    },
    "MJJ": {
      "efp": 0.12330866509581684,
      "months": [
        5,
        6,
        7
      ]
    },
    "JJA": {
      "efp": 0.09901644836967567,
      "months": [
        6,
        7,
        8
      ]
    },
    "JAS": {
      "efp": 0.10835806466426233,
      "months": [
        7,
        8,
        9
      ]
    },
    "ASO": {
      "efp": 0.09452541206552634,
      "months": [
        8,
        9,
        10
      ]
    },
    "SON": {
      "efp": 0.10284942051917648,
      "months": [
        9,
        10,
        11
      ]
    },
    "OND": {
      "efp": 0.1400902393454279,
      "months": [
        10,
        11,
        12
      ]
    },
    "NDJ": {
      "efp": 0.20140565686288467,
      "months": [
        11,
        12,
        1
      ]
    }
  },
  "efp_sh": {
    "DJF": {
      "efp": 0.22233084477547174,
      "months": [
        12,
        1,
        2
      ]
    },
    "JFM": {
      "efp": 0.19250960264189795,
      "months": [
        1,
        2,
        3
      ]
    },
    "FMA": {
      "efp": 0.17925637799745858,
      "months": [
        2,
        3,
        4
      ]
    },
    "MAM": {
      "efp": 0.234783420974815,
      "months": [
        3,
        4,
        5
      ]
    },
    "AMJ": {
      "efp": 0.2848337241153221,
      "months": [
        4,
        5,
        6
      ]
    },
    "MJJ": {
      "efp": 0.3233280134467604,
      "months": [
        5,
        6,
        7
      ]
    },
    "JJA": {
      "efp": 0.3788712184201009,
      "months": [
        6,
        7,
        8
      ]
    },
    "JAS": {
      "efp": 0.3953101915868078,
      "months": [
        7,
        8,
        9
      ]
    },
    "ASO": {
      "efp": 0.3968802142010767,
      "months": [
        8,
        9,
        10
      ]
    },
    "SON": {
      "efp": 0.3607372549880635,
      "months": [
        9,
        10,
        11
      ]
    },
    "OND": {
      "efp": 0.3432570497618564,
      "months": [
        10,
        11,
        12
      ]
    },
    "NDJ": {
      "efp": 0.3080261776707972,
      "months": [
        11,
        12,
        1
      ]
    }
  },
  "efp_sh_123": {
    "DJF": {
      "efp": 0.03768345028526342,
      "months": [
        12,
        1,
        2
      ]
    },
    "JFM": {
      "efp": 0.03444174658436552,
      "months": [
        1,
        2,
        3
      ]
    },
    "FMA": {
      "efp": 0.037991617699662104,
      "months": [
        2,
        3,
        4
      ]
    },
    "MAM": {
      "efp": 0.02252935520460824,
      "months": [
        3,
        4,
        5
      ]
    },
    "AMJ": {
      "efp": 0.03131037116140109,
      "months": [
        4,
        5,
        6
      ]
    },
    "MJJ": {
      "efp": 0.019873183466204,
      "months": [
        5,
        6,
        7
      ]
    },
    "JJA": {
      "efp": 0.033268263242338655,
      "months": [
        6,
        7,
        8
      ]
    },
    "JAS": {
      "efp": 0.026876827136968116,
      "months": [
        7,
        8,
        9
      ]
    },
    "ASO": {
      "efp": 0.04303417621915122,
      "months": [
        8,
        9,
        10
      ]
    },
    "SON": {
      "efp": 0.03455687873518594,
      "months": [
        9,
        10,
        11
      ]
    },
    "OND": {
      "efp": 0.049092574075034666,
      "months": [
        10,
        11,
        12
      ]
    },
    "NDJ": {
      "efp": 0.042572313653500546,
      "months": [
        11,
        12,
        1
      ]
    }
  },
  "efp_sh_gt3": {
    "DJF": {
      "efp": 0.16219318672178934,
      "months": [
        12,
        1,
        2
      ]
    },
    "JFM": {
      "efp": 0.13381577559658173,
      "months": [
        1,
        2,
        3
      ]
    },
    "FMA": {
      "efp": 0.14716424194254396,
      "months": [
        2,
        3,
        4
      ]
    },
    "MAM": {
      "efp": 0.1920328343216331,
      "months": [
        3,
        4,
        5
      ]
    },
    "AMJ": {
      "efp": 0.21187286060581886,
      "months": [
        4,
        5,
        6
      ]
    },
    "MJJ": {
      "efp": 0.22245492233315203,
      "months": [
        5,
        6,
        7
      ]
    },
    "JJA": {
      "efp": 0.26709398309551113,
      "months": [
        6,
        7,
        8
      ]
    },
    "JAS": {
      "efp": 0.31122490626711685,
      "months": [
        7,
        8,
        9
      ]
    },
    "ASO": {
      "efp": 0.2809522017902526,
      "months": [
        8,
        9,
        10
      ]
    },
    "SON": {
      "efp": 0.2613848587662977,
      "months": [
        9,
        10,
        11
      ]
    },