{
  "efp_nh": {
    "DJF": {
      "efp": 0.34049242775746597,
      "months": [
        12,
        1,
        2
      ]
    },
    "JFM": {
      "efp": 0.3507893269425949,
      "months": [
        1,
        2,
        3
      ]
    },
    "FMA": {
      "efp": 0.3537677596832144,
      "months": [
        2,
        3,
        4
      ]
    },
    "MAM": {
      "efp": 0.26650882935588766,
      "months": [
        3,
        4,
        5
      ]
    },
    "AMJ": {
      "efp": 0.2600814494234236,
      "months": [
        4,
        5,
        6
      ]
    },
    "MJJ": {
      "efp": 0.23874308557692842,
      "months": [
        5,
        6,
        7
      ]
    },
    "JJA": {
      "efp": 0.17347839754607436,
      "months": [
        6,
        7,
        8
      ]
    },
    "JAS": {
      "efp": 0.12242668004105231,
      "months": [
        7,
        8,
        9
      ]
    },
    "ASO": {
      "efp": 0.21167592793954146,
      "months": [
        8,
        9,
        10
      ]
    },
    "SON": {
      "efp": 0.17786442041311096,
      "months": [
        9,
        10,
        11
      ]
    },
    "OND": {
      "efp": 0.20811979361492652,
      "months": [
        10,
        11,
        12
      ]
    },
    "NDJ": {
      "efp": 0.3117411236626877,
      "months": [
        11,
        12,
        1
      ]
    }
  },
  "efp_nh_123": {
    "DJF": {
      "efp": 0.127305939003892,
      "months": [
        12,
        1,
        2
      ]
    },
    "JFM": {
      "efp": 0.14906042256968755,
      "months": [
        1,
        2,
        3
      ]
    },
    "FMA": {
      "efp": 0.14734318885705391,
      "months": [
        2,
        3,
        4
      ]
    },
    "MAM": {
      "efp": 0.10879344010088972,
      "months": [
        3,
        4,
        5
      ]
    },
    "AMJ": {
      "efp": 0.08371005910809433,
      "months": [
        4,
        5,
        6
      ]
    },
    "MJJ": {
      "efp": 0.07170570637650642,
      "months": [
        5,
        6,
        7
      ]
    },
    "JJA": {
      "efp": 0.04266768160120143,
      "months": [
        6,
        7,
        8
      ]
    },
    "JAS": {
      "efp": 0.02009708333219656,
      "months": [
        7,
        8,
        9
      ]
    },
    "ASO": {
      "efp": 0.04896699616658721,
      "months": [
        8,
        9,
        10
      ]
    },
    "SON": {
      "efp": 0.056754086835299755,
      "months": [
        9,
        10,
        11
      ]
    },
    "OND": {
      "efp": 0.07597661691315866,
      "months": [
        10,
        11,
        12
      ]
    },
    "NDJ": {
      "efp": 0.0956503630793976,
      "months": [
        11,
        12,
        1
      ]
    }
  },
  "efp_nh_gt3": {
    "DJF": {
      "efp": 0.18337817614235546,
      "months": [
        12,
        1,
        2
      ]
    },
    "JFM": {
      "efp": 0.20718013245412087,
      "months": [
        1,
        2,
        3
      ]
    },
    "FMA": {
      "efp": 0.23996726034172436,
      "months": [
        2,
        3,
        4
      ]
    },
    "MAM": {
      "efp": 0.1668873559099878,
      "months": [
        3,
        4,
        5
      ]
    },
    "AMJ": {
      "efp": 0.16463024853492372,
      "months": [
        4,
        5,
        6
      ]
    },
    "MJJ": {
      "efp": 0.16369252706302906,
      "months": [
        5,
        6,
        7
      ]
    },
    "JJA": {
      "efp": 0.15510004887044768,
      "months": [
        6,
        7,
        8
      ]
    },
    "JAS": {
      "efp": 0.1084211263822281,
      "months": [
        7,
        8,
        9
      ]
    },
    "ASO": {
      "efp": 0.13785187084882897,
      "months": [
        8,
        9,
        10
      ]
    },
    "SON": {
      "efp": 0.1504808457435171,
      "months": [
        9,
        10,
        11
      ]
    },
    "OND": {
      "efp": 0.15607719485715407,
      "months": [
        10,
        11,
        12
      ]
    },
    "NDJ": {
      "efp": 0.20177217910747786,
      "months": [
        11,
        12,
        1
      ]
    }
  },
  "efp_sh": {
    "DJF": {
      "efp": 0.25336292600830324,
      "months": [
        12,
        1,
        2
      ]
    },
    "JFM": {
      "efp": 0.22068258870026125,
      "months": [
        1,
        2,
        3
      ]
    },
    "FMA": {
      "efp": 0.23414640824574054,
      "months": [
        2,
        3,
        4
      ]
    },
    "MAM": {
      "efp": 0.2746222823570145,
      "months": [
        3,
        4,
        5
      ]
    },
    "AMJ": {
      "efp": 0.3189507013692044,
      "months": [
        4,
        5,
        6
      ]
    },
    "MJJ": {
      "efp": 0.2504430524466087,
      "months": [
        5,
        6,
        7
      ]
    },
    "JJA": {
      "efp": 0.26395623254083794,
      "months": [
        6,
        7,
        8
      ]
    },
    "JAS": {
      "efp": 0.2233742237210276,
      "months": [
        7,
        8,
        9
      ]
    },
    "ASO": {
      "efp": 0.2498672894446527,
      "months": [
        8,
        9,
        10
      ]
    },
    "SON": {
      "efp": 0.2322487684844033,
      "months": [
        9,
        10,
        11
      ]
    },
    "OND": {
      "efp": 0.314794029707021,
      "months": [
        10,
        11,
        12
      ]
    },
    "NDJ": {
      "efp": 0.27861066588492,
      "months": [
        11,
        12,
        1
      ]
    }
  },
  "efp_sh_123": {
    "DJF": {
      "efp": 0.08817558244369073,
      "months": [
        12,
        1,
        2
      ]
    },
    "JFM": {
      "efp": 0.09629551019838123,
      "months": [
        1,
        2,
        3
      ]
    },
    "FMA": {
      "efp": 0.04588835853041329,
      "months": [
        2,
        3,
        4
      ]
    },
    "MAM": {
      "efp": 0.03773374246442659,
      "months": [
        3,
        4,
        5
      ]
    },
    "AMJ": {
      "efp": 0.03872244338951979,
      "months": [
        4,
        5,
        6
      ]
    },
    "MJJ": {
      "efp": 0.025146543216368326,
      "months": [
        5,
        6,
        7
      ]
    },
    "JJA": {
      "efp": 0.038952648926936145,
      "months": [
        6,
        7,
        8
      ]
    },
    "JAS": {
      "efp": 0.031181330434644484,
      "months": [
        7,
        8,
        9
      ]
    },
    "ASO": {
      "efp": 0.038790185814272696,
      "months": [
        8,
        9,
        10
      ]
    },
    "SON": {
      "efp": 0.054665542187035066,
      "months": [
        9,
        10,
        11
      ]
    },
    "OND": {
      "efp": 0.04879826123438,
      "months": [
        10,
        11,
        12
      ]
    },
    "NDJ": {
      "efp": 0.09248883618932915,
      "months": [
        11,
        12,
        1
      ]
    }
  },
  "efp_sh_gt3": {
    "DJF": {
      "efp": 0.22089656691273404,
      "months": [
        12,
        1,
        2
      ]
    },
    "JFM": {
      "efp": 0.20357868970452198,
      "months": [
        1,
        2,
        3
      ]
    },
    "FMA": {
      "efp": 0.245713760481947,
      "months": [
        2,
        3,
        4
      ]
    },
    "MAM": {
      "efp": 0.2131962323843548,
      "months": [
        3,
        4,
        5
      ]
    },
    "AMJ": {
      "efp": 0.2750821514162972,
      "months": [
        4,
        5,
        6
      ]
    },
    "MJJ": {
      "efp": 0.2438152502579189,
      "months": [
        5,
        6,
        7
      ]
    },
    "JJA": {
      "efp": 0.18593985070479546,
      "months": [
        6,
        7,
        8
      ]
    },
    "JAS": {
      "efp": 0.18911489524308972,
      "months": [
        7,
        8,
        9
      ]
    },
    "ASO": {
      "efp": 0.1991047943270519,
      "months": [
        8,
        9,
        10
      ]
    },
    "SON": {
      "efp": 0.23733396103145368,
      "months": [
        9,
        10,
        11
      ]
    },