{
  "efp_nh": {
    "DJF": {
      "efp": 0.2560374948182981,
      "months": [
        12,
        1,
        2
      ]
    },
    "JFM": {
      "efp": 0.31389948015336194,
      "months": [
        1,
        2,
        3
      ]
    },
    "FMA": {
      "efp": 0.30737022017794174,
      "months": [
        2,
        3,
        4
      ]
    },
    "MAM": {
      "efp": 0.24879429701165562,
      "months": [
        3,
        4,
        5
      ]
    },
    "AMJ": {
      "efp": 0.2552801265507935,
      "months": [
        4,
        5,
        6
      ]
    },
    "MJJ": {
      "efp": 0.2398442420419068,
      "months": [
        5,
        6,
        7
      ]
    },
    "JJA": {
      "efp": 0.1888902437971062,
      "months": [
        6,
        7,
        8
      ]
    },
    "JAS": {
      "efp": 0.12409556831254188,
      "months": [
        7,
        8,
        9
      ]
    },
    "ASO": {
      "efp": 0.15580406890073972,
      "months": [
        8,
        9,
        10
      ]
    },
    "SON": {
      "efp": 0.2603244198845371,
      "months": [
        9,
        10,
        11
      ]
    },
    "OND": {
      "efp": 0.2457958878296858,
      "months": [
        10,
        11,
        12
      ]
    },
    "NDJ": {
      "efp": 0.24733389541535583,
      "months": [
        11,
        12,
        1
      ]
    }
  },
  "efp_nh_123": {
    "DJF": {
      "efp": 0.06445466540738232,
      "months": [
        12,
        1,
        2
      ]
    },
    "JFM": {
      "efp": 0.09757765231174038,
      "months": [
        1,
        2,
        3
      ]
    },
    "FMA": {
      "efp": 0.07149774362333253,
      "months": [
        2,
        3,
        4
      ]
    },
    "MAM": {
      "efp": 0.05109814060769824,
      "months": [
        3,
        4,
        5
      ]
    },
    "AMJ": {
      "efp": 0.055627472782506175,
      "months": [
        4,
        5,
        6
      ]
    },
    "MJJ": {
      "efp": 0.04726904700592398,
      "months": [
        5,
        6,
        7
      ]
    },
    "JJA": {
      "efp": 0.037797628976666095,
      "months": [
        6,
        7,
        8
      ]
    },
    "JAS": {
      "efp": 0.02922010978941451,
      "months": [
        7,
        8,
        9
      ]
    },
    "ASO": {
      "efp": 0.037012787396540785,
      "months": [
        8,
        9,
        10
      ]
    },
    "SON": {
      "efp": 0.03151849604149094,
      "months": [
        9,
        10,
        11
      ]
    },
    "OND": {
      "efp": 0.036760404041818524,
      "months": [
        10,
        11,
        12
      ]
    },
    "NDJ": {
      "efp": 0.05608948676858706,
      "months": [
        11,
        12,
        1
      ]
    }
  },
  "efp_nh_gt3": {
    "DJF": {
      "efp": 0.18485752114838586,
      "months": [
        12,
        1,
        2
      ]
    },
    "JFM": {
      "efp": 0.18990359823133923,
      "months": [
        1,
        2,
        3
      ]
    },
    "FMA": {
      "efp": 0.1868770589909955,
      "months": [
        2,
        3,
        4
      ]
    },
    "MAM": {
      "efp": 0.16737219841609233,
      "months": [
        3,
        4,
        5
      ]
    },
    "AMJ": {
      "efp": 0.18672876570080774,
      "months": [
        4,
        5,
        6
      ]
    },
    "MJJ": {
      "efp": 0.14900869914366105,
      "months": [
        5,
        6,
        7
      ]
    },
    "JJA": {
      "efp": 0.11936620858449318,
      "months": [
        6,
        7,
        8
      ]
    },
    "JAS": {
      "efp": 0.11122855339227264,
      "months": [
        7,
        8,
        9
      ]
    },
    "ASO": {
      "efp": 0.18443025743621422,
      "months": [
        8,
        9,
        10
      ]
    },
    "SON": {
      "efp": 0.2442893207088131,
      "months": [
        9,
        10,
        11
      ]
    },
    "OND": {
      "efp": 0.20322569505325017,
      "months": [
        10,
        11,
        12
      ]
    },
    "NDJ": {
      "efp": 0.1807759502872127,
      "months": [
        11,
        12,
        1
      ]
    }
  },
  "efp_sh": {
    "DJF": {
      "efp": 0.2002407453222608,
      "months": [
        12,
        1,
        2
      ]
    },
    "JFM": {
      "efp": 0.14244982021545693,
      "months": [
        1,
        2,
        3
      ]
    },
    "FMA": {
      "efp": 0.1468369734471952,
      "months": [
        2,
        3,
        4
      ]
    },
    "MAM": {
      "efp": 0.1648756727729711,
      "months": [
        3,
        4,
        5
      ]
    },
    "AMJ": {
      "efp": 0.22077129408158438,
      "months": [
        4,
        5,
        6
      ]
    },
    "MJJ": {
      "efp": 0.3059890449699048,
      "months": [
        5,
        6,
        7
      ]
    },
    "JJA": {
      "efp": 0.27661097281423247,
      "months": [
        6,
        7,
        8
      ]
    },
    "JAS": {
      "efp": 0.2349610761241422,
      "months": [
        7,
        8,
        9
      ]
    },
    "ASO": {
      "efp": 0.272358426933367,
      "months": [
        8,
        9,
        10
      ]
    },
    "SON": {
      "efp": 0.3329583281960573,
      "months": [
        9,
        10,
        11
      ]
    },
    "OND": {
      "efp": 0.3684570774882266,
      "months": [
        10,
        11,
        12
      ]
    },
    "NDJ": {
      "efp": 0.28816012290855647,
      "months": [
        11,
        12,
        1
      ]
    }
  },
  "efp_sh_123": {
    "DJF": {
      "efp": 0.06576532965454018,
      "months": [
        12,
        1,
        2
      ]
    },
    "JFM": {
      "efp": 0.04533445355756546,
      "months": [
        1,
        2,
        3
      ]
    },
    "FMA": {
      "efp": 0.03322623957631376,
      "months": [
        2,
        3,
        4
      ]
    },
    "MAM": {
      "efp": 0.046487610070592864,
      "months": [
        3,
        4,
        5
      ]
    },
    "AMJ": {
      "efp": 0.025477122719153544,
      "months": [
        4,
        5,
        6
      ]
    },
    "MJJ": {
      "efp": 0.052239087048520816,
      "months": [
        5,
        6,
        7
      ]
    },
    "JJA": {
      "efp": 0.04216638711895867,
      "months": [
        6,
        7,
        8
      ]
    },
    "JAS": {
      "efp": 0.04402140423672671,
      "months": [
        7,
        8,
        9
      ]
    },
    "ASO": {
      "efp": 0.040852158562334685,
      "months": [
        8,
        9,
        10
      ]
    },
    "SON": {
      "efp": 0.029633073979275077,
      "months": [
        9,
        10,
        11
      ]
    },
    "OND": {
      "efp": 0.047678961207527584,
      "months": [
        10,
        11,
        12
      ]
    },
    "NDJ": {
      "efp": 0.0928766465288455,
      "months": [
        11,
        12,
        1
      ]
    }
  },
  "efp_sh_gt3": {
    "DJF": {
      "efp": 0.18288503306936618,
      "months": [
        12,
        1,
        2
      ]
    },
    "JFM": {
      "efp": 0.11754092816609855,
      "months": [
        1,
        2,
        3
      ]
    },
    "FMA": {
      "efp": 0.13672790014988115,
      "months": [
        2,
        3,
        4
      ]
    },
    "MAM": {
      "efp": 0.1604135143768072,
      "months": [
        3,
        4,
        5
      ]
    },
    "AMJ": {
      "efp": 0.1671690032719691,
      "months": [
        4,
        5,
        6
      ]
    },
    "MJJ": {
      "efp": 0.2855236990294552,
      "months": [
        5,
        6,
        7
      ]
    },
    "JJA": {
      "efp": 0.2556370793180522,
      "months": [
        6,
        7,
        8
      ]
    },
    "JAS": {
      "efp": 0.24572810253394775,
      "months": [
        7,
        8,
        9
      ]
    },
    "ASO": {
      "efp": 0.25030022006082553,
      "months": [
        8,
        9,
        10
      ]
    },
    "SON": {
      "efp": 0.28859783341859185,
      "months": [
        9,
        10,
        11
      ]
    },