{
  "efp_nh": {
    "DJF": {
      "efp": 0.26258614451484497,
      "months": [
        12,
        1,
        2
      ]
    },
    "JFM": {
      "efp": 0.3270193687192911,
      "months": [
        1,
        2,
        3
      ]
    },
    "FMA": {
      "efp": 0.31654612345099903,
      "months": [
        2,
        3,
        4
      ]
    },
    "MAM": {
      "efp": 0.23786941967080893,
      "months": [
        3,
        4,
        5
      ]
    },
    "AMJ": {
      "efp": 0.2807000124345843,
      "months": [
        4,
        5,
        6
      ]
    },
    "MJJ": {
      "efp": 0.18657223678319107,
      "months": [
        5,
        6,
        7
      ]
    },
    "JJA": {
      "efp": 0.09249792163350395,
      "months": [
        6,
        7,
        8
      ]
    },
    "JAS": {
      "efp": 0.15669260544102068,
      "months": [
        7,
        8,
        9
      ]
    },
    "ASO": {
      "efp": 0.07822362222075199,
      "months": [
        8,
        9,
        10
      ]
    },
    "SON": {
      "efp": 0.11789759092669894,
      "months": [
        9,
        10,
        11
      ]
    },
    "OND": {
      "efp": 0.15789312992626175,
      "months": [
        10,
        11,
        12
      ]
    },
    "NDJ": {
      "efp": 0.20423806909712475,
      "months": [
        11,
        12,
        1
      ]
    }
  },
  "efp_nh_123": {
    "DJF": {
      "efp": 0.10865614183305186,
      "months": [
        12,
        1,
        2
      ]
    },
    "JFM": {
      "efp": 0.140774732736365,
      "months": [
        1,
        2,
        3
      ]
    },
    "FMA": {
      "efp": 0.11692849815852478,
      "months": [
        2,
        3,
        4
      ]
    },
    "MAM": {
      "efp": 0.0808504267269376,
      "months": [
        3,
        4,
        5
      ]
    },
    "AMJ": {
      "efp": 0.06632765224898976,
      "months": [
        4,
        5,
        6
      ]
    },
    "MJJ": {
      "efp": 0.037797730739143755,
      "months": [
        5,
        6,
        7
      ]
    },
    "JJA": {
      "efp": 0.0400415787435382,
      "months": [
        6,
        7,
        8
      ]
    },
    "JAS": {
      "efp": 0.06665666013773644,
      "months": [
        7,
        8,
        9
      ]
    },
    "ASO": {
      "efp": 0.03133688515778108,
      "months": [
        8,
        9,
        10
      ]
    },
    "SON": {
      "efp": 0.08717170247472923,
      "months": [
        9,
        10,
        11
      ]
    },
    "OND": {
      "efp": 0.07024698054797203,
      "months": [
        10,
        11,
        12
      ]
    },
    "NDJ": {
      "efp": 0.07541493989749672,
      "months": [
        11,
        12,
        1
      ]
    }
  },
  "efp_nh_gt3": {
    "DJF": {
      "efp": 0.1546587667680744,
      "months": [
        12,
        1,
        2
      ]
    },
    "JFM": {
      "efp": 0.19157129556134214,
      "months": [
        1,
        2,
        3
      ]
    },
    "FMA": {
      "efp": 0.2053540320390042,
      "months": [
        2,
        3,
        4
      ]
    },
    "MAM": {
      "efp": 0.15708877004979543,
      "months": [
        3,
        4,
        5
      ]
    },
    "AMJ": {
      "efp": 0.17237088643074422,
      "months": [
        4,
        5,
        6
      ]
    },
    "MJJ": {
      "efp": 0.117424583490694,
      "months": [
        5,
        6,
        7
      ]
    },
    "JJA": {
      "efp": 0.09095259057107402,
      "months": [
        6,
        7,
        8
      ]
    },
    "JAS": {
      "efp": 0.08127629933650769,
      "months": [
        7,
        8,
        9
      ]
    },
    "ASO": {
      "efp": 0.05478738181196593,
      "months": [
        8,
        9,
        10
      ]
    },
    "SON": {
      "efp": 0.042520938681370093,
      "months": [
        9,
        10,
        11
      ]
    },
    "OND": {
      "efp": 0.07541820086018054,
      "months": [
        10,
        11,
        12
      ]
    },
    "NDJ": {
      "efp": 0.15489239061652643,
      "months": [
        11,
        12,
        1
      ]
    }
  },
  "efp_sh": {
    "DJF": {
      "efp": 0.11601276576513216,
      "months": [
        12,
        1,
        2
      ]
    },
    "JFM": {
      "efp": 0.1452140738735896,
      "months": [
        1,
        2,
        3
      ]
    },
    "FMA": {
      "efp": 0.15255025579305245,
      "months": [
        2,
        3,
        4
      ]
    },
    "MAM": {
      "efp": 0.1704715827056171,
      "months": [
        3,
        4,
        5
      ]
    },
    "AMJ": {
      "efp": 0.19813758708839624,
      "months": [
        4,
        5,
        6
      ]
    },
    "MJJ": {
      "efp": 0.20868985884844582,
      "months": [
        5,
        6,
        7
      ]
    },
    "JJA": {
      "efp": 0.2956077197946751,
      "months": [
        6,
        7,
        8
      ]
    },
    "JAS": {
      "efp": 0.2996193201949577,
      "months": [
        7,
        8,
        9
      ]
    },
    "ASO": {
      "efp": 0.2965678414378291,
      "months": [
        8,
        9,
        10
      ]
    },
    "SON": {
      "efp": 0.245759470763916,
      "months": [
        9,
        10,
        11
      ]
    },
    "OND": {
      "efp": 0.224829544434923,
      "months": [
        10,
        11,
        12
      ]
    },
    "NDJ": {
      "efp": 0.1420271552374843,
      "months": [
        11,
        12,
        1
      ]
    }
  },
  "efp_sh_123": {
    "DJF": {
      "efp": 0.040790096428508525,
      "months": [
        12,
        1,
        2
      ]
    },
    "JFM": {
      "efp": 0.0346675250195073,
      "months": [
        1,
        2,
        3
      ]
    },
    "FMA": {
      "efp": 0.027824996348849967,
      "months": [
        2,
        3,
        4
      ]
    },
    "MAM": {
      "efp": 0.019936374788200522,
      "months": [
        3,
        4,
        5
      ]
    },
    "AMJ": {
      "efp": 0.07816773759932881,
      "months": [
        4,
        5,
        6
      ]
    },
    "MJJ": {
      "efp": 0.04689221655484542,
      "months": [
        5,
        6,
        7
      ]
    },
    "JJA": {
      "efp": 0.041068838167689393,
      "months": [
        6,
        7,
        8
      ]
    },
    "JAS": {
      "efp": 0.0512443666273527,
      "months": [
        7,
        8,
        9
      ]
    },
    "ASO": {
      "efp": 0.0661999725333702,
      "months": [
        8,
        9,
        10
      ]
    },
    "SON": {
      "efp": 0.029876391201930762,
      "months": [
        9,
        10,
        11
      ]
    },
    "OND": {
      "efp": 0.04670049590842623,
      "months": [
        10,
        11,
        12
      ]
    },
    "NDJ": {
      "efp": 0.022468117195795608,
      "months": [
        11,
        12,
        1
      ]
    }
  },
  "efp_sh_gt3": {
    "DJF": {
      "efp": 0.09562959481845215,
      "months": [
        12,
        1,
        2
      ]
    },
    "JFM": {
      "efp": 0.11803839793576038,
      "months": [
        1,
        2,
        3
      ]
    },
    "FMA": {
      "efp": 0.13750356959992127,
      "months": [
        2,
        3,
        4
      ]
    },
    "MAM": {
      "efp": 0.1344807512587354,
      "months": [
        3,
        4,
        5
      ]
    },
    "AMJ": {
      "efp": 0.13098084872746033,
      "months": [
        4,
        5,
        6
      ]
    },
    "MJJ": {
      "efp": 0.15933762999484663,
      "months": [
        5,
        6,
        7
      ]
    },
    "JJA": {
      "efp": 0.24897321043998738,
      "months": [
        6,
        7,
        8
      ]
    },
    "JAS": {
      "efp": 0.23591683154179663,
      "months": [
        7,
        8,
        9
      ]
    },
    "ASO": {
      "efp": 0.24449125409296402,
      "months": [
        8,
        9,
        10
      ]
    },
    "SON": {
      "efp": 0.17196413300221156,
      "months": [
        9,
        10,
        11
      ]
    },