{
  "efp_nh": {
    "DJF": {
      "efp": 0.17078647347427592,
      "months": [
        12,
        1,
        2
      ]
    },
    "JFM": {
      "efp": 0.18041084949446937,
      "months": [
        1,
        2,
        3
      ]
    },
    "FMA": {
      "efp": 0.18528007330417381,
      "months": [
        2,
        3,
        4
      ]
    },
    "MAM": {
      "efp": 0.17847994679898851,
      "months": [
        3,
        4,
        5
      ]
    },
    "AMJ": {
      "efp": 0.19108680730927147,
      "months": [
        4,
        5,
        6
      ]
    },
    "MJJ": {
      "efp": 0.12616179491482732,
      "months": [
        5,
        6,
        7
      ]
    },
    "JJA": {
      "efp": 0.1264048378270846,
      "months": [
        6,
        7,
        8
      ]
    },
    "JAS": {
      "efp": 0.07648563783461593,
      "months": [
        7,
        8,
        9
      ]
    },
    "ASO": {
      "efp": 0.11533162431339104,
      "months": [
        8,
        9,
        10
      ]
    },
    "SON": {
      "efp": 0.12319518597682114,
      "months": [
        9,
        10,
        11
      ]
    },
    "OND": {
      "efp": 0.19578931510110809,
      "months": [
        10,
        11,
        12
      ]
    },
    "NDJ": {
      "efp": 0.17229607120242768,
      "months": [
        11,
        12,
        1
      ]
    }
  },
  "efp_nh_123": {
    "DJF": {
      "efp": 0.037982060395628896,
      "months": [
        12,
        1,
        2
      ]
    },
    "JFM": {
      "efp": 0.034143315249463346,
      "months": [
        1,
        2,
        3
      ]
    },
    "FMA": {
      "efp": 0.037405185666774615,
      "months": [
        2,
        3,
        4
      ]
    },
    "MAM": {
      "efp": 0.021470347802176812,
      "months": [
        3,
        4,
        5
      ]
    },
    "AMJ": {
      "efp": 0.01872163565680193,
      "months": [
        4,
        5,
        6
      ]
    },
    "MJJ": {
      "efp": 0.0330102427391876,
      "months": [
        5,
        6,
        7
      ]
    },
    "JJA": {
      "efp": 0.03768820164892377,
      "months": [
        6,
        7,
        8
      ]
    },
    "JAS": {
      "efp": 0.024598823213905077,
      "months": [
        7,
        8,
        9
      ]
    },
    "ASO": {
      "efp": 0.013252766752695948,
      "months": [
        8,
        9,
        10
      ]
    },
    "SON": {
      "efp": 0.03142610327970281,
      "months": [
        9,
        10,
        11
      ]
    },
    "OND": {
      "efp": 0.03272722367516416,
      "months": [
        10,
        11,
        12
      ]
    },
    "NDJ": {
      "efp": 0.02634758339040505,
      "months": [
        11,
        12,
        1
      ]
    }
  },
  "efp_nh_gt3": {
    "DJF": {
      "efp": 0.09560687562816678,
      "months": [
        12,
        1,
        2
      ]
    },
    "JFM": {
      "efp": 0.1153615031829181,
      "months": [
        1,
        2,
        3
      ]
    },
    "FMA": {
      "efp": 0.11952925761139063,
      "months": [
        2,
        3,
        4
      ]
    },
    "MAM": {
      "efp": 0.11392833891862263,
      "months": [
        3,
        4,
        5
      ]
    },
    "AMJ": {
      "efp": 0.14881107767002955,
      "months": [
        4,
        5,
        6
      ]
    },
    "MJJ": {
      "efp": 0.06907218872739813,
      "months": [
        5,
        6,
        7
      ]
    },
    "JJA": {
      "efp": 0.07774903399869106,
      "months": [
        6,
        7,
        8
      ]
    },
    "JAS": {
      "efp": 0.06328573897269266,
      "months": [
        7,
        8,
        9
      ]
    },
    "ASO": {
      "efp": 0.09309791089185787,
      "months": [
        8,
        9,
        10
      ]
    },
    "SON": {
      "efp": 0.12339718765163261,
      "months": [
        9,
        10,
        11
      ]
    },
    "OND": {
      "efp": 0.15919771460347348,
      "months": [
        10,
        11,
        12
      ]
    },
    "NDJ": {
      "efp": 0.12401986396093649,
      "months": [
        11,
        12,
        1
      ]
    }
  },
  "efp_sh": {
    "DJF": {
      "efp": 0.16248128942592882,
      "months": [
        12,
        1,
        2
      ]
    },
    "JFM": {
      "efp": 0.11791539077472071,
      "months": [
        1,
        2,
        3
      ]
    },
    "FMA": {
      "efp": 0.12423207537320316,
      "months": [
        2,
        3,
        4
      ]
    },
    "MAM": {
      "efp": 0.20245726774166894,
      "months": [
        3,
        4,
        5
      ]
    },
    "AMJ": {
      "efp": 0.25089492991602885,
      "months": [
        4,
        5,
        6
      ]
    },
    "MJJ": {
      "efp": 0.26594113271727815,
      "months": [
        5,
        6,
        7
      ]
    },
    "JJA": {
      "efp": 0.33425862507964943,
      "months": [
        6,
        7,
        8
      ]
    },
    "JAS": {
      "efp": 0.2527510605078987,
      "months": [
        7,
        8,
        9
      ]
    },
    "ASO": {
      "efp": 0.26794578328892327,
      "months": [
        8,
        9,
        10
      ]
    },
    "SON": {
      "efp": 0.30652743684488104,
      "months": [
        9,
        10,
        11
      ]
    },
    "OND": {
      "efp": 0.30398903574909886,
      "months": [
        10,
        11,
        12
      ]
    },
    "NDJ": {
      "efp": 0.20834203566508872,
      "months": [
        11,
        12,
        1
      ]
    }
  },
  "efp_sh_123": {
    "DJF": {
      "efp": 0.03886415223961251,
      "months": [
        12,
        1,
        2
      ]
    },
    "JFM": {
      "efp": 0.03469440423883316,
      "months": [
        1,
        2,
        3
      ]
    },
    "FMA": {
      "efp": 0.03510747508997933,
      "months": [
        2,
        3,
        4
      ]
    },
    "MAM": {
      "efp": 0.036382626014067825,
      "months": [
        3,
        4,
        5
      ]
    },
    "AMJ": {
      "efp": 0.019812483104415305,
      "months": [
        4,
        5,
        6
      ]
    },
    "MJJ": {
      "efp": 0.012484161010854864,
      "months": [
        5,
        6,
        7
      ]
    },
    "JJA": {
      "efp": 0.011335459945363625,
      "months": [
        6,
        7,
        8
      ]
    },
    "JAS": {
      "efp": 0.014281343793830788,
      "months": [
        7,
        8,
        9
      ]
    },
    "ASO": {
      "efp": 0.021049208697817436,
      "months": [
        8,
        9,
        10
      ]
    },
    "SON": {
      "efp": 0.02905614427821489,
      "months": [
        9,
        10,
        11
      ]
    },
    "OND": {
      "efp": 0.022476979485098993,
      "months": [
        10,
        11,
        12
      ]
    },
    "NDJ": {
      "efp": 0.0340918078290824,
      "months": [
        11,
        12,
        1
      ]
    }
  },
  "efp_sh_gt3": {
    "DJF": {
      "efp": 0.14641151044658626,
      "months": [
        12,
        1,
        2
      ]
    },
    "JFM": {
      "efp": 0.0970197536123997,
      "months": [
        1,
        2,
        3
      ]
    },
    "FMA": {
      "efp": 0.1213265989470151,
      "months": [
        2,
        3,
        4
      ]
    },
    "MAM": {
      "efp": 0.16508020683738397,
      "months": [
        3,
        4,
        5
      ]
    },
    "AMJ": {
      "efp": 0.19073457355285672,
      "months": [
        4,
        5,
        6
      ]
    },
    "MJJ": {
      "efp": 0.21468601049470337,
      "months": [
        5,
        6,
        7
      ]
    },
    "JJA": {
      "efp": 0.24827414220160995,
      "months": [
        6,
        7,
        8
      ]
    },
    "JAS": {
      "efp": 0.19769186769872657,
      "months": [
        7,
        8,
        9
      ]
    },
    "ASO": {
      "efp": 0.18718815618815524,
      "months": [
        8,
        9,
        10
      ]
    },
    "SON": {
      "efp": 0.23332481913632153,