{
  "efp_nh": {
    "DJF": {
      "efp": 0.2349066362841466,
      "months": [
        12,
        1,
        2
      ]
    },
    "JFM": {
      "efp": 0.18587650888925317,
      "months": [
        1,
        2,
        3
      ]
    },
    "FMA": {
      "efp": 0.19650074723645994,
      "months": [
        2,
        3,
        4
      ]
    },
    "MAM": {
      "efp": 0.21339278421215804,
      "months": [
        3,
        4,
        5
      ]
    },
    "AMJ": {
      "efp": 0.2580398157071933,
      "months": [
        4,
        5,
        6
      ]
    },
    "MJJ": {
      "efp": 0.2265637059250931,
      "months": [
        5,
        6,
        7
      ]
    },
    "JJA": {
      "efp": 0.18053123033942872,
      "months": [
        6,
        7,
        8
      ]
    },
    "JAS": {
      "efp": 0.17628776408778885,
      "months": [
        7,
        8,
        9
      ]
    },
    "ASO": {
      "efp": 0.14905678119998228,
      "months": [
        8,
        9,
        10
      ]
    },
    "SON": {
      "efp": 0.16395463354946818,
      "months": [
        9,
        10,
        11
      ]
    },
    "OND": {
      "efp": 0.1821913035843353,
      "months": [
        10,
        11,
        12
      ]
    },
    "NDJ": {
      "efp": 0.21274423590114214,
      "months": [
        11,
        12,
        1
      ]
    }
  },
  "efp_nh_123": {
    "DJF": {
      "efp": 0.054840397012479544,
      "months": [
        12,
        1,
        2
      ]
    },
    "JFM": {
      "efp": 0.04657208785794515,
      "months": [
        1,
        2,
        3
      ]
    },
    "FMA": {
      "efp": 0.07539076616262294,
      "months": [
        2,
        3,
        4
      ]
    },
    "MAM": {
      "efp": 0.09079991538590829,
      "months": [
        3,
        4,
        5
      ]
    },
    "AMJ": {
      "efp": 0.10797004814374156,
      "months": [
        4,
        5,
        6
      ]
    },
    "MJJ": {
      "efp": 0.05466635822272864,
      "months": [
        5,
        6,
        7
      ]
    },
    "JJA": {
      "efp": 0.02190554177924558,
      "months": [
        6,
        7,
        8
      ]
    },
    "JAS": {
      "efp": 0.029428281545329706,
      "months": [
        7,
        8,
        9
      ]
    },
    "ASO": {
      "efp": 0.03644182277172083,
      "months": [
        8,
        9,
        10
      ]
    },
    "SON": {
      "efp": 0.041177177220092176,
      "months": [
        9,
        10,
        11
      ]
    },
    "OND": {
      "efp": 0.04100262554499885,
      "months": [
        10,
        11,
        12
      ]
    },
    "NDJ": {
      "efp": 0.05074920681153659,
      "months": [
        11,
        12,
        1
      ]
    }
  },
  "efp_nh_gt3": {
    "DJF": {
      "efp": 0.15475215106109544,
      "months": [
        12,
        1,
        2
      ]
    },
    "JFM": {
      "efp": 0.12092334606259184,
      "months": [
        1,
        2,
        3
      ]
    },
    "FMA": {
      "efp": 0.09343936153711538,
      "months": [
        2,
        3,
        4
      ]
    },
    "MAM": {
      "efp": 0.08499082852121638,
      "months": [
        3,
        4,
        5
      ]
    },
    "AMJ": {
      "efp": 0.12199776328302185,
      "months": [
        4,
        5,
        6
      ]
    },
    "MJJ": {
      "efp": 0.1425103847295083,
      "months": [
        5,
        6,
        7
      ]
    },
    "JJA": {
      "efp": 0.15014706535374364,
      "months": [
        6,
        7,
        8
      ]
    },
    "JAS": {
      "efp": 0.13327692033621114,
      "months": [
        7,
        8,
        9
      ]
    },
    "ASO": {
      "efp": 0.09395358359672183,
      "months": [
        8,
        9,
        10
      ]
    },
    "SON": {
      "efp": 0.12325628040999337,
      "months": [
        9,
        10,
        11
      ]
    },
    "OND": {
      "efp": 0.14422141062900928,
      "months": [
        10,
        11,
        12
      ]
    },
    "NDJ": {
      "efp": 0.15472308076195138,
      "months": [
        11,
        12,
        1
      ]
    }
  },
  "efp_sh": {
    "DJF": {
      "efp": 0.2930121483372342,
      "months": [
        12,
        1,
        2
      ]
    },
    "JFM": {
      "efp": 0.2821739530366983,
      "months": [
        1,
        2,
        3
      ]
    },
    "FMA": {
      "efp": 0.23455571406686143,
      "months": [
        2,
        3,
        4
      ]
    },
    "MAM": {
      "efp": 0.22378514809297004,
      "months": [
        3,
        4,
        5
      ]
    },
    "AMJ": {
      "efp": 0.24691736099400077,
      "months": [
        4,
        5,
        6
      ]
    },
    "MJJ": {
      "efp": 0.2822671119467852,
      "months": [
        5,
        6,
        7
      ]
    },
    "JJA": {
      "efp": 0.3022400884061558,
      "months": [
        6,
        7,
        8
      ]
    },
    "JAS": {
      "efp": 0.3227333553424961,
      "months": [
        7,
        8,
        9
      ]
    },
    "ASO": {
      "efp": 0.3418473011736148,
      "months": [
        8,
        9,
        10
      ]
    },
    "SON": {
      "efp": 0.3375389135517044,
      "months": [
        9,
        10,
        11
      ]
    },
    "OND": {
      "efp": 0.3493004815561769,
      "months": [
        10,
        11,
        12
      ]
    },
    "NDJ": {
      "efp": 0.2931248218597499,
      "months": [
        11,
        12,
        1
      ]
    }
  },
  "efp_sh_123": {
    "DJF": {
      "efp": 0.03865926674839575,
      "months": [
        12,
        1,
        2
      ]
    },
    "JFM": {
      "efp": 0.045957720812548175,
      "months": [
        1,
        2,
        3
      ]
    },
    "FMA": {
      "efp": 0.03387358108792928,
      "months": [
        2,
        3,
        4
      ]
    },
    "MAM": {
      "efp": 0.025242800206552257,
      "months": [
        3,
        4,
        5
      ]
    },
    "AMJ": {
      "efp": 0.00939508615282193,
      "months": [
        4,
        5,
        6
      ]
    },
    "MJJ": {
      "efp": 0.009955638079574208,
      "months": [
        5,
        6,
        7
      ]
    },
    "JJA": {
      "efp": 0.01696001467603424,
      "months": [
        6,
        7,
        8
      ]
    },
    "JAS": {
      "efp": 0.010575632104805,
      "months": [
        7,
        8,
        9
      ]
    },
    "ASO": {
      "efp": 0.009157997782131999,
      "months": [
        8,
        9,
        10
      ]
    },
    "SON": {
      "efp": 0.0075739179851156465,
      "months": [
        9,
        10,
        11
      ]
    },
    "OND": {
      "efp": 0.017523630861773637,
      "months": [
        10,
        11,
        12
      ]
    },
    "NDJ": {
      "efp": 0.0258242717472188,
      "months": [
        11,
        12,
        1
      ]
    }
  },
  "efp_sh_gt3": {
    "DJF": {
      "efp": 0.2310719448975643,
      "months": [
        12,
        1,
        2
      ]
    },
    "JFM": {
      "efp": 0.2058515081606347,
      "months": [
        1,
        2,
        3
      ]
    },
    "FMA": {
      "efp": 0.18057629067467607,
      "months": [
        2,
        3,
        4
      ]
    },
    "MAM": {
      "efp": 0.16999992849582407,
      "months": [
        3,
        4,
        5
      ]
    },
    "AMJ": {
      "efp": 0.18125313958551456,
      "months": [
        4,
        5,
        6
      ]
    },
    "MJJ": {
      "efp": 0.1880318784965361,
      "months": [
        5,
        6,
        7
      ]
    },
    "JJA": {
      "efp": 0.22237465874813295,
      "months": [
        6,
        7,
        8
      ]
    },
    "JAS": {
      "efp": 0.254592942325784,
      "months": [
        7,
        8,
        9
      ]
    },
    "ASO": {
      "efp": 0.260825453625192,
      "months": [
        8,
        9,
        10
      ]
    },
    "SON": {
      "efp": 0.2640273008814636,
      "months": [
        9,
        10,
        11
      ]
    },