{
  "efp_nh": {
    "DJF": {
      "efp": 0.2549221171424467,
      "months": [
        12,
        1,
        2
      ]
    },
    "JFM": {
      "efp": 0.2817021535357193,
      "months": [
        1,
        2,
        3
      ]
    },
    "FMA": {
      "efp": 0.2877465981575448,
      "months": [
        2,
        3,
        4
      ]
    },
    "MAM": {
      "efp": 0.2112041631887082,
      "months": [
        3,
        4,
        5
      ]
    },
    "AMJ": {
      "efp": 0.17550396000379329,
      "months": [
        4,
        5,
        6
      ]
    },
    "MJJ": {
      "efp": 0.16183772369141353,
      "months": [
        5,
        6,
        7
      ]
    },
    "JJA": {
      "efp": 0.13508162795424616,
      "months": [
        6,
        7,
        8
      ]
    },
    "JAS": {
      "efp": 0.119803625302494,
      "months": [
        7,
        8,
        9
      ]
    },
    "ASO": {
      "efp": 0.09495256901751607,
      "months": [
        8,
        9,
        10
      ]
    },
    "SON": {
      "efp": 0.11071785613818427,
      "months": [
        9,
        10,
        11
      ]
    },
    "OND": {
      "efp": 0.17382691774676903,
      "months": [
        10,
        11,
        12
      ]
    },
    "NDJ": {
      "efp": 0.2444527857189819,
      "months": [
        11,
        12,
        1
      ]
    }
  },
  "efp_nh_123": {
    "DJF": {
      "efp": 0.1042235613953733,
      "months": [
        12,
        1,
        2
      ]
    },
    "JFM": {
      "efp": 0.12007131929738653,
      "months": [
        1,
        2,
        3
      ]
    },
    "FMA": {
      "efp": 0.09705180059062186,
      "months": [
        2,
        3,
        4
      ]
    },
    "MAM": {
      "efp": 0.061867407167173594,
      "months": [
        3,
        4,
        5
      ]
    },
    "AMJ": {
      "efp": 0.03677615986202693,
      "months": [
        4,
        5,
        6
      ]
    },
    "MJJ": {
      "efp": 0.033775795231775964,
      "months": [
        5,
        6,
        7
      ]
    },
    "JJA": {
      "efp": 0.019258566902310547,
      "months": [
        6,
        7,
        8
      ]
    },
    "JAS": {
      "efp": 0.02218703770505616,
      "months": [
        7,
        8,
        9
      ]
    },
    "ASO": {
      "efp": 0.013986775117946895,
      "months": [
        8,
        9,
        10
      ]
    },
    "SON": {
      "efp": 0.011728316159260377,
      "months": [
        9,
        10,
        11
      ]
    },
    "OND": {
      "efp": 0.03622761989692563,
      "months": [
        10,
        11,
        12
      ]
    },
    "NDJ": {
      "efp": 0.06940094110453697,
      "months": [
        11,
        12,
        1
      ]
    }
  },
  "efp_nh_gt3": {
    "DJF": {
      "efp": 0.11982045134952549,
      "months": [
        12,
        1,
        2
      ]
    },
    "JFM": {
      "efp": 0.11065229267295949,
      "months": [
        1,
        2,
        3
      ]
    },
    "FMA": {
      "efp": 0.13577710747062033,
      "months": [
        2,
        3,
        4
      ]
    },
    "MAM": {
      "efp": 0.11622868246725011,
      "months": [
        3,
        4,
        5
      ]
    },
    "AMJ": {
      "efp": 0.13556769214134884,
      "months": [
        4,
        5,
        6
      ]
    },
    "MJJ": {
      "efp": 0.11565771333944387,
      "months": [
        5,
        6,
        7
      ]
    },
    "JJA": {
      "efp": 0.09406160223610346,
      "months": [
        6,
        7,
        8
      ]
    },
    "JAS": {
      "efp": 0.08204502794149862,
      "months": [
        7,
        8,
        9
      ]
    },
    "ASO": {
      "efp": 0.06492023926249933,
      "months": [
        8,
        9,
        10
      ]
    },
    "SON": {
      "efp": 0.08447044409649664,
      "months": [
        9,
        10,
        11
      ]
    },
    "OND": {
      "efp": 0.11253194635592698,
      "months": [
        10,
        11,
        12
      ]
    },
    "NDJ": {
      "efp": 0.15259872138191835,
      "months": [
        11,
        12,
        1
      ]
    }
  },
  "efp_sh": {
    "DJF": {
      "efp": 0.1592540281684084,
      "months": [
        12,
        1,
        2
      ]
    },
    "JFM": {
      "efp": 0.12543869629885415,
      "months": [
        1,
        2,
        3
      ]
    },
    "FMA": {
      "efp": 0.11512906723439623,
      "months": [
        2,
        3,
        4
      ]
    },
    "MAM": {
      "efp": 0.15622101839706032,
      "months": [
        3,
        4,
        5
      ]
    },
    "AMJ": {
      "efp": 0.1812397074439015,
      "months": [
        4,
        5,
        6
      ]
    },
    "MJJ": {
      "efp": 0.23550368530729757,
      "months": [
        5,
        6,
        7
      ]
    },
    "JJA": {
      "efp": 0.2864428820425925,
      "months": [
        6,
        7,
        8
      ]
    },
    "JAS": {
      "efp": 0.287398225604801,
      "months": [
        7,
        8,
        9
      ]
    },
    "ASO": {
      "efp": 0.28746159621837725,
      "months": [
        8,
        9,
        10
      ]
    },
    "SON": {
      "efp": 0.2721790657231795,
      "months": [
        9,
        10,
        11
      ]
    },
    "OND": {
      "efp": 0.2264413139115166,
      "months": [
        10,
        11,
        12
      ]
    },
    "NDJ": {
      "efp": 0.19786416014243044,
      "months": [
        11,
        12,
        1
      ]
    }
  },
  "efp_sh_123": {
    "DJF": {
      "efp": 0.036257822836672796,
      "months": [
        12,
        1,
        2
      ]
    },
    "JFM": {
      "efp": 0.027670471235286535,
      "months": [
        1,
        2,
        3
      ]
    },
    "FMA": {
      "efp": 0.025957985163589697,
      "months": [
        2,
        3,
        4
      ]
    },
    "MAM": {
      "efp": 0.01228432057008103,
      "months": [
        3,
        4,
        5
      ]
    },
    "AMJ": {
      "efp": 0.009242783020294933,
      "months": [
        4,
        5,
        6
      ]
    },
    "MJJ": {
      "efp": 0.013183150505154092,
      "months": [
        5,
        6,
        7
      ]
    },
    "JJA": {
      "efp": 0.013896624649335354,
      "months": [
        6,
        7,
        8
      ]
    },
    "JAS": {
      "efp": 0.010344893139055053,
      "months": [
        7,
        8,
        9
      ]
    },
    "ASO": {
      "efp": 0.014895710738944095,
      "months": [
        8,
        9,
        10
      ]
    },
    "SON": {
      "efp": 0.023685116065535715,
      "months": [
        9,
        10,
        11
      ]
    },
    "OND": {
      "efp": 0.021700952865647903,
      "months": [
        10,
        11,
        12
      ]
    },
    "NDJ": {
      "efp": 0.02269654442482899,
      "months": [
        11,
        12,
        1
      ]
    }
  },
  "efp_sh_gt3": {
    "DJF": {
      "efp": 0.12167625778855186,
      "months": [
        12,
        1,
        2
      ]
    },
    "JFM": {
      "efp": 0.09179725631499192,
      "months": [
        1,
        2,
        3
      ]
    },
    "FMA": {
      "efp": 0.1010875147916842,
      "months": [
        2,
        3,
        4
      ]
    },
    "MAM": {
      "efp": 0.1178674766172913,
      "months": [
        3,
        4,
        5
      ]
    },
    "AMJ": {
      "efp": 0.1258876075833582,
      "months": [
        4,
        5,
        6
      ]
    },
    "MJJ": {
      "efp": 0.14930387195227074,
      "months": [
        5,
        6,
        7
      ]
    },
    "JJA": {
      "efp": 0.16528453038270413,
      "months": [
        6,
        7,
        8
      ]
    },
    "JAS": {
      "efp": 0.1792145998957798,
      "months": [
        7,
        8,
        9
      ]
    },
    "ASO": {
      "efp": 0.18892255422938253,
      "months": [
        8,
        9,
        10
      ]
    },
    "SON": {
      "efp": 0.18765553014660688,