{
  "efp_nh": {
    "DJF": {
      "efp": 0.24584847674102944,
      "months": [
        12,
        1,
        2
      ]
    },
    "JFM": {
      "efp": 0.27300115266054836,
      "months": [
        1,
        2,
        3
      ]
    },
    "FMA": {
      "efp": 0.1958485332795407,
      "months": [
        2,
        3,
        4
      ]
    },
    "MAM": {
      "efp": 0.1702726737604224,
      "months": [
        3,
        4,
        5
      ]
    },
    "AMJ": {
      "efp": 0.16684560158676218,
      "months": [
        4,
        5,
        6
      ]
    },
    "MJJ": {
      "efp": 0.1810585122350932,
      "months": [
        5,
        6,
        7
      ]
    },
    "JJA": {
      "efp": 0.1525323802608436,
      "months": [
        6,
        7,
        8
      ]
    },
    "JAS": {
      "efp": 0.12472893370390047,
      "months": [
        7,
        8,
        9
      ]
    },
    "ASO": {
      "efp": 0.1636517624514342,
      "months": [
        8,
        9,
        10
      ]
    },
    "SON": {
      "efp": 0.1501042512337174,
      "months": [
        9,
        10,
        11
      ]
    },
    "OND": {
      "efp": 0.17225183788100548,
      "months": [
        10,
        11,
        12
      ]
    },
    "NDJ": {
      "efp": 0.21342699214783106,
      "months": [
        11,
        12,
        1
      ]
    }
  },
  "efp_nh_123": {
    "DJF": {
      "efp": 0.07209841165816168,
      "months": [
        12,
        1,
        2
      ]
    },
    "JFM": {
      "efp": 0.06533013242211677,
      "months": [
        1,
        2,
        3
      ]
    },
    "FMA": {
      "efp": 0.03662345809528052,
      "months": [
        2,
        3,
        4
      ]
    },
    "MAM": {
      "efp": 0.034424927197997425,
      "months": [
        3,
        4,
        5
      ]
    },
    "AMJ": {
      "efp": 0.01917997807499157,
      "months": [
        4,
        5,
        6
      ]
    },
    "MJJ": {
      "efp": 0.030379486033633482,
      "months": [
        5,
        6,
        7
      ]
    },
    "JJA": {
      "efp": 0.0291883918518081,
      "months": [
        6,
        7,
        8
      ]
    },
    "JAS": {
      "efp": 0.021884041192714903,
      "months": [
        7,
        8,
        9
      ]
    },
    "ASO": {
      "efp": 0.024738269229244377,
      "months": [
        8,
        9,
        10
      ]
    },
    "SON": {
      "efp": 0.020568289680840363,
      "months": [
        9,
        10,
        11
      ]
    },
    "OND": {
      "efp": 0.04816739831244652,
      "months": [
        10,
        11,
        12
      ]
    },
    "NDJ": {
      "efp": 0.06912384135161366,
      "months": [
        11,
        12,
        1
      ]
    }
  },
  "efp_nh_gt3": {
    "DJF": {
      "efp": 0.11161668053193682,
      "months": [
        12,
        1,
        2
      ]
    },
    "JFM": {
      "efp": 0.1372863024168551,
      "months": [
        1,
        2,
        3
      ]
    },
    "FMA": {
      "efp": 0.11279490768756364,
      "months": [
        2,
        3,
        4
      ]
    },
    "MAM": {
      "efp": 0.1203968093672805,
      "months": [
        3,
        4,
        5
      ]
    },
    "AMJ": {
      "efp": 0.11523327828161736,
      "months": [
        4,
        5,
        6
      ]
    },
    "MJJ": {
      "efp": 0.11716606114169079,
      "months": [
        5,
        6,
        7
      ]
    },
    "JJA": {
      "efp": 0.1256051489512307,
      "months": [
        6,
        7,
        8
      ]
    },
    "JAS": {
      "efp": 0.10705185372876891,
      "months": [
        7,
        8,
        9
      ]
    },
    "ASO": {
      "efp": 0.12402889247280365,
      "months": [
        8,
        9,
        10
      ]
    },
    "SON": {
      "efp": 0.11095423029627323,
      "months": [
        9,
        10,
        11
      ]
    },
    "OND": {
      "efp": 0.09339755673837172,
      "months": [
        10,
        11,
        12
      ]
    },
    "NDJ": {
      "efp": 0.11911719449772955,
      "months": [
        11,
        12,
        1
      ]
    }
  },
  "efp_sh": {
    "DJF": {
      "efp": 0.178462582057051,
      "months": [
        12,
        1,
        2
      ]
    },
    "JFM": {
      "efp": 0.16791839343866585,
      "months": [
        1,
        2,
        3
      ]
    },
    "FMA": {
      "efp": 0.17067944026362447,
      "months": [
        2,
        3,
        4
      ]
    },
    "MAM": {
      "efp": 0.26204054986701686,
      "months": [
        3,
        4,
        5
      ]
    },
    "AMJ": {
      "efp": 0.2737169666957472,
      "months": [
        4,
        5,
        6
      ]
    },
    "MJJ": {
      "efp": 0.2641291759824595,
      "months": [
        5,
        6,
        7
      ]
    },
    "JJA": {
      "efp": 0.3012221537927203,
      "months": [
        6,
        7,
        8
      ]
    },
    "JAS": {
      "efp": 0.30998992031474903,
      "months": [
        7,
        8,
        9
      ]
    },
    "ASO": {
      "efp": 0.2942519175159787,
      "months": [
        8,
        9,
        10
      ]
    },
    "SON": {
      "efp": 0.32809880175073797,
      "months": [
        9,
        10,
        11
      ]
    },
    "OND": {
      "efp": 0.2936162897507155,
      "months": [
        10,
        11,
        12
      ]
    },
    "NDJ": {
      "efp": 0.22658819554410972,
      "months": [
        11,
        12,
        1
      ]
    }
  },
  "efp_sh_123": {
    "DJF": {
      "efp": 0.03210834764067606,
      "months": [
        12,
        1,
        2
      ]
    },
    "JFM": {
      "efp": 0.021425604941472387,
      "months": [
        1,
        2,
        3
      ]
    },
    "FMA": {
      "efp": 0.008855137731718973,
      "months": [
        2,
        3,
        4
      ]
    },
    "MAM": {
      "efp": 0.005660149211360514,
      "months": [
        3,
        4,
        5
      ]
    },
    "AMJ": {
      "efp": 0.011140875854905934,
      "months": [
        4,
        5,
        6
      ]
    },
    "MJJ": {
      "efp": 0.00978719868516983,
      "months": [
        5,
        6,
        7
      ]
    },
    "JJA": {
      "efp": 0.011237562783450911,
      "months": [
        6,
        7,
        8
      ]
    },
    "JAS": {
      "efp": 0.01017928470657197,
      "months": [
        7,
        8,
        9
      ]
    },
    "ASO": {
      "efp": 0.015206143172490213,
      "months": [
        8,
        9,
        10
      ]
    },
    "SON": {
      "efp": 0.014492029453766854,
      "months": [
        9,
        10,
        11
      ]
    },
    "OND": {
      "efp": 0.023414790170246898,
      "months": [
        10,
        11,
        12
      ]
    },
    "NDJ": {
      "efp": 0.0323132489344037,
      "months": [
        11,
        12,
        1
      ]
    }
  },
  "efp_sh_gt3": {
    "DJF": {
      "efp": 0.13125323137887274,
      "months": [
        12,
        1,
        2
      ]
    },
    "JFM": {
      "efp": 0.1272116151772276,
      "months": [
        1,
        2,
        3
      ]
    },
    "FMA": {
      "efp": 0.13155906514403556,
      "months": [
        2,
        3,
        4
      ]
    },
    "MAM": {
      "efp": 0.207939502084153,
      "months": [
        3,
        4,
        5
      ]
    },
    "AMJ": {
      "efp": 0.21240005509736545,
      "months": [
        4,
        5,
        6
      ]
    },
    "MJJ": {
      "efp": 0.19553689150213435,
      "months": [
        5,
        6,
        7
      ]
    },
    "JJA": {
      "efp": 0.23067762113808654,
      "months": [
        6,
        7,
        8
      ]
    },
    "JAS": {
      "efp": 0.24274042659318423,
      "months": [
        7,
        8,
        9
      ]
    },
    "ASO": {
      "efp": 0.2436999712424366,
      "months": [
        8,
        9,
        10
      ]
    },
    "SON": {
      "efp": 0.2719619292574546,
      "months": [
        9,
        10,
        11
      ]
    },