{
  "efp_nh": {
    "DJF": {
      "efp": 0.2765426980526763,
      "months": [
        12,
        1,
        2
      ]
    },
    "JFM": {
      "efp": 0.29697784727526905,
      "months": [
        1,
        2,
        3
      ]
    },
    "FMA": {
      "efp": 0.2517999785197794,
      "months": [
        2,
        3,
        4
      ]
    },
    "MAM": {
      "efp": 0.2285344066099957,
      "months": [
        3,
        4,
        5
      ]
    },
    "AMJ": {
      "efp": 0.19006292677647374,
      "months": [
        4,
        5,
        6
      ]
    },
    "MJJ": {
      "efp": 0.16575761997401708,
      "months": [
        5,
        6,
        7
      ]
    },
    "JJA": {
      "efp": 0.11911359002229628,
      "months": [
        6,
        7,
        8
      ]
    },
    "JAS": {
      "efp": 0.10782593836040591,
      "months": [
        7,
        8,
        9
      ]
    },
    "ASO": {
      "efp": 0.12787288105412908,
      "months": [
        8,
        9,
        10
      ]
    },
    "SON": {
      "efp": 0.11719687919150219,
      "months": [
        9,
        10,
        11
      ]
    },
    "OND": {
      "efp": 0.1345254130843063,
      "months": [
        10,
        11,
        12
      ]
    },
    "NDJ": {
      "efp": 0.20960675073613894,
      "months": [
        11,
        12,
        1
      ]
    }
  },
  "efp_nh_123": {
    "DJF": {
      "efp": 0.12018493162182778,
      "months": [
        12,
        1,
        2
      ]
    },
    "JFM": {
      "efp": 0.12087265402571282,
      "months": [
        1,
        2,
        3
      ]
    },
    "FMA": {
      "efp": 0.0858345398528519,
      "months": [
        2,
        3,
        4
      ]
    },
    "MAM": {
      "efp": 0.061226666761105795,
      "months": [
        3,
        4,
        5
      ]
    },
    "AMJ": {
      "efp": 0.04732342006620094,
      "months": [
        4,
        5,
        6
      ]
    },
    "MJJ": {
      "efp": 0.03576030836002858,
      "months": [
        5,
        6,
        7
      ]
    },
    "JJA": {
      "efp": 0.02664333868505547,
      "months": [
        6,
        7,
        8
      ]
    },
    "JAS": {
      "efp": 0.02338087490088193,
      "months": [
        7,
        8,
        9
      ]
    },
    "ASO": {
      "efp": 0.013828206665547621,
      "months": [
        8,
        9,
        10
      ]
    },
    "SON": {
      "efp": 0.016003585607470186,
      "months": [
        9,
        10,
        11
      ]
    },
    "OND": {
      "efp": 0.02592042916927153,
      "months": [
        10,
        11,
        12
      ]
    },
    "NDJ": {
      "efp": 0.07309475671635991,
      "months": [
        11,
        12,
        1
      ]
    }
  },
  "efp_nh_gt3": {
    "DJF": {
      "efp": 0.11960818982365552,
      "months": [
        12,
        1,
        2
      ]
    },
    "JFM": {
      "efp": 0.13816271720572004,
      "months": [
        1,
        2,
        3
      ]
    },
    "FMA": {
      "efp": 0.13261218009608985,
      "months": [
        2,
        3,
        4
      ]
    },
    "MAM": {
      "efp": 0.12878532240872434,
      "months": [
        3,
        4,
        5
      ]
    },
    "AMJ": {
      "efp": 0.11727383960924781,
      "months": [
        4,
        5,
        6
      ]
    },
    "MJJ": {
      "efp": 0.09763227434052887,
      "months": [
        5,
        6,
        7
      ]
    },
    "JJA": {
      "efp": 0.07747547732390353,
      "months": [
        6,
        7,
        8
      ]
    },
    "JAS": {
      "efp": 0.0771091154326871,
      "months": [
        7,
        8,
        9
      ]
    },
    "ASO": {
      "efp": 0.09351710634894322,
      "months": [
        8,
        9,
        10
      ]
    },
    "SON": {
      "efp": 0.10221161595297108,
      "months": [
        9,
        10,
        11
      ]
    },
    "OND": {
      "efp": 0.11048325922658307,
      "months": [
        10,
        11,
        12
      ]
    },
    "NDJ": {
      "efp": 0.10314882906656409,
      "months": [
        11,
        12,
        1
      ]
    }
  },
  "efp_sh": {
    "DJF": {
      "efp": 0.18432393496857574,
      "months": [
        12,
        1,
        2
      ]
    },
    "JFM": {
      "efp": 0.1487902383462935,
      "months": [
        1,
        2,
        3
      ]
    },
    "FMA": {
      "efp": 0.1585821444512609,
      "months": [
        2,
        3,
        4
      ]
    },
    "MAM": {
      "efp": 0.210283688342692,
      "months": [
        3,
        4,
        5
      ]
    },
    "AMJ": {
      "efp": 0.2296153527077651,
      "months": [
        4,
        5,
        6
      ]
    },
    "MJJ": {
      "efp": 0.2602378223719535,
      "months": [
        5,
        6,
        7
      ]
    },
    "JJA": {
      "efp": 0.2833068744004145,
      "months": [
        6,
        7,
        8
      ]
    },
    "JAS": {
      "efp": 0.3063199952101483,
      "months": [
        7,
        8,
        9
      ]
    },
    "ASO": {
      "efp": 0.3066552824121146,
      "months": [
        8,
        9,
        10
      ]
    },
    "SON": {
      "efp": 0.26498164087457043,
      "months": [
        9,
        10,
        11
      ]
    },
    "OND": {
      "efp": 0.23211066602248837,
      "months": [
        10,
        11,
        12
      ]
    },
    "NDJ": {
      "efp": 0.22439957363898902,
      "months": [
        11,
        12,
        1
      ]
    }
  },
  "efp_sh_123": {
    "DJF": {
      "efp": 0.01703911122033337,
      "months": [
        12,
        1,
        2
      ]
    },
    "JFM": {
      "efp": 0.019279363110592796,
      "months": [
        1,
        2,
        3
      ]
    },
    "FMA": {
      "efp": 0.01153578915184832,
      "months": [
        2,
        3,
        4
      ]
    },
    "MAM": {
      "efp": 0.010689586069910145,
      "months": [
        3,
        4,
        5
      ]
    },
    "AMJ": {
      "efp": 0.006284057936458478,
      "months": [
        4,
        5,
        6
      ]
    },
    "MJJ": {
      "efp": 0.009556222400493397,
      "months": [
        5,
        6,
        7
      ]
    },
    "JJA": {
      "efp": 0.011882547773845193,
      "months": [
        6,
        7,
        8
      ]
    },
    "JAS": {
      "efp": 0.018986925323143566,
      "months": [
        7,
        8,
        9
      ]
    },
    "ASO": {
      "efp": 0.027933408801591467,
      "months": [
        8,
        9,
        10
      ]
    },
    "SON": {
      "efp": 0.03627539263624398,
      "months": [
        9,
        10,
        11
      ]
    },
    "OND": {
      "efp": 0.028521345703490717,
      "months": [
        10,
        11,
        12
      ]
    },
    "NDJ": {
      "efp": 0.030752189102091855,
      "months": [
        11,
        12,
        1
      ]
    }
  },
  "efp_sh_gt3": {
    "DJF": {
      "efp": 0.14514886174541475,
      "months": [
        12,
        1,
        2
      ]
    },
    "JFM": {
      "efp": 0.12821560098623433,
      "months": [
        1,
        2,
        3
      ]
    },
    "FMA": {
      "efp": 0.12536330798107978,
      "months": [
        2,
        3,
        4
      ]
    },
    "MAM": {
      "efp": 0.15731459647670754,
      "months": [
        3,
        4,
        5
      ]
    },
    "AMJ": {
      "efp": 0.1668555502178146,
      "months": [
        4,
        5,
        6
      ]
    },
    "MJJ": {
      "efp": 0.19543565918882524,
      "months": [
        5,
        6,
        7
      ]
    },
    "JJA": {
      "efp": 0.20482947279257194,
      "months": [
        6,
        7,
        8
      ]
    },
    "JAS": {
      "efp": 0.22427448118182672,
      "months": [
        7,
        8,
        9
      ]
    },
    "ASO": {
      "efp": 0.23867522796305968,
      "months": [
        8,
        9,
        10
      ]
    },
    "SON": {
      "efp": 0.2076498790880067,