{
  "efp_nh": {
    "DJF": {
      "efp": 0.2962917685508728,
      "months": [
        12,
        1,
        2
      ]
    },
    "JFM": {
      "efp": 0.2655835449695587,
      "months": [
        1,
        2,
        3
      ]
    },
    "FMA": {
      "efp": 0.30955222249031067,
      "months": [
        2,
        3,
        4
      ]
    },
    "MAM": {
      "efp": 0.2815728187561035,
      "months": [
        3,
        4,
        5
      ]
    },
    "AMJ": {
      "efp": 0.3096209466457367,
      "months": [
        4,
        5,
        6
      ]
    },
    "MJJ": {
      "efp": 0.21833699941635132,
      "months": [
        5,
        6,
        7
      ]
    },
    "JJA": {
      "efp": 0.15760186314582825,
      "months": [
        6,
        7,
        8
      ]
    },
    "JAS": {
      "efp": 0.14919212460517883,
      "months": [
        7,
        8,
        9
      ]
    },
    "ASO": {
      "efp": 0.15993013978004456,
      "months": [
        8,
        9,
        10
      ]
    },
    "SON": {
      "efp": 0.22458545863628387,
      "months": [
        9,
        10,
        11
      ]
    },
    "OND": {
      "efp": 0.2687963545322418,
      "months": [
        10,
        11,
        12
      ]
    },
    "NDJ": {
      "efp": 0.29119572043418884,
      "months": [
        11,
        12,
        1
      ]
    }
  },
  "efp_nh_123": {
    "DJF": {
      "efp": NaN,
      "months": [
        12,
        1,
        2
      ]
    },
    "JFM": {
      "efp": NaN,
      "months": [
        1,
        2,
        3
      ]
    },
    "FMA": {
      "efp": NaN,
      "months": [
        2,
        3,
        4
      ]
    },
    "MAM": {
      "efp": NaN,
      "months": [
        3,
        4,
        5
      ]
    },
    "AMJ": {
      "efp": NaN,
      "months": [
        4,
        5,
        6
      ]
    },
    "MJJ": {
      "efp": NaN,
      "months": [
        5,
        6,
        7
      ]
    },
    "JJA": {
      "efp": NaN,
      "months": [
        6,
        7,
        8
      ]
    },
    "JAS": {
      "efp": NaN,
      "months": [
        7,
        8,
        9
      ]
    },
    "ASO": {
      "efp": NaN,
      "months": [
        8,
        9,
        10
      ]
    },
    "SON": {
      "efp": NaN,
      "months": [
        9,
        10,
        11
      ]
    },
    "OND": {
      "efp": NaN,
      "months": [
        10,
        11,
        12
      ]
    },
    "NDJ": {
      "efp": NaN,
      "months": [
        11,
        12,
        1
      ]
    }
  },
  "efp_nh_gt3": {
    "DJF": {
      "efp": 0.29646271597730073,
      "months": [
        12,
        1,
        2
      ]
    },
    "JFM": {
      "efp": 0.2656811827906577,
      "months": [
        1,
        2,
        3
      ]
    },
    "FMA": {
      "efp": 0.3095522426687241,
      "months": [
        2,
        3,
        4
      ]
    },
    "MAM": {
      "efp": 0.2815728139163681,
      "months": [
        3,
        4,
        5
      ]
    },
    "AMJ": {
      "efp": 0.30962095295454684,
      "months": [
        4,
        5,
        6
      ]
    },
    "MJJ": {
      "efp": 0.21833699245677957,
      "months": [
        5,
        6,
        7
      ]
    },
    "JJA": {
      "efp": 0.1576018625768799,
      "months": [
        6,
        7,
        8
      ]
    },
    "JAS": {
      "efp": 0.1491921126248406,
      "months": [
        7,
        8,
        9
      ]
    },
    "ASO": {
      "efp": 0.1599301421965771,
      "months": [
        8,
        9,
        10
      ]
    },
    "SON": {
      "efp": 0.22458546062939644,
      "months": [
        9,
        10,
        11
      ]
    },
    "OND": {
      "efp": 0.2687963651999908,
      "months": [
        10,
        11,
        12
      ]
    },
    "NDJ": {
      "efp": 0.2912372256204868,
      "months": [
        11,
        12,
        1
      ]
    }
  },
  "efp_sh": {
    "DJF": {
      "efp": 0.2904261350631714,
      "months": [
        12,
        1,
        2
      ]
    },
    "JFM": {
      "efp": 0.24578841030597687,
      "months": [
        1,
        2,
        3
      ]
    },
    "FMA": {
      "efp": 0.2694902718067169,
      "months": [
        2,
        3,
        4
      ]
    },
    "MAM": {
      "efp": 0.23776286840438843,
      "months": [
        3,
        4,
        5
      ]
    },
    "AMJ": {
      "efp": 0.39851611852645874,
      "months": [
        4,
        5,
        6
      ]
    },
    "MJJ": {
      "efp": 0.3412126898765564,
      "months": [
        5,
        6,
        7
      ]
    },
    "JJA": {
      "efp": 0.3948708474636078,
      "months": [
        6,
        7,
        8
      ]
    },
    "JAS": {
      "efp": 0.385819673538208,
      "months": [
        7,
        8,
        9
      ]
    },
    "ASO": {
      "efp": 0.34494736790657043,
      "months": [
        8,
        9,
        10
      ]
    },
    "SON": {
      "efp": 0.32733941078186035,
      "months": [
        9,
        10,
        11
      ]
    },
    "OND": {
      "efp": 0.2734006941318512,
      "months": [
        10,
        11,
        12
      ]
    },
    "NDJ": {
      "efp": 0.2881787121295929,
      "months": [
        11,
        12,
        1
      ]
    }
  },
  "efp_sh_123": {
    "DJF": {
      "efp": NaN,
      "months": [
        12,
        1,
        2
      ]
    },
    "JFM": {
      "efp": NaN,
      "months": [
        1,
        2,
        3
      ]
    },
    "FMA": {
      "efp": NaN,
      "months": [
        2,
        3,
        4
      ]
    },
    "MAM": {
      "efp": NaN,
      "months": [
        3,
        4,
        5
      ]
    },
    "AMJ": {
      "efp": NaN,
      "months": [
        4,
        5,
        6
      ]
    },
    "MJJ": {
      "efp": NaN,
      "months": [
        5,
        6,
        7
      ]
    },
    "JJA": {
      "efp": NaN,
      "months": [
        6,
        7,
        8
      ]
    },
    "JAS": {
      "efp": NaN,
      "months": [
        7,
        8,
        9
      ]
    },
    "ASO": {
      "efp": NaN,
      "months": [
        8,
        9,
        10
      ]
    },
    "SON": {
      "efp": NaN,
      "months": [
        9,
        10,
        11
      ]
    },
    "OND": {
      "efp": NaN,
      "months": [
        10,
        11,
        12
      ]
    },
    "NDJ": {
      "efp": NaN,
      "months": [
        11,
        12,
        1
      ]
    }
  },
  "efp_sh_gt3": {
    "DJF": {
      "efp": 0.2904261595968494,
      "months": [
        12,
        1,
        2
      ]
    },
    "JFM": {
      "efp": 0.2457884130653198,
      "months": [
        1,
        2,
        3
      ]
    },
    "FMA": {
      "efp": 0.26949027431326106,
      "months": [
        2,
        3,
        4
      ]
    },
    "MAM": {
      "efp": 0.23776286843736125,
      "months": [
        3,
        4,
        5
      ]
    },
    "AMJ": {
      "efp": 0.3985160714541427,
      "months": [
        4,
        5,
        6
      ]
    },
    "MJJ": {
      "efp": 0.34121269149746136,
      "months": [
        5,
        6,
        7
      ]
    },
    "JJA": {
      "efp": 0.39487084696182534,
      "months": [
        6,
        7,
        8
      ]
    },
    "JAS": {
      "efp": 0.385819731893822,
      "months": [
        7,
        8,
        9
      ]
    },
    "ASO": {
      "efp": 0.3449473667907395,
      "months": [
        8,
        9,
        10
      ]
    },
    "SON": {
      "efp": 0.32733938133230345,
      "months": [
        9,
        10,
        11
      ]
    },
    "OND": {
      "efp": 0.2734007395735167,
      "months": [
        10,
        11,
        12
      ]
    },
    "NDJ": {
      "efp": 0.28817871817880214,
      "months": [
        11,
        12,
        1
      ]
    }
  }
}