{
  "efp_nh": {
    "DJF": {
      "efp": 0.21933483774645018,
      "months": [
        12,
        1,
        2
      ]
    },
    "JFM": {
      "efp": 0.21601793269655958,
      "months": [
        1,
        2,
        3
      ]
    },
    "FMA": {
      "efp": 0.24727968716244644,
      "months": [
        2,
        3,
        4
      ]
    },
    "MAM": {
      "efp": 0.23757389402980453,
      "months": [
        3,
        4,
        5
      ]
    },
    "AMJ": {
      "efp": 0.169121245411194,
      "months": [
        4,
        5,
        6
      ]
    },
    "MJJ": {
      "efp": 0.13289497310566395,
      "months": [
        5,
        6,
        7
      ]
    },
    "JJA": {
      "efp": 0.12819317436444144,
      "months": [
        6,
        7,
        8
      ]
    },
    "JAS": {
      "efp": 0.10819913388674746,
      "months": [
        7,
        8,
        9
      ]
    },
    "ASO": {
      "efp": 0.10396212509627285,
      "months": [
        8,
        9,
        10
      ]
    },
    "SON": {
      "efp": 0.1396632044040991,
      "months": [
        9,
        10,
        11
      ]
    },
    "OND": {
      "efp": 0.23318611808078146,
      "months": [
        10,
        11,
        12
      ]
    },
    "NDJ": {
      "efp": 0.2039071214559626,
      "months": [
        11,
        12,
        1
      ]
    }
  },
  "efp_nh_123": {
    "DJF": {
      "efp": 0.09286445747324532,
      "months": [
        12,
        1,
        2
      ]
    },
    "JFM": {
      "efp": 0.09697558622754407,
      "months": [
        1,
        2,
        3
      ]
    },
    "FMA": {
      "efp": 0.07449039269861124,
      "months": [
        2,
        3,
        4
      ]
    },
    "MAM": {
      "efp": 0.0639665490944827,
      "months": [
        3,
        4,
        5
      ]
    },
    "AMJ": {
      "efp": 0.03690874954267391,
      "months": [
        4,
        5,
        6
      ]
    },
    "MJJ": {
      "efp": 0.038312706608197904,
      "months": [
        5,
        6,
        7
      ]
    },
    "JJA": {
      "efp": 0.03652981705730391,
      "months": [
        6,
        7,
        8
      ]
    },
    "JAS": {
      "efp": 0.031868966513298694,
      "months": [
        7,
        8,
        9
      ]
    },
    "ASO": {
      "efp": 0.027152037992486437,
      "months": [
        8,
        9,
        10
      ]
    },
    "SON": {
      "efp": 0.048546092515789535,
      "months": [
        9,
        10,
        11
      ]
    },
    "OND": {
      "efp": 0.07187344609817045,
      "months": [
        10,
        11,
        12
      ]
    },
    "NDJ": {
      "efp": 0.0804210432325336,
      "months": [
        11,
        12,
        1
      ]
    }
  },
  "efp_nh_gt3": {
    "DJF": {
      "efp": 0.13025954634528636,
      "months": [
        12,
        1,
        2
      ]
    },
    "JFM": {
      "efp": 0.0929934706840398,
      "months": [
        1,
        2,
        3
      ]
    },
    "FMA": {
      "efp": 0.12505191322450354,
      "months": [
        2,
        3,
        4
      ]
    },
    "MAM": {
      "efp": 0.1254184001843895,
      "months": [
        3,
        4,
        5
      ]
    },
    "AMJ": {
      "efp": 0.1145676396285863,
      "months": [
        4,
        5,
        6
      ]
    },
    "MJJ": {
      "efp": 0.10647576186592926,
      "months": [
        5,
        6,
        7
      ]
    },
    "JJA": {
      "efp": 0.10005042406270721,
      "months": [
        6,
        7,
        8
      ]
    },
    "JAS": {
      "efp": 0.09256197090611308,
      "months": [
        7,
        8,
        9
      ]
    },
    "ASO": {
      "efp": 0.08951079698750386,
      "months": [
        8,
        9,
        10
      ]
    },
    "SON": {
      "efp": 0.07470742170098767,
      "months": [
        9,
        10,
        11
      ]
    },
    "OND": {
      "efp": 0.12624391543203697,
      "months": [
        10,
        11,
        12
      ]
    },
    "NDJ": {
      "efp": 0.14640032277687068,
      "months": [
        11,
        12,
        1
      ]
    }
  },
  "efp_sh": {
    "DJF": {
      "efp": 0.15964526806228452,
      "months": [
        12,
        1,
        2
      ]
    },
    "JFM": {
      "efp": 0.13541711800540832,
      "months": [
        1,
        2,
        3
      ]
    },
    "FMA": {
      "efp": 0.11025876270514566,
      "months": [
        2,
        3,
        4
      ]
    },
    "MAM": {
      "efp": 0.1679953783146141,
      "months": [
        3,
        4,
        5
      ]
    },
    "AMJ": {
      "efp": 0.1946831471523444,
      "months": [
        4,
        5,
        6
      ]
    },
    "MJJ": {
      "efp": 0.2845626171859961,
      "months": [
        5,
        6,
        7
      ]
    },
    "JJA": {
      "efp": 0.33170772573361607,
      "months": [
        6,
        7,
        8
      ]
    },
    "JAS": {
      "efp": 0.30916945220146747,
      "months": [
        7,
        8,
        9
      ]
    },
    "ASO": {
      "efp": 0.2571732256158766,
      "months": [
        8,
        9,
        10
      ]
    },
    "SON": {
      "efp": 0.21874869660695773,
      "months": [
        9,
        10,
        11
      ]
    },
    "OND": {
      "efp": 0.2017459696988642,
      "months": [
        10,
        11,
        12
      ]
    },
    "NDJ": {
      "efp": 0.17380644951834695,
      "months": [
        11,
        12,
        1
      ]
    }
  },
  "efp_sh_123": {
    "DJF": {
      "efp": 0.027173535792988448,
      "months": [
        12,
        1,
        2
      ]
    },
    "JFM": {
      "efp": 0.018746839475236046,
      "months": [
        1,
        2,
        3
      ]
    },
    "FMA": {
      "efp": 0.023782394860706626,
      "months": [
        2,
        3,
        4
      ]
    },
    "MAM": {
      "efp": 0.032016015228518144,
      "months": [
        3,
        4,
        5
      ]
    },
    "AMJ": {
      "efp": 0.02499111854395998,
      "months": [
        4,
        5,
        6
      ]
    },
    "MJJ": {
      "efp": 0.024259337691392706,
      "months": [
        5,
        6,
        7
      ]
    },
    "JJA": {
      "efp": 0.021023986000151953,
      "months": [
        6,
        7,
        8
      ]
    },
    "JAS": {
      "efp": 0.023230824332028773,
      "months": [
        7,
        8,
        9
      ]
    },
    "ASO": {
      "efp": 0.04127282052640629,
      "months": [
        8,
        9,
        10
      ]
    },
    "SON": {
      "efp": 0.03999514997161027,
      "months": [
        9,
        10,
        11
      ]
    },
    "OND": {
      "efp": 0.04152005023466141,
      "months": [
        10,
        11,
        12
      ]
    },
    "NDJ": {
      "efp": 0.05131366133825729,
      "months": [
        11,
        12,
        1
      ]
    }
  },
  "efp_sh_gt3": {
    "DJF": {
      "efp": 0.11860952291379062,
      "months": [
        12,
        1,
        2
      ]
    },
    "JFM": {
      "efp": 0.10067094497646334,
      "months": [
        1,
        2,
        3
      ]
    },
    "FMA": {
      "efp": 0.08732715643981337,
      "months": [
        2,
        3,
        4
      ]
    },
    "MAM": {
      "efp": 0.14268163872078565,
      "months": [
        3,
        4,
        5
      ]
    },
    "AMJ": {
      "efp": 0.15598208659779322,
      "months": [
        4,
        5,
        6
      ]
    },
    "MJJ": {
      "efp": 0.1831123912702848,
      "months": [
        5,
        6,
        7
      ]
    },
    "JJA": {
      "efp": 0.2316982147529537,
      "months": [
        6,
        7,
        8
      ]
    },
    "JAS": {
      "efp": 0.20145399937525038,
      "months": [
        7,
        8,
        9
      ]
    },
    "ASO": {
      "efp": 0.15368523995455408,
      "months": [
        8,
        9,
        10
      ]
    },
    "SON": {
      "efp": 0.16049178914508067,