{
  "efp_nh": {
    "DJF": {
      "efp": 0.3191132538653039,
      "months": [
        12,
        1,
        2
      ]
    },
    "JFM": {
      "efp": 0.3537176630868987,
      "months": [
        1,
        2,
        3
      ]
    },
    "FMA": {
      "efp": 0.37659294836832835,
      "months": [
        2,
        3,
        4
      ]
    },
    "MAM": {
      "efp": 0.2970672019185342,
      "months": [
        3,
        4,
        5
      ]
    },
    "AMJ": {
      "efp": 0.19799443322757226,
      "months": [
        4,
        5,
        6
      ]
    },
    "MJJ": {
      "efp": 0.16752984157272582,
      "months": [
        5,
        6,
        7
      ]
    },
    "JJA": {
      "efp": 0.13392858472385485,
      "months": [
        6,
        7,
        8
      ]
    },
    "JAS": {
      "efp": 0.1257526055736035,
      "months": [
        7,
        8,
        9
      ]
    },
    "ASO": {
      "efp": 0.125199523220898,
      "months": [
        8,
        9,
        10
      ]
    },
    "SON": {
      "efp": 0.1946427838103817,
      "months": [
        9,
        10,
        11
      ]
    },
    "OND": {
      "efp": 0.21816342885184015,
      "months": [
        10,
        11,
        12
      ]
    },
    "NDJ": {
      "efp": 0.21500980576503034,
      "months": [
        11,
        12,
        1
      ]
    }
  },
  "efp_nh_123": {
    "DJF": {
      "efp": 0.16159053234557824,
      "months": [
        12,
        1,
        2
      ]
    },
    "JFM": {
      "efp": 0.16949660206930178,
      "months": [
        1,
        2,
        3
      ]
    },
    "FMA": {
      "efp": 0.17188059379656373,
      "months": [
        2,
        3,
        4
      ]
    },
    "MAM": {
      "efp": 0.10410220940798144,
      "months": [
        3,
        4,
        5
      ]
    },
    "AMJ": {
      "efp": 0.07549298585929161,
      "months": [
        4,
        5,
        6
      ]
    },
    "MJJ": {
      "efp": 0.06245656007717012,
      "months": [
        5,
        6,
        7
      ]
    },
    "JJA": {
      "efp": 0.03774103681001463,
      "months": [
        6,
        7,
        8
      ]
    },
    "JAS": {
      "efp": 0.032944440871367574,
      "months": [
        7,
        8,
        9
      ]
    },
    "ASO": {
      "efp": 0.05033327639268832,
      "months": [
        8,
        9,
        10
      ]
    },
    "SON": {
      "efp": 0.04863562550773518,
      "months": [
        9,
        10,
        11
      ]
    },
    "OND": {
      "efp": 0.0767598564405076,
      "months": [
        10,
        11,
        12
      ]
    },
    "NDJ": {
      "efp": 0.10654606762195153,
      "months": [
        11,
        12,
        1
      ]
    }
  },
  "efp_nh_gt3": {
    "DJF": {
      "efp": 0.16943792731243376,
      "months": [
        12,
        1,
        2
      ]
    },
    "JFM": {
      "efp": 0.23793579431073006,
      "months": [
        1,
        2,
        3
      ]
    },
    "FMA": {
      "efp": 0.25238374786992845,
      "months": [
        2,
        3,
        4
      ]
    },
    "MAM": {
      "efp": 0.1941364816277879,
      "months": [
        3,
        4,
        5
      ]
    },
    "AMJ": {
      "efp": 0.13574391534300492,
      "months": [
        4,
        5,
        6
      ]
    },
    "MJJ": {
      "efp": 0.07990158385636527,
      "months": [
        5,
        6,
        7
      ]
    },
    "JJA": {
      "efp": 0.09562121750744598,
      "months": [
        6,
        7,
        8
      ]
    },
    "JAS": {
      "efp": 0.07776459340556145,
      "months": [
        7,
        8,
        9
      ]
    },
    "ASO": {
      "efp": 0.0732303019821392,
      "months": [
        8,
        9,
        10
      ]
    },
    "SON": {
      "efp": 0.12499288489468925,
      "months": [
        9,
        10,
        11
      ]
    },
    "OND": {
      "efp": 0.12583312513635658,
      "months": [
        10,
        11,
        12
      ]
    },
    "NDJ": {
      "efp": 0.11186098145569648,
      "months": [
        11,
        12,
        1
      ]
    }
  },
  "efp_sh": {
    "DJF": {
      "efp": 0.20406450803537887,
      "months": [
        12,
        1,
        2
      ]
    },
    "JFM": {
      "efp": 0.17551169599819583,
      "months": [
        1,
        2,
        3
      ]
    },
    "FMA": {
      "efp": 0.1607692885121233,
      "months": [
        2,
        3,
        4
      ]
    },
    "MAM": {
      "efp": 0.19916472416982567,
      "months": [
        3,
        4,
        5
      ]
    },
    "AMJ": {
      "efp": 0.24264597720278813,
      "months": [
        4,
        5,
        6
      ]
    },
    "MJJ": {
      "efp": 0.3171838541249474,
      "months": [
        5,
        6,
        7
      ]
    },
    "JJA": {
      "efp": 0.30017483548646073,
      "months": [
        6,
        7,
        8
      ]
    },
    "JAS": {
      "efp": 0.2566878808380947,
      "months": [
        7,
        8,
        9
      ]
    },
    "ASO": {
      "efp": 0.2606659030803129,
      "months": [
        8,
        9,
        10
      ]
    },
    "SON": {
      "efp": 0.24200360438503057,
      "months": [
        9,
        10,
        11
      ]
    },
    "OND": {
      "efp": 0.2888047703501325,
      "months": [
        10,
        11,
        12
      ]
    },
    "NDJ": {
      "efp": 0.24719623739645363,
      "months": [
        11,
        12,
        1
      ]
    }
  },
  "efp_sh_123": {
    "DJF": {
      "efp": 0.059802669905218056,
      "months": [
        12,
        1,
        2
      ]
    },
    "JFM": {
      "efp": 0.04057671893946635,
      "months": [
        1,
        2,
        3
      ]
    },
    "FMA": {
      "efp": 0.05342350410646275,
      "months": [
        2,
        3,
        4
      ]
    },
    "MAM": {
      "efp": 0.01923127012334421,
      "months": [
        3,
        4,
        5
      ]
    },
    "AMJ": {
      "efp": 0.0163732310121137,
      "months": [
        4,
        5,
        6
      ]
    },
    "MJJ": {
      "efp": 0.02305748639896376,
      "months": [
        5,
        6,
        7
      ]
    },
    "JJA": {
      "efp": 0.019501839836116766,
      "months": [
        6,
        7,
        8
      ]
    },
    "JAS": {
      "efp": 0.02773555719172845,
      "months": [
        7,
        8,
        9
      ]
    },
    "ASO": {
      "efp": 0.030199704346569833,
      "months": [
        8,
        9,
        10
      ]
    },
    "SON": {
      "efp": 0.04170808335474224,
      "months": [
        9,
        10,
        11
      ]
    },
    "OND": {
      "efp": 0.055052490134747424,
      "months": [
        10,
        11,
        12
      ]
    },
    "NDJ": {
      "efp": 0.09206818011828184,
      "months": [
        11,
        12,
        1
      ]
    }
  },
  "efp_sh_gt3": {
    "DJF": {
      "efp": 0.1798602238244032,
      "months": [
        12,
        1,
        2
      ]
    },
    "JFM": {
      "efp": 0.13030577714829286,
      "months": [
        1,
        2,
        3
      ]
    },
    "FMA": {
      "efp": 0.14250211730677817,
      "months": [
        2,
        3,
        4
      ]
    },
    "MAM": {
      "efp": 0.15898315084155,
      "months": [
        3,
        4,
        5
      ]
    },
    "AMJ": {
      "efp": 0.18836914354761605,
      "months": [
        4,
        5,
        6
      ]
    },
    "MJJ": {
      "efp": 0.2420983512551636,
      "months": [
        5,
        6,
        7
      ]
    },
    "JJA": {
      "efp": 0.22145543003720713,
      "months": [
        6,
        7,
        8
      ]
    },
    "JAS": {
      "efp": 0.1816779769165392,
      "months": [
        7,
        8,
        9
      ]
    },
    "ASO": {
      "efp": 0.19343479172707115,
      "months": [
        8,
        9,
        10
      ]
    },
    "SON": {
      "efp": 0.21549391324815928,
      "months": [
        9,
        10,
        11
      ]
    },