{
  "efp_nh": {
    "DJF": {
      "efp": 0.29668933996531677,
      "months": [
        12,
        1,
        2
      ]
    },
    "JFM": {
      "efp": 0.32777238081315613,
      "months": [
        1,
        2,
        3
      ]
    },
    "FMA": {
      "efp": 0.22372801370379938,
      "months": [
        2,
        3,
        4
      ]
    },
    "MAM": {
      "efp": 0.11384283881702827,
      "months": [
        3,
        4,
        5
      ]
    },
    "AMJ": {
      "efp": 0.12656934679115625,
      "months": [
        4,
        5,
        6
      ]
    },
    "MJJ": {
      "efp": 0.15141063168558805,
      "months": [
        5,
        6,
        7
      ]
    },
    "JJA": {
      "efp": 0.13152313446967262,
      "months": [
        6,
        7,
        8
      ]
    },
    "JAS": {
      "efp": 0.1277660828925238,
      "months": [
        7,
        8,
        9
      ]
    },
    "ASO": {
      "efp": 0.16377305407578774,
      "months": [
        8,
        9,
        10
      ]
    },
    "SON": {
      "efp": 0.2277019193367958,
      "months": [
        9,
        10,
        11
      ]
    },
    "OND": {
      "efp": 0.2037293116523945,
      "months": [
        10,
        11,
        12
      ]
    },
    "NDJ": {
      "efp": 0.3120596816063185,
      "months": [
        11,
        12,
        1
      ]
    }
  },
  "efp_nh_123": {
    "DJF": {
      "efp": 0.15743172174912304,
      "months": [
        12,
        1,
        2
      ]
    },
    "JFM": {
      "efp": 0.1625716509832147,
      "months": [
        1,
        2,
        3
      ]
    },
    "FMA": {
      "efp": 0.10146131551053579,
      "months": [
        2,
        3,
        4
      ]
    },
    "MAM": {
      "efp": 0.08350179350188641,
      "months": [
        3,
        4,
        5
      ]
    },
    "AMJ": {
      "efp": 0.05973961103795044,
      "months": [
        4,
        5,
        6
      ]
    },
    "MJJ": {
      "efp": 0.056389447116584245,
      "months": [
        5,
        6,
        7
      ]
    },
    "JJA": {
      "efp": 0.04804472065656669,
      "months": [
        6,
        7,
        8
      ]
    },
    "JAS": {
      "efp": 0.04198104624701925,
      "months": [
        7,
        8,
        9
      ]
    },
    "ASO": {
      "efp": 0.06546852508412024,
      "months": [
        8,
        9,
        10
      ]
    },
    "SON": {
      "efp": 0.06602502687056169,
      "months": [
        9,
        10,
        11
      ]
    },
    "OND": {
      "efp": 0.07449718925222627,
      "months": [
        10,
        11,
        12
      ]
    },
    "NDJ": {
      "efp": 0.10194305043510667,
      "months": [
        11,
        12,
        1
      ]
    }
  },
  "efp_nh_gt3": {
    "DJF": {
      "efp": 0.16374236616533325,
      "months": [
        12,
        1,
        2
      ]
    },
    "JFM": {
      "efp": 0.1813058267695674,
      "months": [
        1,
        2,
        3
      ]
    },
    "FMA": {
      "efp": 0.14645266582070124,
      "months": [
        2,
        3,
        4
      ]
    },
    "MAM": {
      "efp": 0.0967066093366824,
      "months": [
        3,
        4,
        5
      ]
    },
    "AMJ": {
      "efp": 0.09523085278806505,
      "months": [
        4,
        5,
        6
      ]
    },
    "MJJ": {
      "efp": 0.08923753739151868,
      "months": [
        5,
        6,
        7
      ]
    },
    "JJA": {
      "efp": 0.07248887926234071,
      "months": [
        6,
        7,
        8
      ]
    },
    "JAS": {
      "efp": 0.0940582623650657,
      "months": [
        7,
        8,
        9
      ]
    },
    "ASO": {
      "efp": 0.13510826892363573,
      "months": [
        8,
        9,
        10
      ]
    },
    "SON": {
      "efp": 0.15254158466210263,
      "months": [
        9,
        10,
        11
      ]
    },
    "OND": {
      "efp": 0.13664929658809935,
      "months": [
        10,
        11,
        12
      ]
    },
    "NDJ": {
      "efp": 0.2331328724236007,
      "months": [
        11,
        12,
        1
      ]
    }
  },
  "efp_sh": {
    "DJF": {
      "efp": 0.22827534210862457,
      "months": [
        12,
        1,
        2
      ]
    },
    "JFM": {
      "efp": 0.2015151167161675,
      "months": [
        1,
        2,
        3
      ]
    },
    "FMA": {
      "efp": 0.22711502982718662,
      "months": [
        2,
        3,
        4
      ]
    },
    "MAM": {
      "efp": 0.26381859820228776,
      "months": [
        3,
        4,
        5
      ]
    },
    "AMJ": {
      "efp": 0.19980528193997307,
      "months": [
        4,
        5,
        6
      ]
    },
    "MJJ": {
      "efp": 0.23985246361943893,
      "months": [
        5,
        6,
        7
      ]
    },
    "JJA": {
      "efp": 0.22618080428627937,
      "months": [
        6,
        7,
        8
      ]
    },
    "JAS": {
      "efp": 0.3091017959726021,
      "months": [
        7,
        8,
        9
      ]
    },
    "ASO": {
      "efp": 0.3159525584980418,
      "months": [
        8,
        9,
        10
      ]
    },
    "SON": {
      "efp": 0.23146245234684,
      "months": [
        9,
        10,
        11
      ]
    },
    "OND": {
      "efp": 0.2180733605026837,
      "months": [
        10,
        11,
        12
      ]
    },
    "NDJ": {
      "efp": 0.2238207856716276,
      "months": [
        11,
        12,
        1
      ]
    }
  },
  "efp_sh_123": {
    "DJF": {
      "efp": 0.08192378490842699,
      "months": [
        12,
        1,
        2
      ]
    },
    "JFM": {
      "efp": 0.0823827903007636,
      "months": [
        1,
        2,
        3
      ]
    },
    "FMA": {
      "efp": 0.054855368623072685,
      "months": [
        2,
        3,
        4
      ]
    },
    "MAM": {
      "efp": 0.025821064103926334,
      "months": [
        3,
        4,
        5
      ]
    },
    "AMJ": {
      "efp": 0.04275698901798101,
      "months": [
        4,
        5,
        6
      ]
    },
    "MJJ": {
      "efp": 0.05457874484851227,
      "months": [
        5,
        6,
        7
      ]
    },
    "JJA": {
      "efp": 0.054034788437908016,
      "months": [
        6,
        7,
        8
      ]
    },
    "JAS": {
      "efp": 0.06456594633299091,
      "months": [
        7,
        8,
        9
      ]
    },
    "ASO": {
      "efp": 0.03513368882067243,
      "months": [
        8,
        9,
        10
      ]
    },
    "SON": {
      "efp": 0.07180778675351798,
      "months": [
        9,
        10,
        11
      ]
    },
    "OND": {
      "efp": 0.05052314438245615,
      "months": [
        10,
        11,
        12
      ]
    },
    "NDJ": {
      "efp": 0.03196824957959398,
      "months": [
        11,
        12,
        1
      ]
    }
  },
  "efp_sh_gt3": {
    "DJF": {
      "efp": 0.20067117462700038,
      "months": [
        12,
        1,
        2
      ]
    },
    "JFM": {
      "efp": 0.19587287815145651,
      "months": [
        1,
        2,
        3
      ]
    },
    "FMA": {
      "efp": 0.22315624525433467,
      "months": [
        2,
        3,
        4
      ]
    },
    "MAM": {
      "efp": 0.2543237108346282,
      "months": [
        3,
        4,
        5
      ]
    },
    "AMJ": {
      "efp": 0.1494314865566894,
      "months": [
        4,
        5,
        6
      ]
    },
    "MJJ": {
      "efp": 0.2265774053281594,
      "months": [
        5,
        6,
        7
      ]
    },
    "JJA": {
      "efp": 0.22106539391817182,
      "months": [
        6,
        7,
        8
      ]
    },
    "JAS": {
      "efp": 0.22604928399498508,
      "months": [
        7,
        8,
        9
      ]
    },
    "ASO": {
      "efp": 0.22669877942649697,
      "months": [
        8,
        9,
        10
      ]
    },
    "SON": {
      "efp": 0.20306015808711375,
      "months": [
        9,
        10,
        11
      ]
    },