{
  "efp_nh": {
    "DJF": {
      "efp": 0.30490683893477666,
      "months": [
        12,
        1,
        2
      ]
    },
    "JFM": {
      "efp": 0.2809224770900283,
      "months": [
        1,
        2,
        3
      ]
    },
    "FMA": {
      "efp": 0.2597401872346989,
      "months": [
        2,
        3,
        4
      ]
    },
    "MAM": {
      "efp": 0.23877121908245416,
      "months": [
        3,
        4,
        5
      ]
    },
    "AMJ": {
      "efp": 0.3665816880836013,
      "months": [
        4,
        5,
        6
      ]
    },
    "MJJ": {
      "efp": 0.37505195246790907,
      "months": [
        5,
        6,
        7
      ]
    },
    "JJA": {
      "efp": 0.32628667103128456,
      "months": [
        6,
        7,
        8
      ]
    },
    "JAS": {
      "efp": 0.1995980699922205,
      "months": [
        7,
        8,
        9
      ]
    },
    "ASO": {
      "efp": 0.2111820520726849,
      "months": [
        8,
        9,
        10
      ]
    },
    "SON": {
      "efp": 0.25953640386161586,
      "months": [
        9,
        10,
        11
      ]
    },
    "OND": {
      "efp": 0.2726365649861876,
      "months": [
        10,
        11,
        12
      ]
    },
    "NDJ": {
      "efp": 0.22349284371606995,
      "months": [
        11,
        12,
        1
      ]
    }
  },
  "efp_nh_123": {
    "DJF": {
      "efp": 0.047124648472052194,
      "months": [
        12,
        1,
        2
      ]
    },
    "JFM": {
      "efp": 0.05042671540966827,
      "months": [
        1,
        2,
        3
      ]
    },
    "FMA": {
      "efp": 0.0693387375419999,
      "months": [
        2,
        3,
        4
      ]
    },
    "MAM": {
      "efp": 0.0610284623025467,
      "months": [
        3,
        4,
        5
      ]
    },
    "AMJ": {
      "efp": 0.10270580052441156,
      "months": [
        4,
        5,
        6
      ]
    },
    "MJJ": {
      "efp": 0.11656342663721991,
      "months": [
        5,
        6,
        7
      ]
    },
    "JJA": {
      "efp": 0.07647664880804854,
      "months": [
        6,
        7,
        8
      ]
    },
    "JAS": {
      "efp": 0.05198890565723971,
      "months": [
        7,
        8,
        9
      ]
    },
    "ASO": {
      "efp": 0.0476126047215129,
      "months": [
        8,
        9,
        10
      ]
    },
    "SON": {
      "efp": 0.03490730920926066,
      "months": [
        9,
        10,
        11
      ]
    },
    "OND": {
      "efp": 0.026589554780386597,
      "months": [
        10,
        11,
        12
      ]
    },
    "NDJ": {
      "efp": 0.020262677113052747,
      "months": [
        11,
        12,
        1
      ]
    }
  },
  "efp_nh_gt3": {
    "DJF": {
      "efp": 0.24975344435451546,
      "months": [
        12,
        1,
        2
      ]
    },
    "JFM": {
      "efp": 0.22061959481030022,
      "months": [
        1,
        2,
        3
      ]
    },
    "FMA": {
      "efp": 0.18453580193256824,
      "months": [
        2,
        3,
        4
      ]
    },
    "MAM": {
      "efp": 0.1977699455287634,
      "months": [
        3,
        4,
        5
      ]
    },
    "AMJ": {
      "efp": 0.23595410838240322,
      "months": [
        4,
        5,
        6
      ]
    },
    "MJJ": {
      "efp": 0.28389780275856624,
      "months": [
        5,
        6,
        7
      ]
    },
    "JJA": {
      "efp": 0.25518419597445136,
      "months": [
        6,
        7,
        8
      ]
    },
    "JAS": {
      "efp": 0.14539773427419972,
      "months": [
        7,
        8,
        9
      ]
    },
    "ASO": {
      "efp": 0.1668084581717872,
      "months": [
        8,
        9,
        10
      ]
    },
    "SON": {
      "efp": 0.22448780913608646,
      "months": [
        9,
        10,
        11
      ]
    },
    "OND": {
      "efp": 0.2581937096226529,
      "months": [
        10,
        11,
        12
      ]
    },
    "NDJ": {
      "efp": 0.2589585477393705,
      "months": [
        11,
        12,
        1
      ]
    }
  },
  "efp_sh": {
    "DJF": {
      "efp": 0.3821414915708425,
      "months": [
        12,
        1,
        2
      ]
    },
    "JFM": {
      "efp": 0.26829917332590436,
      "months": [
        1,
        2,
        3
      ]
    },
    "FMA": {
      "efp": 0.14617586118774167,
      "months": [
        2,
        3,
        4
      ]
    },
    "MAM": {
      "efp": 0.2349465018210782,
      "months": [
        3,
        4,
        5
      ]
    },
    "AMJ": {
      "efp": 0.25393294472449096,
      "months": [
        4,
        5,
        6
      ]
    },
    "MJJ": {
      "efp": 0.3980305871225138,
      "months": [
        5,
        6,
        7
      ]
    },
    "JJA": {
      "efp": 0.4047509432548613,
      "months": [
        6,
        7,
        8
      ]
    },
    "JAS": {
      "efp": 0.4250662232126396,
      "months": [
        7,
        8,
        9
      ]
    },
    "ASO": {
      "efp": 0.4336576182499575,
      "months": [
        8,
        9,
        10
      ]
    },
    "SON": {
      "efp": 0.4188923260770673,
      "months": [
        9,
        10,
        11
      ]
    },
    "OND": {
      "efp": 0.4278067066889403,
      "months": [
        10,
        11,
        12
      ]
    },
    "NDJ": {
      "efp": 0.41591373623114486,
      "months": [
        11,
        12,
        1
      ]
    }
  },
  "efp_sh_123": {
    "DJF": {
      "efp": 0.07403428739525732,
      "months": [
        12,
        1,
        2
      ]
    },
    "JFM": {
      "efp": 0.04342579363573285,
      "months": [
        1,
        2,
        3
      ]
    },
    "FMA": {
      "efp": 0.030383137369489915,
      "months": [
        2,
        3,
        4
      ]
    },
    "MAM": {
      "efp": 0.02397950620911998,
      "months": [
        3,
        4,
        5
      ]
    },
    "AMJ": {
      "efp": 0.058718609513284635,
      "months": [
        4,
        5,
        6
      ]
    },
    "MJJ": {
      "efp": 0.06470830195920976,
      "months": [
        5,
        6,
        7
      ]
    },
    "JJA": {
      "efp": 0.07546981145484956,
      "months": [
        6,
        7,
        8
      ]
    },
    "JAS": {
      "efp": 0.0676678134302578,
      "months": [
        7,
        8,
        9
      ]
    },
    "ASO": {
      "efp": 0.06637318039624558,
      "months": [
        8,
        9,
        10
      ]
    },
    "SON": {
      "efp": 0.08311077726285217,
      "months": [
        9,
        10,
        11
      ]
    },
    "OND": {
      "efp": 0.06747414184478738,
      "months": [
        10,
        11,
        12
      ]
    },
    "NDJ": {
      "efp": 0.04293722378903572,
      "months": [
        11,
        12,
        1
      ]
    }
  },
  "efp_sh_gt3": {
    "DJF": {
      "efp": 0.3302835863986392,
      "months": [
        12,
        1,
        2
      ]
    },
    "JFM": {
      "efp": 0.2559467028069566,
      "months": [
        1,
        2,
        3
      ]
    },
    "FMA": {
      "efp": 0.15639974926479294,
      "months": [
        2,
        3,
        4
      ]
    },
    "MAM": {
      "efp": 0.20206727816893777,
      "months": [
        3,
        4,
        5
      ]
    },
    "AMJ": {
      "efp": 0.24659458754744995,
      "months": [
        4,
        5,
        6
      ]
    },
    "MJJ": {
      "efp": 0.3805227237338673,
      "months": [
        5,
        6,
        7
      ]
    },
    "JJA": {
      "efp": 0.4044624977273826,
      "months": [
        6,
        7,
        8
      ]
    },
    "JAS": {
      "efp": 0.34835804954194743,
      "months": [
        7,
        8,
        9
      ]
    },
    "ASO": {
      "efp": 0.35848381284182085,
      "months": [
        8,
        9,
        10
      ]
    },
    "SON": {
      "efp": 0.3111138148839081,
      "months": [
        9,
        10,
        11
      ]
    },