{
  "efp_nh": {
    "DJF": {
      "efp": 0.3042083608422775,
      "months": [
        12,
        1,
        2
      ]
    },
    "JFM": {
      "efp": 0.36996609824633214,
      "months": [
        1,
        2,
        3
      ]
    },
    "FMA": {
      "efp": 0.43455686588165693,
      "months": [
        2,
        3,
        4
      ]
    },
    "MAM": {
      "efp": 0.4419393608296843,
      "months": [
        3,
        4,
        5
      ]
    },
    "AMJ": {
      "efp": 0.4553384240270366,
      "months": [
        4,
        5,
        6
      ]
    },
    "MJJ": {
      "efp": 0.3789584152631919,
      "months": [
        5,
        6,
        7
      ]
    },
    "JJA": {
      "efp": 0.25152203427154396,
      "months": [
        6,
        7,
        8
      ]
    },
    "JAS": {
      "efp": 0.20749885272083246,
      "months": [
        7,
        8,
        9
      ]
    },
    "ASO": {
      "efp": 0.1497998733272326,
      "months": [
        8,
        9,
        10
      ]
    },
    "SON": {
      "efp": 0.1631394035492544,
      "months": [
        9,
        10,
        11
      ]
    },
    "OND": {
      "efp": 0.27588380380983124,
      "months": [
        10,
        11,
        12
      ]
    },
    "NDJ": {
      "efp": 0.2621755754017151,
      "months": [
        11,
        12,
        1
      ]
    }
  },
  "efp_nh_123": {
    "DJF": {
      "efp": 0.14046651993735598,
      "months": [
        12,
        1,
        2
      ]
    },
    "JFM": {
      "efp": 0.1426897773391438,
      "months": [
        1,
        2,
        3
      ]
    },
    "FMA": {
      "efp": 0.2015839823006125,
      "months": [
        2,
        3,
        4
      ]
    },
    "MAM": {
      "efp": 0.14015524364729462,
      "months": [
        3,
        4,
        5
      ]
    },
    "AMJ": {
      "efp": 0.18893531743558512,
      "months": [
        4,
        5,
        6
      ]
    },
    "MJJ": {
      "efp": 0.17823856390277773,
      "months": [
        5,
        6,
        7
      ]
    },
    "JJA": {
      "efp": 0.14003972475972679,
      "months": [
        6,
        7,
        8
      ]
    },
    "JAS": {
      "efp": 0.10546285098608221,
      "months": [
        7,
        8,
        9
      ]
    },
    "ASO": {
      "efp": 0.1018285305120089,
      "months": [
        8,
        9,
        10
      ]
    },
    "SON": {
      "efp": 0.1684059434714764,
      "months": [
        9,
        10,
        11
      ]
    },
    "OND": {
      "efp": 0.10939545141165302,
      "months": [
        10,
        11,
        12
      ]
    },
    "NDJ": {
      "efp": 0.09032032769737015,
      "months": [
        11,
        12,
        1
      ]
    }
  },
  "efp_nh_gt3": {
    "DJF": {
      "efp": 0.18903815965519344,
      "months": [
        12,
        1,
        2
      ]
    },
    "JFM": {
      "efp": 0.2802326584509596,
      "months": [
        1,
        2,
        3
      ]
    },
    "FMA": {
      "efp": 0.34008952820470695,
      "months": [
        2,
        3,
        4
      ]
    },
    "MAM": {
      "efp": 0.3436770773466779,
      "months": [
        3,
        4,
        5
      ]
    },
    "AMJ": {
      "efp": 0.34526284660393675,
      "months": [
        4,
        5,
        6
      ]
    },
    "MJJ": {
      "efp": 0.2882554322137758,
      "months": [
        5,
        6,
        7
      ]
    },
    "JJA": {
      "efp": 0.15762305369941362,
      "months": [
        6,
        7,
        8
      ]
    },
    "JAS": {
      "efp": 0.1833002957176663,
      "months": [
        7,
        8,
        9
      ]
    },
    "ASO": {
      "efp": 0.15707347176709696,
      "months": [
        8,
        9,
        10
      ]
    },
    "SON": {
      "efp": 0.15490722070322638,
      "months": [
        9,
        10,
        11
      ]
    },
    "OND": {
      "efp": 0.21112197126508198,
      "months": [
        10,
        11,
        12
      ]
    },
    "NDJ": {
      "efp": 0.20977500999833915,
      "months": [
        11,
        12,
        1
      ]
    }
  },
  "efp_sh": {
    "DJF": {
      "efp": 0.24746395187031947,
      "months": [
        12,
        1,
        2
      ]
    },
    "JFM": {
      "efp": 0.22345494080081574,
      "months": [
        1,
        2,
        3
      ]
    },
    "FMA": {
      "efp": 0.31127379692558543,
      "months": [
        2,
        3,
        4
      ]
    },
    "MAM": {
      "efp": 0.29569611106325794,
      "months": [
        3,
        4,
        5
      ]
    },
    "AMJ": {
      "efp": 0.2897531241861849,
      "months": [
        4,
        5,
        6
      ]
    },
    "MJJ": {
      "efp": 0.3163989044019403,
      "months": [
        5,
        6,
        7
      ]
    },
    "JJA": {
      "efp": 0.37632873130712147,
      "months": [
        6,
        7,
        8
      ]
    },
    "JAS": {
      "efp": 0.40916408928215936,
      "months": [
        7,
        8,
        9
      ]
    },
    "ASO": {
      "efp": 0.4482085650652747,
      "months": [
        8,
        9,
        10
      ]
    },
    "SON": {
      "efp": 0.46843534560759853,
      "months": [
        9,
        10,
        11
      ]
    },
    "OND": {
      "efp": 0.4380978806276137,
      "months": [
        10,
        11,
        12
      ]
    },
    "NDJ": {
      "efp": 0.36838205877346836,
      "months": [
        11,
        12,
        1
      ]
    }
  },
  "efp_sh_123": {
    "DJF": {
      "efp": 0.03897489270981379,
      "months": [
        12,
        1,
        2
      ]
    },
    "JFM": {
      "efp": 0.054511009197121874,
      "months": [
        1,
        2,
        3
      ]
    },
    "FMA": {
      "efp": 0.07773333216467682,
      "months": [
        2,
        3,
        4
      ]
    },
    "MAM": {
      "efp": 0.07747589260742282,
      "months": [
        3,
        4,
        5
      ]
    },
    "AMJ": {
      "efp": 0.07580288082943548,
      "months": [
        4,
        5,
        6
      ]
    },
    "MJJ": {
      "efp": 0.07447882686769455,
      "months": [
        5,
        6,
        7
      ]
    },
    "JJA": {
      "efp": 0.08106755817598366,
      "months": [
        6,
        7,
        8
      ]
    },
    "JAS": {
      "efp": 0.07976973226081824,
      "months": [
        7,
        8,
        9
      ]
    },
    "ASO": {
      "efp": 0.09015327080429426,
      "months": [
        8,
        9,
        10
      ]
    },
    "SON": {
      "efp": 0.07045392824475115,
      "months": [
        9,
        10,
        11
      ]
    },
    "OND": {
      "efp": 0.05012000951142736,
      "months": [
        10,
        11,
        12
      ]
    },
    "NDJ": {
      "efp": 0.05731650986886595,
      "months": [
        11,
        12,
        1
      ]
    }
  },
  "efp_sh_gt3": {
    "DJF": {
      "efp": 0.21110195989449052,
      "months": [
        12,
        1,
        2
      ]
    },
    "JFM": {
      "efp": 0.15560702762729342,
      "months": [
        1,
        2,
        3
      ]
    },
    "FMA": {
      "efp": 0.2400435813853817,
      "months": [
        2,
        3,
        4
      ]
    },
    "MAM": {
      "efp": 0.2586115033916367,
      "months": [
        3,
        4,
        5
      ]
    },
    "AMJ": {
      "efp": 0.26131126739324306,
      "months": [
        4,
        5,
        6
      ]
    },
    "MJJ": {
      "efp": 0.28058322467386765,
      "months": [
        5,
        6,
        7
      ]
    },
    "JJA": {
      "efp": 0.32052560230357874,
      "months": [
        6,
        7,
        8
      ]
    },
    "JAS": {
      "efp": 0.3391159998806474,
      "months": [
        7,
        8,
        9
      ]
    },
    "ASO": {
      "efp": 0.40184181313827777,
      "months": [
        8,
        9,
        10
      ]
    },
    "SON": {
      "efp": 0.37266631580276793,
      "months": [
        9,
        10,
        11
      ]
    },