{
  "efp_nh": {
    "DJF": {
      "efp": 0.2958264751973131,
      "months": [
        12,
        1,
        2
      ]
    },
    "JFM": {
      "efp": 0.3150169448922299,
      "months": [
        1,
        2,
        3
      ]
    },
    "FMA": {
      "efp": 0.30911991775689657,
      "months": [
        2,
        3,
        4
      ]
    },
    "MAM": {
      "efp": 0.2850771982983168,
      "months": [
        3,
        4,
        5
      ]
    },
    "AMJ": {
      "efp": 0.2131597161946146,
      "months": [
        4,
        5,
        6
      ]
    },
    "MJJ": {
      "efp": 0.23950772604626094,
      "months": [
        5,
        6,
        7
      ]
    },
    "JJA": {
      "efp": 0.17748667787582006,
      "months": [
        6,
        7,
        8
      ]
    },
    "JAS": {
      "efp": 0.1262520483981772,
      "months": [
        7,
        8,
        9
      ]
    },
    "ASO": {
      "efp": 0.1719542689069227,
      "months": [
        8,
        9,
        10
      ]
    },
    "SON": {
      "efp": 0.12030200073746225,
      "months": [
        9,
        10,
        11
      ]
    },
    "OND": {
      "efp": 0.2478930164221692,
      "months": [
        10,
        11,
        12
      ]
    },
    "NDJ": {
      "efp": 0.2547794423630683,
      "months": [
        11,
        12,
        1
      ]
    }
  },
  "efp_nh_123": {
    "DJF": {
      "efp": 0.1433216770410171,
      "months": [
        12,
        1,
        2
      ]
    },
    "JFM": {
      "efp": 0.1978152044320936,
      "months": [
        1,
        2,
        3
      ]
    },
    "FMA": {
      "efp": 0.1648107906067616,
      "months": [
        2,
        3,
        4
      ]
    },
    "MAM": {
      "efp": 0.11106396263766016,
      "months": [
        3,
        4,
        5
      ]
    },
    "AMJ": {
      "efp": 0.07686891782944442,
      "months": [
        4,
        5,
        6
      ]
    },
    "MJJ": {
      "efp": 0.06256739533395284,
      "months": [
        5,
        6,
        7
      ]
    },
    "JJA": {
      "efp": 0.06781298040167527,
      "months": [
        6,
        7,
        8
      ]
    },
    "JAS": {
      "efp": 0.048334305949737734,
      "months": [
        7,
        8,
        9
      ]
    },
    "ASO": {
      "efp": 0.06049456028375832,
      "months": [
        8,
        9,
        10
      ]
    },
    "SON": {
      "efp": 0.03419932208597415,
      "months": [
        9,
        10,
        11
      ]
    },
    "OND": {
      "efp": 0.10010249488669722,
      "months": [
        10,
        11,
        12
      ]
    },
    "NDJ": {
      "efp": 0.11885590799559934,
      "months": [
        11,
        12,
        1
      ]
    }
  },
  "efp_nh_gt3": {
    "DJF": {
      "efp": 0.19041356210976945,
      "months": [
        12,
        1,
        2
      ]
    },
    "JFM": {
      "efp": 0.165818873830674,
      "months": [
        1,
        2,
        3
      ]
    },
    "FMA": {
      "efp": 0.21085731702662633,
      "months": [
        2,
        3,
        4
      ]
    },
    "MAM": {
      "efp": 0.1760641448349447,
      "months": [
        3,
        4,
        5
      ]
    },
    "AMJ": {
      "efp": 0.18396145717401258,
      "months": [
        4,
        5,
        6
      ]
    },
    "MJJ": {
      "efp": 0.19127984898417794,
      "months": [
        5,
        6,
        7
      ]
    },
    "JJA": {
      "efp": 0.15765235354433998,
      "months": [
        6,
        7,
        8
      ]
    },
    "JAS": {
      "efp": 0.13556144865914277,
      "months": [
        7,
        8,
        9
      ]
    },
    "ASO": {
      "efp": 0.14749627209627617,
      "months": [
        8,
        9,
        10
      ]
    },
    "SON": {
      "efp": 0.10603295582200128,
      "months": [
        9,
        10,
        11
      ]
    },
    "OND": {
      "efp": 0.14701672566232482,
      "months": [
        10,
        11,
        12
      ]
    },
    "NDJ": {
      "efp": 0.15114686782067144,
      "months": [
        11,
        12,
        1
      ]
    }
  },
  "efp_sh": {
    "DJF": {
      "efp": 0.148161860230082,
      "months": [
        12,
        1,
        2
      ]
    },
    "JFM": {
      "efp": 0.11314301205234112,
      "months": [
        1,
        2,
        3
      ]
    },
    "FMA": {
      "efp": 0.15816753386408308,
      "months": [
        2,
        3,
        4
      ]
    },
    "MAM": {
      "efp": 0.2700817589222989,
      "months": [
        3,
        4,
        5
      ]
    },
    "AMJ": {
      "efp": 0.34527335008753857,
      "months": [
        4,
        5,
        6
      ]
    },
    "MJJ": {
      "efp": 0.3338593943078511,
      "months": [
        5,
        6,
        7
      ]
    },
    "JJA": {
      "efp": 0.33049145839348165,
      "months": [
        6,
        7,
        8
      ]
    },
    "JAS": {
      "efp": 0.29125912395986314,
      "months": [
        7,
        8,
        9
      ]
    },
    "ASO": {
      "efp": 0.2605274126050374,
      "months": [
        8,
        9,
        10
      ]
    },
    "SON": {
      "efp": 0.32511428632514494,
      "months": [
        9,
        10,
        11
      ]
    },
    "OND": {
      "efp": 0.2960187513347796,
      "months": [
        10,
        11,
        12
      ]
    },
    "NDJ": {
      "efp": 0.2082773525356843,
      "months": [
        11,
        12,
        1
      ]
    }
  },
  "efp_sh_123": {
    "DJF": {
      "efp": 0.07613401782566576,
      "months": [
        12,
        1,
        2
      ]
    },
    "JFM": {
      "efp": 0.049485274831883606,
      "months": [
        1,
        2,
        3
      ]
    },
    "FMA": {
      "efp": 0.03299111911747357,
      "months": [
        2,
        3,
        4
      ]
    },
    "MAM": {
      "efp": 0.02467079949240367,
      "months": [
        3,
        4,
        5
      ]
    },
    "AMJ": {
      "efp": 0.05114054271179668,
      "months": [
        4,
        5,
        6
      ]
    },
    "MJJ": {
      "efp": 0.04288047597917662,
      "months": [
        5,
        6,
        7
      ]
    },
    "JJA": {
      "efp": 0.03136183316423221,
      "months": [
        6,
        7,
        8
      ]
    },
    "JAS": {
      "efp": 0.054450796267748826,
      "months": [
        7,
        8,
        9
      ]
    },
    "ASO": {
      "efp": 0.03806492638989286,
      "months": [
        8,
        9,
        10
      ]
    },
    "SON": {
      "efp": 0.03822622578076866,
      "months": [
        9,
        10,
        11
      ]
    },
    "OND": {
      "efp": 0.040568892789796675,
      "months": [
        10,
        11,
        12
      ]
    },
    "NDJ": {
      "efp": 0.06217522575256827,
      "months": [
        11,
        12,
        1
      ]
    }
  },
  "efp_sh_gt3": {
    "DJF": {
      "efp": 0.12087693620379036,
      "months": [
        12,
        1,
        2
      ]
    },
    "JFM": {
      "efp": 0.10380233045254433,
      "months": [
        1,
        2,
        3
      ]
    },
    "FMA": {
      "efp": 0.1671247941861527,
      "months": [
        2,
        3,
        4
      ]
    },
    "MAM": {
      "efp": 0.24786544362319518,
      "months": [
        3,
        4,
        5
      ]
    },
    "AMJ": {
      "efp": 0.3343577133200761,
      "months": [
        4,
        5,
        6
      ]
    },
    "MJJ": {
      "efp": 0.3049048673100401,
      "months": [
        5,
        6,
        7
      ]
    },
    "JJA": {
      "efp": 0.26444887894919444,
      "months": [
        6,
        7,
        8
      ]
    },
    "JAS": {
      "efp": 0.27590742957420533,
      "months": [
        7,
        8,
        9
      ]
    },
    "ASO": {
      "efp": 0.2570025654279241,
      "months": [
        8,
        9,
        10
      ]
    },
    "SON": {
      "efp": 0.19931057413661518,
      "months": [
        9,
        10,
        11
      ]
    },