{
  "efp_nh": {
    "DJF": {
      "efp": 0.2833584714256699,
      "months": [
        12,
        1,
        2
      ]
    },
    "JFM": {
      "efp": 0.3223908595350517,
      "months": [
        1,
        2,
        3
      ]
    },
    "FMA": {
      "efp": 0.29872674476646643,
      "months": [
        2,
        3,
        4
      ]
    },
    "MAM": {
      "efp": 0.2498459656020163,
      "months": [
        3,
        4,
        5
      ]
    },
    "AMJ": {
      "efp": 0.1874737578866476,
      "months": [
        4,
        5,
        6
      ]
    },
    "MJJ": {
      "efp": 0.18341084363000254,
      "months": [
        5,
        6,
        7
      ]
    },
    "JJA": {
      "efp": 0.1263551795401993,
      "months": [
        6,
        7,
        8
      ]
    },
    "JAS": {
      "efp": 0.11607209140893768,
      "months": [
        7,
        8,
        9
      ]
    },
    "ASO": {
      "efp": 0.12774391871489535,
      "months": [
        8,
        9,
        10
      ]
    },
    "SON": {
      "efp": 0.14401855745878347,
      "months": [
        9,
        10,
        11
      ]
    },
    "OND": {
      "efp": 0.18084868381622607,
      "months": [
        10,
        11,
        12
      ]
    },
    "NDJ": {
      "efp": 0.22325140798020005,
      "months": [
        11,
        12,
        1
      ]
    }
  },
  "efp_nh_123": {
    "DJF": {
      "efp": 0.11782812068504281,
      "months": [
        12,
        1,
        2
      ]
    },
    "JFM": {
      "efp": 0.139238631444635,
      "months": [
        1,
        2,
        3
      ]
    },
    "FMA": {
      "efp": 0.12143647521731973,
      "months": [
        2,
        3,
        4
      ]
    },
    "MAM": {
      "efp": 0.07917618516375788,
      "months": [
        3,
        4,
        5
      ]
    },
    "AMJ": {
      "efp": 0.054241666017965866,
      "months": [
        4,
        5,
        6
      ]
    },
    "MJJ": {
      "efp": 0.03837088122585,
      "months": [
        5,
        6,
        7
      ]
    },
    "JJA": {
      "efp": 0.021876657443198916,
      "months": [
        6,
        7,
        8
      ]
    },
    "JAS": {
      "efp": 0.019344152408804948,
      "months": [
        7,
        8,
        9
      ]
    },
    "ASO": {
      "efp": 0.019874465241899356,
      "months": [
        8,
        9,
        10
      ]
    },
    "SON": {
      "efp": 0.018918788224976543,
      "months": [
        9,
        10,
        11
      ]
    },
    "OND": {
      "efp": 0.04457312110776834,
      "months": [
        10,
        11,
        12
      ]
    },
    "NDJ": {
      "efp": 0.08225800524440756,
      "months": [
        11,
        12,
        1
      ]
    }
  },
  "efp_nh_gt3": {
    "DJF": {
      "efp": 0.12882924530223225,
      "months": [
        12,
        1,
        2
      ]
    },
    "JFM": {
      "efp": 0.18088453396500195,
      "months": [
        1,
        2,
        3
      ]
    },
    "FMA": {
      "efp": 0.18796329415277013,
      "months": [
        2,
        3,
        4
      ]
    },
    "MAM": {
      "efp": 0.17763995147757128,
      "months": [
        3,
        4,
        5
      ]
    },
    "AMJ": {
      "efp": 0.11664787720440728,
      "months": [
        4,
        5,
        6
      ]
    },
    "MJJ": {
      "efp": 0.11746109515046844,
      "months": [
        5,
        6,
        7
      ]
    },
    "JJA": {
      "efp": 0.09495311757586579,
      "months": [
        6,
        7,
        8
      ]
    },
    "JAS": {
      "efp": 0.07400117319710721,
      "months": [
        7,
        8,
        9
      ]
    },
    "ASO": {
      "efp": 0.0914199185171498,
      "months": [
        8,
        9,
        10
      ]
    },
    "SON": {
      "efp": 0.11202384798996631,
      "months": [
        9,
        10,
        11
      ]
    },
    "OND": {
      "efp": 0.10552745871384579,
      "months": [
        10,
        11,
        12
      ]
    },
    "NDJ": {
      "efp": 0.10913201019097223,
      "months": [
        11,
        12,
        1
      ]
    }
  },
  "efp_sh": {
    "DJF": {
      "efp": 0.21330797795476653,
      "months": [
        12,
        1,
        2
      ]
    },
    "JFM": {
      "efp": 0.19974393260787313,
      "months": [
        1,
        2,
        3
      ]
    },
    "FMA": {
      "efp": 0.17663623751034593,
      "months": [
        2,
        3,
        4
      ]
    },
    "MAM": {
      "efp": 0.1931232964058721,
      "months": [
        3,
        4,
        5
      ]
    },
    "AMJ": {
      "efp": 0.22934996685859582,
      "months": [
        4,
        5,
        6
      ]
    },
    "MJJ": {
      "efp": 0.27833157744778086,
      "months": [
        5,
        6,
        7
      ]
    },
    "JJA": {
      "efp": 0.2880745662539092,
      "months": [
        6,
        7,
        8
      ]
    },
    "JAS": {
      "efp": 0.29704425286417346,
      "months": [
        7,
        8,
        9
      ]
    },
    "ASO": {
      "efp": 0.2790189320907889,
      "months": [
        8,
        9,
        10
      ]
    },
    "SON": {
      "efp": 0.26621889775416724,
      "months": [
        9,
        10,
        11
      ]
    },
    "OND": {
      "efp": 0.29830547584156325,
      "months": [
        10,
        11,
        12
      ]
    },
    "NDJ": {
      "efp": 0.262943534804796,
      "months": [
        11,
        12,
        1
      ]
    }
  },
  "efp_sh_123": {
    "DJF": {
      "efp": 0.04206305113452028,
      "months": [
        12,
        1,
        2
      ]
    },
    "JFM": {
      "efp": 0.03846673526826877,
      "months": [
        1,
        2,
        3
      ]
    },
    "FMA": {
      "efp": 0.03941955548490231,
      "months": [
        2,
        3,
        4
      ]
    },
    "MAM": {
      "efp": 0.028481794987499743,
      "months": [
        3,
        4,
        5
      ]
    },
    "AMJ": {
      "efp": 0.015769111157955703,
      "months": [
        4,
        5,
        6
      ]
    },
    "MJJ": {
      "efp": 0.018541495205810228,
      "months": [
        5,
        6,
        7
      ]
    },
    "JJA": {
      "efp": 0.018310775689490473,
      "months": [
        6,
        7,
        8
      ]
    },
    "JAS": {
      "efp": 0.021891575219457303,
      "months": [
        7,
        8,
        9
      ]
    },
    "ASO": {
      "efp": 0.019725626465118946,
      "months": [
        8,
        9,
        10
      ]
    },
    "SON": {
      "efp": 0.025827521582227283,
      "months": [
        9,
        10,
        11
      ]
    },
    "OND": {
      "efp": 0.025655307695618756,
      "months": [
        10,
        11,
        12
      ]
    },
    "NDJ": {
      "efp": 0.03655539398738283,
      "months": [
        11,
        12,
        1
      ]
    }
  },
  "efp_sh_gt3": {
    "DJF": {
      "efp": 0.1641457673701477,
      "months": [
        12,
        1,
        2
      ]
    },
    "JFM": {
      "efp": 0.14977910639784917,
      "months": [
        1,
        2,
        3
      ]
    },
    "FMA": {
      "efp": 0.16035875534471025,
      "months": [
        2,
        3,
        4
      ]
    },
    "MAM": {
      "efp": 0.17779329615333625,
      "months": [
        3,
        4,
        5
      ]
    },
    "AMJ": {
      "efp": 0.18272843552484458,
      "months": [
        4,
        5,
        6
      ]
    },
    "MJJ": {
      "efp": 0.2051556904044715,
      "months": [
        5,
        6,
        7
      ]
    },
    "JJA": {
      "efp": 0.207056504046534,
      "months": [
        6,
        7,
        8
      ]
    },
    "JAS": {
      "efp": 0.21106344672578417,
      "months": [
        7,
        8,
        9
      ]
    },
    "ASO": {
      "efp": 0.22178217773468273,
      "months": [
        8,
        9,
        10
      ]
    },
    "SON": {
      "efp": 0.23155020216405284,