{
  "efp_nh": {
    "DJF": {
      "efp": 0.2921848540497581,
      "months": [
        12,
        1,
        2
      ]
    },
    "JFM": {
      "efp": 0.2928997972338587,
      "months": [
        1,
        2,
        3
      ]
    },
    "FMA": {
      "efp": 0.2705860575002138,
      "months": [
        2,
        3,
        4
      ]
    },
    "MAM": {
      "efp": 0.30664197541720006,
      "months": [
        3,
        4,
        5
      ]
    },
    "AMJ": {
      "efp": 0.27247676851536695,
      "months": [
        4,
        5,
        6
      ]
    },
    "MJJ": {
      "efp": 0.19849517622869461,
      "months": [
        5,
        6,
        7
      ]
    },
    "JJA": {
      "efp": 0.1286615171984852,
      "months": [
        6,
        7,
        8
      ]
    },
    "JAS": {
      "efp": 0.08085354682681571,
      "months": [
        7,
        8,
        9
      ]
    },
    "ASO": {
      "efp": 0.1986624904820208,
      "months": [
        8,
        9,
        10
      ]
    },
    "SON": {
      "efp": 0.14846469627074682,
      "months": [
        9,
        10,
        11
      ]
    },
    "OND": {
      "efp": 0.14422856604443443,
      "months": [
        10,
        11,
        12
      ]
    },
    "NDJ": {
      "efp": 0.27515471860181384,
      "months": [
        11,
        12,
        1
      ]
    }
  },
  "efp_nh_123": {
    "DJF": {
      "efp": 0.140271080031769,
      "months": [
        12,
        1,
        2
      ]
    },
    "JFM": {
      "efp": 0.13742730442596543,
      "months": [
        1,
        2,
        3
      ]
    },
    "FMA": {
      "efp": 0.10443937394357411,
      "months": [
        2,
        3,
        4
      ]
    },
    "MAM": {
      "efp": 0.08204785660629842,
      "months": [
        3,
        4,
        5
      ]
    },
    "AMJ": {
      "efp": 0.06564837963651135,
      "months": [
        4,
        5,
        6
      ]
    },
    "MJJ": {
      "efp": 0.06585137943720151,
      "months": [
        5,
        6,
        7
      ]
    },
    "JJA": {
      "efp": 0.07922900414774804,
      "months": [
        6,
        7,
        8
      ]
    },
    "JAS": {
      "efp": 0.059240955451844754,
      "months": [
        7,
        8,
        9
      ]
    },
    "ASO": {
      "efp": 0.04081584751280679,
      "months": [
        8,
        9,
        10
      ]
    },
    "SON": {
      "efp": 0.03284537562090113,
      "months": [
        9,
        10,
        11
      ]
    },
    "OND": {
      "efp": 0.06937152328124951,
      "months": [
        10,
        11,
        12
      ]
    },
    "NDJ": {
      "efp": 0.11041981370222048,
      "months": [
        11,
        12,
        1
      ]
    }
  },
  "efp_nh_gt3": {
    "DJF": {
      "efp": 0.1617129745813116,
      "months": [
        12,
        1,
        2
      ]
    },
    "JFM": {
      "efp": 0.20974459939241885,
      "months": [
        1,
        2,
        3
      ]
    },
    "FMA": {
      "efp": 0.17335198595277582,
      "months": [
        2,
        3,
        4
      ]
    },
    "MAM": {
      "efp": 0.1814049999561501,
      "months": [
        3,
        4,
        5
      ]
    },
    "AMJ": {
      "efp": 0.14129040828059627,
      "months": [
        4,
        5,
        6
      ]
    },
    "MJJ": {
      "efp": 0.09788540552440933,
      "months": [
        5,
        6,
        7
      ]
    },
    "JJA": {
      "efp": 0.112136356913282,
      "months": [
        6,
        7,
        8
      ]
    },
    "JAS": {
      "efp": 0.1206346893436488,
      "months": [
        7,
        8,
        9
      ]
    },
    "ASO": {
      "efp": 0.18814982647576123,
      "months": [
        8,
        9,
        10
      ]
    },
    "SON": {
      "efp": 0.14139749428334236,
      "months": [
        9,
        10,
        11
      ]
    },
    "OND": {
      "efp": 0.10558002279332088,
      "months": [
        10,
        11,
        12
      ]
    },
    "NDJ": {
      "efp": 0.13240326734296987,
      "months": [
        11,
        12,
        1
      ]
    }
  },
  "efp_sh": {
    "DJF": {
      "efp": 0.26489089468301236,
      "months": [
        12,
        1,
        2
      ]
    },
    "JFM": {
      "efp": 0.20310905734635198,
      "months": [
        1,
        2,
        3
      ]
    },
    "FMA": {
      "efp": 0.19475913277926743,
      "months": [
        2,
        3,
        4
      ]
    },
    "MAM": {
      "efp": 0.22419561604648783,
      "months": [
        3,
        4,
        5
      ]
    },
    "AMJ": {
      "efp": 0.28736585792194225,
      "months": [
        4,
        5,
        6
      ]
    },
    "MJJ": {
      "efp": 0.3608904355934733,
      "months": [
        5,
        6,
        7
      ]
    },
    "JJA": {
      "efp": 0.329557286524731,
      "months": [
        6,
        7,
        8
      ]
    },
    "JAS": {
      "efp": 0.30884104012176145,
      "months": [
        7,
        8,
        9
      ]
    },
    "ASO": {
      "efp": 0.2598770138206222,
      "months": [
        8,
        9,
        10
      ]
    },
    "SON": {
      "efp": 0.285045224018067,
      "months": [
        9,
        10,
        11
      ]
    },
    "OND": {
      "efp": 0.31536591233237354,
      "months": [
        10,
        11,
        12
      ]
    },
    "NDJ": {
      "efp": 0.2664555074433144,
      "months": [
        11,
        12,
        1
      ]
    }
  },
  "efp_sh_123": {
    "DJF": {
      "efp": 0.02229793179619995,
      "months": [
        12,
        1,
        2
      ]
    },
    "JFM": {
      "efp": 0.048531253613169296,
      "months": [
        1,
        2,
        3
      ]
    },
    "FMA": {
      "efp": 0.041296071194653776,
      "months": [
        2,
        3,
        4
      ]
    },
    "MAM": {
      "efp": 0.01578269823518112,
      "months": [
        3,
        4,
        5
      ]
    },
    "AMJ": {
      "efp": 0.031861408173784474,
      "months": [
        4,
        5,
        6
      ]
    },
    "MJJ": {
      "efp": 0.04614329851519635,
      "months": [
        5,
        6,
        7
      ]
    },
    "JJA": {
      "efp": 0.03288404171606851,
      "months": [
        6,
        7,
        8
      ]
    },
    "JAS": {
      "efp": 0.03367831361989404,
      "months": [
        7,
        8,
        9
      ]
    },
    "ASO": {
      "efp": 0.015289031495275635,
      "months": [
        8,
        9,
        10
      ]
    },
    "SON": {
      "efp": 0.02815508120475985,
      "months": [
        9,
        10,
        11
      ]
    },
    "OND": {
      "efp": 0.02995076273320736,
      "months": [
        10,
        11,
        12
      ]
    },
    "NDJ": {
      "efp": 0.03747902313738667,
      "months": [
        11,
        12,
        1
      ]
    }
  },
  "efp_sh_gt3": {
    "DJF": {
      "efp": 0.23118604612639992,
      "months": [
        12,
        1,
        2
      ]
    },
    "JFM": {
      "efp": 0.1909248794754362,
      "months": [
        1,
        2,
        3
      ]
    },
    "FMA": {
      "efp": 0.19795494465842944,
      "months": [
        2,
        3,
        4
      ]
    },
    "MAM": {
      "efp": 0.19333175776196307,
      "months": [
        3,
        4,
        5
      ]
    },
    "AMJ": {
      "efp": 0.21263166491276855,
      "months": [
        4,
        5,
        6
      ]
    },
    "MJJ": {
      "efp": 0.3067497193767901,
      "months": [
        5,
        6,
        7
      ]
    },
    "JJA": {
      "efp": 0.31213162201895966,
      "months": [
        6,
        7,
        8
      ]
    },
    "JAS": {
      "efp": 0.241238524676519,
      "months": [
        7,
        8,
        9
      ]
    },
    "ASO": {
      "efp": 0.17738261998246932,
      "months": [
        8,
        9,
        10
      ]
    },
    "SON": {
      "efp": 0.19225254032818095,
      "months": [
        9,
        10,
        11
      ]
    },