{
  "efp_nh": {
    "DJF": {
      "efp": 0.2787764029146303,
      "months": [
        12,
        1,
        2
      ]
    },
    "JFM": {
      "efp": 0.33672939145210046,
      "months": [
        1,
        2,
        3
      ]
    },
    "FMA": {
      "efp": 0.3237853593261878,
      "months": [
        2,
        3,
        4
      ]
    },
    "MAM": {
      "efp": 0.2614317576103799,
      "months": [
        3,
        4,
        5
      ]
    },
    "AMJ": {
      "efp": 0.19374032547634068,
      "months": [
        4,
        5,
        6
      ]
    },
    "MJJ": {
      "efp": 0.17551103085604494,
      "months": [
        5,
        6,
        7
      ]
    },
    "JJA": {
      "efp": 0.1341001579445861,
      "months": [
        6,
        7,
        8
      ]
    },
    "JAS": {
      "efp": 0.11425755653278892,
      "months": [
        7,
        8,
        9
      ]
    },
    "ASO": {
      "efp": 0.12455489897389234,
      "months": [
        8,
        9,
        10
      ]
    },
    "SON": {
      "efp": 0.10165321845556684,
      "months": [
        9,
        10,
        11
      ]
    },
    "OND": {
      "efp": 0.11279838786453403,
      "months": [
        10,
        11,
        12
      ]
    },
    "NDJ": {
      "efp": 0.21798747687367487,
      "months": [
        11,
        12,
        1
      ]
    }
  },
  "efp_nh_123": {
    "DJF": {
      "efp": 0.10280429839043775,
      "months": [
        12,
        1,
        2
      ]
    },
    "JFM": {
      "efp": 0.12335721769178086,
      "months": [
        1,
        2,
        3
      ]
    },
    "FMA": {
      "efp": 0.10920365855335444,
      "months": [
        2,
        3,
        4
      ]
    },
    "MAM": {
      "efp": 0.07124132720529922,
      "months": [
        3,
        4,
        5
      ]
    },
    "AMJ": {
      "efp": 0.04377230852697862,
      "months": [
        4,
        5,
        6
      ]
    },
    "MJJ": {
      "efp": 0.031033442580305395,
      "months": [
        5,
        6,
        7
      ]
    },
    "JJA": {
      "efp": 0.022952319892021164,
      "months": [
        6,
        7,
        8
      ]
    },
    "JAS": {
      "efp": 0.01384884937826112,
      "months": [
        7,
        8,
        9
      ]
    },
    "ASO": {
      "efp": 0.020915190316414093,
      "months": [
        8,
        9,
        10
      ]
    },
    "SON": {
      "efp": 0.02065695878114237,
      "months": [
        9,
        10,
        11
      ]
    },
    "OND": {
      "efp": 0.02400932922815776,
      "months": [
        10,
        11,
        12
      ]
    },
    "NDJ": {
      "efp": 0.06047717797971117,
      "months": [
        11,
        12,
        1
      ]
    }
  },
  "efp_nh_gt3": {
    "DJF": {
      "efp": 0.151193002757215,
      "months": [
        12,
        1,
        2
      ]
    },
    "JFM": {
      "efp": 0.19183427009578746,
      "months": [
        1,
        2,
        3
      ]
    },
    "FMA": {
      "efp": 0.20080198548039738,
      "months": [
        2,
        3,
        4
      ]
    },
    "MAM": {
      "efp": 0.18505550471087803,
      "months": [
        3,
        4,
        5
      ]
    },
    "AMJ": {
      "efp": 0.1593010226770019,
      "months": [
        4,
        5,
        6
      ]
    },
    "MJJ": {
      "efp": 0.16094929970851554,
      "months": [
        5,
        6,
        7
      ]
    },
    "JJA": {
      "efp": 0.131784035804678,
      "months": [
        6,
        7,
        8
      ]
    },
    "JAS": {
      "efp": 0.10985190997334007,
      "months": [
        7,
        8,
        9
      ]
    },
    "ASO": {
      "efp": 0.10385440439799887,
      "months": [
        8,
        9,
        10
      ]
    },
    "SON": {
      "efp": 0.07014029919956807,
      "months": [
        9,
        10,
        11
      ]
    },
    "OND": {
      "efp": 0.08281819142722367,
      "months": [
        10,
        11,
        12
      ]
    },
    "NDJ": {
      "efp": 0.14622194969930744,
      "months": [
        11,
        12,
        1
      ]
    }
  },
  "efp_sh": {
    "DJF": {
      "efp": 0.17207969129886216,
      "months": [
        12,
        1,
        2
      ]
    },
    "JFM": {
      "efp": 0.1361732693268595,
      "months": [
        1,
        2,
        3
      ]
    },
    "FMA": {
      "efp": 0.14622548154839288,
      "months": [
        2,
        3,
        4
      ]
    },
    "MAM": {
      "efp": 0.14832496852913776,
      "months": [
        3,
        4,
        5
      ]
    },
    "AMJ": {
      "efp": 0.21403204498295958,
      "months": [
        4,
        5,
        6
      ]
    },
    "MJJ": {
      "efp": 0.23971114065154664,
      "months": [
        5,
        6,
        7
      ]
    },
    "JJA": {
      "efp": 0.26104925555560654,
      "months": [
        6,
        7,
        8
      ]
    },
    "JAS": {
      "efp": 0.25069760761992776,
      "months": [
        7,
        8,
        9
      ]
    },
    "ASO": {
      "efp": 0.27159847609202536,
      "months": [
        8,
        9,
        10
      ]
    },
    "SON": {
      "efp": 0.2721266651864708,
      "months": [
        9,
        10,
        11
      ]
    },
    "OND": {
      "efp": 0.26646743417694335,
      "months": [
        10,
        11,
        12
      ]
    },
    "NDJ": {
      "efp": 0.2272995404773436,
      "months": [
        11,
        12,
        1
      ]
    }
  },
  "efp_sh_123": {
    "DJF": {
      "efp": 0.03560330865779107,
      "months": [
        12,
        1,
        2
      ]
    },
    "JFM": {
      "efp": 0.019073565265145916,
      "months": [
        1,
        2,
        3
      ]
    },
    "FMA": {
      "efp": 0.021589364114737244,
      "months": [
        2,
        3,
        4
      ]
    },
    "MAM": {
      "efp": 0.014997043265298965,
      "months": [
        3,
        4,
        5
      ]
    },
    "AMJ": {
      "efp": 0.019575503093425484,
      "months": [
        4,
        5,
        6
      ]
    },
    "MJJ": {
      "efp": 0.017138348269567127,
      "months": [
        5,
        6,
        7
      ]
    },
    "JJA": {
      "efp": 0.016759374052497094,
      "months": [
        6,
        7,
        8
      ]
    },
    "JAS": {
      "efp": 0.010811478033556799,
      "months": [
        7,
        8,
        9
      ]
    },
    "ASO": {
      "efp": 0.017339804269292616,
      "months": [
        8,
        9,
        10
      ]
    },
    "SON": {
      "efp": 0.027353764379700208,
      "months": [
        9,
        10,
        11
      ]
    },
    "OND": {
      "efp": 0.027041553220348943,
      "months": [
        10,
        11,
        12
      ]
    },
    "NDJ": {
      "efp": 0.047622892595270125,
      "months": [
        11,
        12,
        1
      ]
    }
  },
  "efp_sh_gt3": {
    "DJF": {
      "efp": 0.10596514536594612,
      "months": [
        12,
        1,
        2
      ]
    },
    "JFM": {
      "efp": 0.09977901171374129,
      "months": [
        1,
        2,
        3
      ]
    },
    "FMA": {
      "efp": 0.09565238373201305,
      "months": [
        2,
        3,
        4
      ]
    },
    "MAM": {
      "efp": 0.10286834985283533,
      "months": [
        3,
        4,
        5
      ]
    },
    "AMJ": {
      "efp": 0.1663253567518387,
      "months": [
        4,
        5,
        6
      ]
    },
    "MJJ": {
      "efp": 0.1910380091695832,
      "months": [
        5,
        6,
        7
      ]
    },
    "JJA": {
      "efp": 0.18334378978735114,
      "months": [
        6,
        7,
        8
      ]
    },
    "JAS": {
      "efp": 0.15353246543244473,
      "months": [
        7,
        8,
        9
      ]
    },
    "ASO": {
      "efp": 0.18114137888887444,
      "months": [
        8,
        9,
        10
      ]
    },
    "SON": {
      "efp": 0.21361453994667634,