{
  "efp_nh": {
    "DJF": {
      "efp": 0.2362985727956165,
      "months": [
        12,
        1,
        2
      ]
    },
    "JFM": {
      "efp": 0.27340850617060075,
      "months": [
        1,
        2,
        3
      ]
    },
    "FMA": {
      "efp": 0.1712206641863072,
      "months": [
        2,
        3,
        4
      ]
    },
    "MAM": {
      "efp": 0.17970374238135328,
      "months": [
        3,
        4,
        5
      ]
    },
    "AMJ": {
      "efp": 0.21928224234721344,
      "months": [
        4,
        5,
        6
      ]
    },
    "MJJ": {
      "efp": 0.17487030249457428,
      "months": [
        5,
        6,
        7
      ]
    },
    "JJA": {
      "efp": 0.1322511053014571,
      "months": [
        6,
        7,
        8
      ]
    },
    "JAS": {
      "efp": 0.14170976903305604,
      "months": [
        7,
        8,
        9
      ]
    },
    "ASO": {
      "efp": 0.15741702853473974,
      "months": [
        8,
        9,
        10
      ]
    },
    "SON": {
      "efp": 0.14364487891697605,
      "months": [
        9,
        10,
        11
      ]
    },
    "OND": {
      "efp": 0.14549606536187026,
      "months": [
        10,
        11,
        12
      ]
    },
    "NDJ": {
      "efp": 0.2635852263593098,
      "months": [
        11,
        12,
        1
      ]
    }
  },
  "efp_nh_123": {
    "DJF": {
      "efp": 0.07662043415595556,
      "months": [
        12,
        1,
        2
      ]
    },
    "JFM": {
      "efp": 0.08186815243600218,
      "months": [
        1,
        2,
        3
      ]
    },
    "FMA": {
      "efp": 0.07381496151795132,
      "months": [
        2,
        3,
        4
      ]
    },
    "MAM": {
      "efp": 0.08382420947598884,
      "months": [
        3,
        4,
        5
      ]
    },
    "AMJ": {
      "efp": 0.05651418237238668,
      "months": [
        4,
        5,
        6
      ]
    },
    "MJJ": {
      "efp": 0.050968562759541765,
      "months": [
        5,
        6,
        7
      ]
    },
    "JJA": {
      "efp": 0.06195805361028727,
      "months": [
        6,
        7,
        8
      ]
    },
    "JAS": {
      "efp": 0.05431033881816232,
      "months": [
        7,
        8,
        9
      ]
    },
    "ASO": {
      "efp": 0.032141491513114115,
      "months": [
        8,
        9,
        10
      ]
    },
    "SON": {
      "efp": 0.036054298825915355,
      "months": [
        9,
        10,
        11
      ]
    },
    "OND": {
      "efp": 0.03057395192029849,
      "months": [
        10,
        11,
        12
      ]
    },
    "NDJ": {
      "efp": 0.11494681968624622,
      "months": [
        11,
        12,
        1
      ]
    }
  },
  "efp_nh_gt3": {
    "DJF": {
      "efp": 0.1302956886442547,
      "months": [
        12,
        1,
        2
      ]
    },
    "JFM": {
      "efp": 0.1479500849769175,
      "months": [
        1,
        2,
        3
      ]
    },
    "FMA": {
      "efp": 0.0653021818443224,
      "months": [
        2,
        3,
        4
      ]
    },
    "MAM": {
      "efp": 0.09190385306623837,
      "months": [
        3,
        4,
        5
      ]
    },
    "AMJ": {
      "efp": 0.1446915045812945,
      "months": [
        4,
        5,
        6
      ]
    },
    "MJJ": {
      "efp": 0.09725511251638433,
      "months": [
        5,
        6,
        7
      ]
    },
    "JJA": {
      "efp": 0.14450639132491028,
      "months": [
        6,
        7,
        8
      ]
    },
    "JAS": {
      "efp": 0.18414994010276572,
      "months": [
        7,
        8,
        9
      ]
    },
    "ASO": {
      "efp": 0.14927310387610093,
      "months": [
        8,
        9,
        10
      ]
    },
    "SON": {
      "efp": 0.09828103730357296,
      "months": [
        9,
        10,
        11
      ]
    },
    "OND": {
      "efp": 0.0919522255074139,
      "months": [
        10,
        11,
        12
      ]
    },
    "NDJ": {
      "efp": 0.13810136584042032,
      "months": [
        11,
        12,
        1
      ]
    }
  },
  "efp_sh": {
    "DJF": {
      "efp": 0.13798203596161399,
      "months": [
        12,
        1,
        2
      ]
    },
    "JFM": {
      "efp": 0.18402753093093793,
      "months": [
        1,
        2,
        3
      ]
    },
    "FMA": {
      "efp": 0.18660102536004816,
      "months": [
        2,
        3,
        4
      ]
    },
    "MAM": {
      "efp": 0.2357837382994236,
      "months": [
        3,
        4,
        5
      ]
    },
    "AMJ": {
      "efp": 0.2750343837991945,
      "months": [
        4,
        5,
        6
      ]
    },
    "MJJ": {
      "efp": 0.2337084529844374,
      "months": [
        5,
        6,
        7
      ]
    },
    "JJA": {
      "efp": 0.29281624027778513,
      "months": [
        6,
        7,
        8
      ]
    },
    "JAS": {
      "efp": 0.3264386091575576,
      "months": [
        7,
        8,
        9
      ]
    },
    "ASO": {
      "efp": 0.3174951574000787,
      "months": [
        8,
        9,
        10
      ]
    },
    "SON": {
      "efp": 0.4170932239899454,
      "months": [
        9,
        10,
        11
      ]
    },
    "OND": {
      "efp": 0.3603295845724717,
      "months": [
        10,
        11,
        12
      ]
    },
    "NDJ": {
      "efp": 0.22072612126670654,
      "months": [
        11,
        12,
        1
      ]
    }
  },
  "efp_sh_123": {
    "DJF": {
      "efp": 0.050522102612223056,
      "months": [
        12,
        1,
        2
      ]
    },
    "JFM": {
      "efp": 0.04043497510687013,
      "months": [
        1,
        2,
        3
      ]
    },
    "FMA": {
      "efp": 0.025956881218518878,
      "months": [
        2,
        3,
        4
      ]
    },
    "MAM": {
      "efp": 0.018776854995497243,
      "months": [
        3,
        4,
        5
      ]
    },
    "AMJ": {
      "efp": 0.019393295597115934,
      "months": [
        4,
        5,
        6
      ]
    },
    "MJJ": {
      "efp": 0.014503174316452873,
      "months": [
        5,
        6,
        7
      ]
    },
    "JJA": {
      "efp": 0.024590364955671847,
      "months": [
        6,
        7,
        8
      ]
    },
    "JAS": {
      "efp": 0.030250275596276497,
      "months": [
        7,
        8,
        9
      ]
    },
    "ASO": {
      "efp": 0.02730662310444517,
      "months": [
        8,
        9,
        10
      ]
    },
    "SON": {
      "efp": 0.04306512333063606,
      "months": [
        9,
        10,
        11
      ]
    },
    "OND": {
      "efp": 0.05530253085938979,
      "months": [
        10,
        11,
        12
      ]
    },
    "NDJ": {
      "efp": 0.06990355229394295,
      "months": [
        11,
        12,
        1
      ]
    }
  },
  "efp_sh_gt3": {
    "DJF": {
      "efp": 0.10402152873168113,
      "months": [
        12,
        1,
        2
      ]
    },
    "JFM": {
      "efp": 0.14214623467840826,
      "months": [
        1,
        2,
        3
      ]
    },
    "FMA": {
      "efp": 0.13209030791544274,
      "months": [
        2,
        3,
        4
      ]
    },
    "MAM": {
      "efp": 0.17715324573949645,
      "months": [
        3,
        4,
        5
      ]
    },
    "AMJ": {
      "efp": 0.23488563995739298,
      "months": [
        4,
        5,
        6
      ]
    },
    "MJJ": {
      "efp": 0.18314820350544558,
      "months": [
        5,
        6,
        7
      ]
    },
    "JJA": {
      "efp": 0.21669835431750634,
      "months": [
        6,
        7,
        8
      ]
    },
    "JAS": {
      "efp": 0.2227777707000286,
      "months": [
        7,
        8,
        9
      ]
    },
    "ASO": {
      "efp": 0.22748381839280343,
      "months": [
        8,
        9,
        10
      ]
    },
    "SON": {
      "efp": 0.3043003152568335,