{
  "efp_nh": {
    "DJF": {
      "efp": 0.3053693021262126,
      "months": [
        12,
        1,
        2
      ]
    },
    "JFM": {
      "efp": 0.3498361025214072,
      "months": [
        1,
        2,
        3
      ]
    },
    "FMA": {
      "efp": 0.3305193206897912,
      "months": [
        2,
        3,
        4
      ]
    },
    "MAM": {
      "efp": 0.1803438067166272,
      "months": [
        3,
        4,
        5
      ]
    },
    "AMJ": {
      "efp": 0.1801269694388055,
      "months": [
        4,
        5,
        6
      ]
    },
    "MJJ": {
      "efp": 0.21347359945129793,
      "months": [
        5,
        6,
        7
      ]
    },
    "JJA": {
      "efp": 0.17674561480068243,
      "months": [
        6,
        7,
        8
      ]
    },
    "JAS": {
      "efp": 0.13336944632228617,
      "months": [
        7,
        8,
        9
      ]
    },
    "ASO": {
      "efp": 0.0875556082125488,
      "months": [
        8,
        9,
        10
      ]
    },
    "SON": {
      "efp": 0.08572227028109906,
      "months": [
        9,
        10,
        11
      ]
    },
    "OND": {
      "efp": 0.1707370453136007,
      "months": [
        10,
        11,
        12
      ]
    },
    "NDJ": {
      "efp": 0.25172495831665315,
      "months": [
        11,
        12,
        1
      ]
    }
  },
  "efp_nh_123": {
    "DJF": {
      "efp": 0.12156105350643219,
      "months": [
        12,
        1,
        2
      ]
    },
    "JFM": {
      "efp": 0.16504177108272988,
      "months": [
        1,
        2,
        3
      ]
    },
    "FMA": {
      "efp": 0.13086720974254445,
      "months": [
        2,
        3,
        4
      ]
    },
    "MAM": {
      "efp": 0.07022429672322505,
      "months": [
        3,
        4,
        5
      ]
    },
    "AMJ": {
      "efp": 0.05554008879433028,
      "months": [
        4,
        5,
        6
      ]
    },
    "MJJ": {
      "efp": 0.044387072100721944,
      "months": [
        5,
        6,
        7
      ]
    },
    "JJA": {
      "efp": 0.033669666526688555,
      "months": [
        6,
        7,
        8
      ]
    },
    "JAS": {
      "efp": 0.029261708241544355,
      "months": [
        7,
        8,
        9
      ]
    },
    "ASO": {
      "efp": 0.01018923744392929,
      "months": [
        8,
        9,
        10
      ]
    },
    "SON": {
      "efp": 0.020450612490431178,
      "months": [
        9,
        10,
        11
      ]
    },
    "OND": {
      "efp": 0.055852399139980545,
      "months": [
        10,
        11,
        12
      ]
    },
    "NDJ": {
      "efp": 0.07355162053507751,
      "months": [
        11,
        12,
        1
      ]
    }
  },
  "efp_nh_gt3": {
    "DJF": {
      "efp": 0.13785069266797473,
      "months": [
        12,
        1,
        2
      ]
    },
    "JFM": {
      "efp": 0.12173295364309797,
      "months": [
        1,
        2,
        3
      ]
    },
    "FMA": {
      "efp": 0.14500360891603153,
      "months": [
        2,
        3,
        4
      ]
    },
    "MAM": {
      "efp": 0.08933011646494879,
      "months": [
        3,
        4,
        5
      ]
    },
    "AMJ": {
      "efp": 0.12121310914402018,
      "months": [
        4,
        5,
        6
      ]
    },
    "MJJ": {
      "efp": 0.13172123966568997,
      "months": [
        5,
        6,
        7
      ]
    },
    "JJA": {
      "efp": 0.1037296635996825,
      "months": [
        6,
        7,
        8
      ]
    },
    "JAS": {
      "efp": 0.08939675091138094,
      "months": [
        7,
        8,
        9
      ]
    },
    "ASO": {
      "efp": 0.07097613202588696,
      "months": [
        8,
        9,
        10
      ]
    },
    "SON": {
      "efp": 0.08086092055023522,
      "months": [
        9,
        10,
        11
      ]
    },
    "OND": {
      "efp": 0.11941884817719492,
      "months": [
        10,
        11,
        12
      ]
    },
    "NDJ": {
      "efp": 0.17422985131378116,
      "months": [
        11,
        12,
        1
      ]
    }
  },
  "efp_sh": {
    "DJF": {
      "efp": 0.1886672855606598,
      "months": [
        12,
        1,
        2
      ]
    },
    "JFM": {
      "efp": 0.1434381864073652,
      "months": [
        1,
        2,
        3
      ]
    },
    "FMA": {
      "efp": 0.10977501847391942,
      "months": [
        2,
        3,
        4
      ]
    },
    "MAM": {
      "efp": 0.17092661880108972,
      "months": [
        3,
        4,
        5
      ]
    },
    "AMJ": {
      "efp": 0.21207869758743117,
      "months": [
        4,
        5,
        6
      ]
    },
    "MJJ": {
      "efp": 0.264160366364421,
      "months": [
        5,
        6,
        7
      ]
    },
    "JJA": {
      "efp": 0.26861846163201714,
      "months": [
        6,
        7,
        8
      ]
    },
    "JAS": {
      "efp": 0.2793377291502889,
      "months": [
        7,
        8,
        9
      ]
    },
    "ASO": {
      "efp": 0.26928579695364857,
      "months": [
        8,
        9,
        10
      ]
    },
    "SON": {
      "efp": 0.2823494106572007,
      "months": [
        9,
        10,
        11
      ]
    },
    "OND": {
      "efp": 0.23476005419587503,
      "months": [
        10,
        11,
        12
      ]
    },
    "NDJ": {
      "efp": 0.21373709539945632,
      "months": [
        11,
        12,
        1
      ]
    }
  },
  "efp_sh_123": {
    "DJF": {
      "efp": 0.04527675205743621,
      "months": [
        12,
        1,
        2
      ]
    },
    "JFM": {
      "efp": 0.04053339488706361,
      "months": [
        1,
        2,
        3
      ]
    },
    "FMA": {
      "efp": 0.04388512026271054,
      "months": [
        2,
        3,
        4
      ]
    },
    "MAM": {
      "efp": 0.02047915754197491,
      "months": [
        3,
        4,
        5
      ]
    },
    "AMJ": {
      "efp": 0.021975820229730228,
      "months": [
        4,
        5,
        6
      ]
    },
    "MJJ": {
      "efp": 0.02350071146619884,
      "months": [
        5,
        6,
        7
      ]
    },
    "JJA": {
      "efp": 0.034147307261773924,
      "months": [
        6,
        7,
        8
      ]
    },
    "JAS": {
      "efp": 0.020228227331743374,
      "months": [
        7,
        8,
        9
      ]
    },
    "ASO": {
      "efp": 0.04154565076378712,
      "months": [
        8,
        9,
        10
      ]
    },
    "SON": {
      "efp": 0.05663289167062097,
      "months": [
        9,
        10,
        11
      ]
    },
    "OND": {
      "efp": 0.04807463638693617,
      "months": [
        10,
        11,
        12
      ]
    },
    "NDJ": {
      "efp": 0.040915745041545486,
      "months": [
        11,
        12,
        1
      ]
    }
  },
  "efp_sh_gt3": {
    "DJF": {
      "efp": 0.14119866359846184,
      "months": [
        12,
        1,
        2
      ]
    },
    "JFM": {
      "efp": 0.09742594606618027,
      "months": [
        1,
        2,
        3
      ]
    },
    "FMA": {
      "efp": 0.10387928578036258,
      "months": [
        2,
        3,
        4
      ]
    },
    "MAM": {
      "efp": 0.11614320184404757,
      "months": [
        3,
        4,
        5
      ]
    },
    "AMJ": {
      "efp": 0.13680265446160556,
      "months": [
        4,
        5,
        6
      ]
    },
    "MJJ": {
      "efp": 0.1702366296902606,
      "months": [
        5,
        6,
        7
      ]
    },
    "JJA": {
      "efp": 0.12895392396563451,
      "months": [
        6,
        7,
        8
      ]
    },
    "JAS": {
      "efp": 0.15379982582362697,
      "months": [
        7,
        8,
        9
      ]
    },
    "ASO": {
      "efp": 0.18779730017053453,
      "months": [
        8,
        9,
        10
      ]
    },
    "SON": {
      "efp": 0.21066033904830406,