{
  "efp_nh": {
    "DJF": {
      "efp": 0.3356161849311382,
      "months": [
        12,
        1,
        2
      ]
    },
    "JFM": {
      "efp": 0.32929173365104586,
      "months": [
        1,
        2,
        3
      ]
    },
    "FMA": {
      "efp": 0.3244497422921407,
      "months": [
        2,
        3,
        4
      ]
    },
    "MAM": {
      "efp": 0.28897301667499875,
      "months": [
        3,
        4,
        5
      ]
    },
    "AMJ": {
      "efp": 0.2444826983996112,
      "months": [
        4,
        5,
        6
      ]
    },
    "MJJ": {
      "efp": 0.26565555874497154,
      "months": [
        5,
        6,
        7
      ]
    },
    "JJA": {
      "efp": 0.18337811407609167,
      "months": [
        6,
        7,
        8
      ]
    },
    "JAS": {
      "efp": 0.1082335465036132,
      "months": [
        7,
        8,
        9
      ]
    },
    "ASO": {
      "efp": 0.15581752798635418,
      "months": [
        8,
        9,
        10
      ]
    },
    "SON": {
      "efp": 0.11301969501365144,
      "months": [
        9,
        10,
        11
      ]
    },
    "OND": {
      "efp": 0.2524499764914887,
      "months": [
        10,
        11,
        12
      ]
    },
    "NDJ": {
      "efp": 0.2612180847912453,
      "months": [
        11,
        12,
        1
      ]
    }
  },
  "efp_nh_123": {
    "DJF": {
      "efp": 0.13800890087959322,
      "months": [
        12,
        1,
        2
      ]
    },
    "JFM": {
      "efp": 0.19671436950217594,
      "months": [
        1,
        2,
        3
      ]
    },
    "FMA": {
      "efp": 0.166349120852985,
      "months": [
        2,
        3,
        4
      ]
    },
    "MAM": {
      "efp": 0.11524923967220553,
      "months": [
        3,
        4,
        5
      ]
    },
    "AMJ": {
      "efp": 0.0780581654134563,
      "months": [
        4,
        5,
        6
      ]
    },
    "MJJ": {
      "efp": 0.05745488015274807,
      "months": [
        5,
        6,
        7
      ]
    },
    "JJA": {
      "efp": 0.07734690569910675,
      "months": [
        6,
        7,
        8
      ]
    },
    "JAS": {
      "efp": 0.026339218036977523,
      "months": [
        7,
        8,
        9
      ]
    },
    "ASO": {
      "efp": 0.03699940719864227,
      "months": [
        8,
        9,
        10
      ]
    },
    "SON": {
      "efp": 0.03410559961711253,
      "months": [
        9,
        10,
        11
      ]
    },
    "OND": {
      "efp": 0.07347247834696392,
      "months": [
        10,
        11,
        12
      ]
    },
    "NDJ": {
      "efp": 0.09072328201383428,
      "months": [
        11,
        12,
        1
      ]
    }
  },
  "efp_nh_gt3": {
    "DJF": {
      "efp": 0.21434886010985676,
      "months": [
        12,
        1,
        2
      ]
    },
    "JFM": {
      "efp": 0.19853356598008776,
      "months": [
        1,
        2,
        3
      ]
    },
    "FMA": {
      "efp": 0.22197286784753942,
      "months": [
        2,
        3,
        4
      ]
    },
    "MAM": {
      "efp": 0.21075998823990302,
      "months": [
        3,
        4,
        5
      ]
    },
    "AMJ": {
      "efp": 0.2179538809232053,
      "months": [
        4,
        5,
        6
      ]
    },
    "MJJ": {
      "efp": 0.192840623353012,
      "months": [
        5,
        6,
        7
      ]
    },
    "JJA": {
      "efp": 0.13938654570461942,
      "months": [
        6,
        7,
        8
      ]
    },
    "JAS": {
      "efp": 0.10598740951339261,
      "months": [
        7,
        8,
        9
      ]
    },
    "ASO": {
      "efp": 0.11878469960944278,
      "months": [
        8,
        9,
        10
      ]
    },
    "SON": {
      "efp": 0.07429084369570046,
      "months": [
        9,
        10,
        11
      ]
    },
    "OND": {
      "efp": 0.14445087412538105,
      "months": [
        10,
        11,
        12
      ]
    },
    "NDJ": {
      "efp": 0.1843138309640514,
      "months": [
        11,
        12,
        1
      ]
    }
  },
  "efp_sh": {
    "DJF": {
      "efp": 0.11856973897697023,
      "months": [
        12,
        1,
        2
      ]
    },
    "JFM": {
      "efp": 0.10355464884499935,
      "months": [
        1,
        2,
        3
      ]
    },
    "FMA": {
      "efp": 0.10046980359406948,
      "months": [
        2,
        3,
        4
      ]
    },
    "MAM": {
      "efp": 0.21470403032030513,
      "months": [
        3,
        4,
        5
      ]
    },
    "AMJ": {
      "efp": 0.30128655356257805,
      "months": [
        4,
        5,
        6
      ]
    },
    "MJJ": {
      "efp": 0.33359565099713595,
      "months": [
        5,
        6,
        7
      ]
    },
    "JJA": {
      "efp": 0.32878600386543977,
      "months": [
        6,
        7,
        8
      ]
    },
    "JAS": {
      "efp": 0.2990930099144162,
      "months": [
        7,
        8,
        9
      ]
    },
    "ASO": {
      "efp": 0.25090991509751054,
      "months": [
        8,
        9,
        10
      ]
    },
    "SON": {
      "efp": 0.2969723184301107,
      "months": [
        9,
        10,
        11
      ]
    },
    "OND": {
      "efp": 0.26815319820757466,
      "months": [
        10,
        11,
        12
      ]
    },
    "NDJ": {
      "efp": 0.18063113338917483,
      "months": [
        11,
        12,
        1
      ]
    }
  },
  "efp_sh_123": {
    "DJF": {
      "efp": 0.09493778116888764,
      "months": [
        12,
        1,
        2
      ]
    },
    "JFM": {
      "efp": 0.05452487243142623,
      "months": [
        1,
        2,
        3
      ]
    },
    "FMA": {
      "efp": 0.030978123579863716,
      "months": [
        2,
        3,
        4
      ]
    },
    "MAM": {
      "efp": 0.04272252688846185,
      "months": [
        3,
        4,
        5
      ]
    },
    "AMJ": {
      "efp": 0.05450949989141268,
      "months": [
        4,
        5,
        6
      ]
    },
    "MJJ": {
      "efp": 0.0348900149429697,
      "months": [
        5,
        6,
        7
      ]
    },
    "JJA": {
      "efp": 0.021387055050776437,
      "months": [
        6,
        7,
        8
      ]
    },
    "JAS": {
      "efp": 0.023960518484750278,
      "months": [
        7,
        8,
        9
      ]
    },
    "ASO": {
      "efp": 0.024564498534992235,
      "months": [
        8,
        9,
        10
      ]
    },
    "SON": {
      "efp": 0.03215248834543035,
      "months": [
        9,
        10,
        11
      ]
    },
    "OND": {
      "efp": 0.040803810995800265,
      "months": [
        10,
        11,
        12
      ]
    },
    "NDJ": {
      "efp": 0.07013698336881671,
      "months": [
        11,
        12,
        1
      ]
    }
  },
  "efp_sh_gt3": {
    "DJF": {
      "efp": 0.12961259062023364,
      "months": [
        12,
        1,
        2
      ]
    },
    "JFM": {
      "efp": 0.10137364537840096,
      "months": [
        1,
        2,
        3
      ]
    },
    "FMA": {
      "efp": 0.11007006267762673,
      "months": [
        2,
        3,
        4
      ]
    },
    "MAM": {
      "efp": 0.23005810926764642,
      "months": [
        3,
        4,
        5
      ]
    },
    "AMJ": {
      "efp": 0.31034861388091645,
      "months": [
        4,
        5,
        6
      ]
    },
    "MJJ": {
      "efp": 0.28986219569606725,
      "months": [
        5,
        6,
        7
      ]
    },
    "JJA": {
      "efp": 0.27273371499495036,
      "months": [
        6,
        7,
        8
      ]
    },
    "JAS": {
      "efp": 0.24878968455696518,
      "months": [
        7,
        8,
        9
      ]
    },
    "ASO": {
      "efp": 0.20096264131308886,
      "months": [
        8,
        9,
        10
      ]
    },
    "SON": {
      "efp": 0.18511502028211368,
      "months": [
        9,
        10,
        11
      ]
    },