{
  "efp_nh": {
    "DJF": {
      "efp": 0.2788511325609288,
      "months": [
        12,
        1,
        2
      ]
    },
    "JFM": {
      "efp": 0.2874230163993115,
      "months": [
        1,
        2,
        3
      ]
    },
    "FMA": {
      "efp": 0.25537473133403205,
      "months": [
        2,
        3,
        4
      ]
    },
    "MAM": {
      "efp": 0.23823839584507342,
      "months": [
        3,
        4,
        5
      ]
    },
    "AMJ": {
      "efp": 0.1890357314713848,
      "months": [
        4,
        5,
        6
      ]
    },
    "MJJ": {
      "efp": 0.14453067896073585,
      "months": [
        5,
        6,
        7
      ]
    },
    "JJA": {
      "efp": 0.12877838746582504,
      "months": [
        6,
        7,
        8
      ]
    },
    "JAS": {
      "efp": 0.09619425153756991,
      "months": [
        7,
        8,
        9
      ]
    },
    "ASO": {
      "efp": 0.11510375504907804,
      "months": [
        8,
        9,
        10
      ]
    },
    "SON": {
      "efp": 0.12254973686775567,
      "months": [
        9,
        10,
        11
      ]
    },
    "OND": {
      "efp": 0.18547496386733622,
      "months": [
        10,
        11,
        12
      ]
    },
    "NDJ": {
      "efp": 0.2435537506844337,
      "months": [
        11,
        12,
        1
      ]
    }
  },
  "efp_nh_123": {
    "DJF": {
      "efp": 0.0903739233695698,
      "months": [
        12,
        1,
        2
      ]
    },
    "JFM": {
      "efp": 0.08755992877276521,
      "months": [
        1,
        2,
        3
      ]
    },
    "FMA": {
      "efp": 0.0737715680543296,
      "months": [
        2,
        3,
        4
      ]
    },
    "MAM": {
      "efp": 0.043731082306966346,
      "months": [
        3,
        4,
        5
      ]
    },
    "AMJ": {
      "efp": 0.03966527762280389,
      "months": [
        4,
        5,
        6
      ]
    },
    "MJJ": {
      "efp": 0.019595259379256953,
      "months": [
        5,
        6,
        7
      ]
    },
    "JJA": {
      "efp": 0.019038876946067793,
      "months": [
        6,
        7,
        8
      ]
    },
    "JAS": {
      "efp": 0.01702436738767375,
      "months": [
        7,
        8,
        9
      ]
    },
    "ASO": {
      "efp": 0.014538079013521958,
      "months": [
        8,
        9,
        10
      ]
    },
    "SON": {
      "efp": 0.024059318070566067,
      "months": [
        9,
        10,
        11
      ]
    },
    "OND": {
      "efp": 0.041411351317501364,
      "months": [
        10,
        11,
        12
      ]
    },
    "NDJ": {
      "efp": 0.051510727007323384,
      "months": [
        11,
        12,
        1
      ]
    }
  },
  "efp_nh_gt3": {
    "DJF": {
      "efp": 0.1364939698937391,
      "months": [
        12,
        1,
        2
      ]
    },
    "JFM": {
      "efp": 0.14787811222981462,
      "months": [
        1,
        2,
        3
      ]
    },
    "FMA": {
      "efp": 0.14653241686659668,
      "months": [
        2,
        3,
        4
      ]
    },
    "MAM": {
      "efp": 0.1470915739935525,
      "months": [
        3,
        4,
        5
      ]
    },
    "AMJ": {
      "efp": 0.11936508898225427,
      "months": [
        4,
        5,
        6
      ]
    },
    "MJJ": {
      "efp": 0.09299247121287545,
      "months": [
        5,
        6,
        7
      ]
    },
    "JJA": {
      "efp": 0.08440925272712066,
      "months": [
        6,
        7,
        8
      ]
    },
    "JAS": {
      "efp": 0.06784209867176678,
      "months": [
        7,
        8,
        9
      ]
    },
    "ASO": {
      "efp": 0.0921158441404605,
      "months": [
        8,
        9,
        10
      ]
    },
    "SON": {
      "efp": 0.08815379215654323,
      "months": [
        9,
        10,
        11
      ]
    },
    "OND": {
      "efp": 0.11308243117587219,
      "months": [
        10,
        11,
        12
      ]
    },
    "NDJ": {
      "efp": 0.1360749660695073,
      "months": [
        11,
        12,
        1
      ]
    }
  },
  "efp_sh": {
    "DJF": {
      "efp": 0.19603065800326988,
      "months": [
        12,
        1,
        2
      ]
    },
    "JFM": {
      "efp": 0.16372583694394943,
      "months": [
        1,
        2,
        3
      ]
    },
    "FMA": {
      "efp": 0.16566093031207457,
      "months": [
        2,
        3,
        4
      ]
    },
    "MAM": {
      "efp": 0.20429149108244152,
      "months": [
        3,
        4,
        5
      ]
    },
    "AMJ": {
      "efp": 0.26644808468763204,
      "months": [
        4,
        5,
        6
      ]
    },
    "MJJ": {
      "efp": 0.31306407501277467,
      "months": [
        5,
        6,
        7
      ]
    },
    "JJA": {
      "efp": 0.347637020382644,
      "months": [
        6,
        7,
        8
      ]
    },
    "JAS": {
      "efp": 0.3969777342599303,
      "months": [
        7,
        8,
        9
      ]
    },
    "ASO": {
      "efp": 0.3859114551256104,
      "months": [
        8,
        9,
        10
      ]
    },
    "SON": {
      "efp": 0.3909313249078572,
      "months": [
        9,
        10,
        11
      ]
    },
    "OND": {
      "efp": 0.3283145987642969,
      "months": [
        10,
        11,
        12
      ]
    },
    "NDJ": {
      "efp": 0.25010119238417516,
      "months": [
        11,
        12,
        1
      ]
    }
  },
  "efp_sh_123": {
    "DJF": {
      "efp": 0.031162670825393608,
      "months": [
        12,
        1,
        2
      ]
    },
    "JFM": {
      "efp": 0.022951764356517287,
      "months": [
        1,
        2,
        3
      ]
    },
    "FMA": {
      "efp": 0.025828269230244703,
      "months": [
        2,
        3,
        4
      ]
    },
    "MAM": {
      "efp": 0.01887569390750826,
      "months": [
        3,
        4,
        5
      ]
    },
    "AMJ": {
      "efp": 0.015374315954976533,
      "months": [
        4,
        5,
        6
      ]
    },
    "MJJ": {
      "efp": 0.017591942279305554,
      "months": [
        5,
        6,
        7
      ]
    },
    "JJA": {
      "efp": 0.021314213481791393,
      "months": [
        6,
        7,
        8
      ]
    },
    "JAS": {
      "efp": 0.022927809099877922,
      "months": [
        7,
        8,
        9
      ]
    },
    "ASO": {
      "efp": 0.018852358486901564,
      "months": [
        8,
        9,
        10
      ]
    },
    "SON": {
      "efp": 0.029739718643476052,
      "months": [
        9,
        10,
        11
      ]
    },
    "OND": {
      "efp": 0.030453333658106548,
      "months": [
        10,
        11,
        12
      ]
    },
    "NDJ": {
      "efp": 0.033722390296359345,
      "months": [
        11,
        12,
        1
      ]
    }
  },
  "efp_sh_gt3": {
    "DJF": {
      "efp": 0.1311558898962566,
      "months": [
        12,
        1,
        2
      ]
    },
    "JFM": {
      "efp": 0.11994099734152713,
      "months": [
        1,
        2,
        3
      ]
    },
    "FMA": {
      "efp": 0.13669745851081133,
      "months": [
        2,
        3,
        4
      ]
    },
    "MAM": {
      "efp": 0.17295587572976348,
      "months": [
        3,
        4,
        5
      ]
    },
    "AMJ": {
      "efp": 0.20452181448715465,
      "months": [
        4,
        5,
        6
      ]
    },
    "MJJ": {
      "efp": 0.22955956745079006,
      "months": [
        5,
        6,
        7
      ]
    },
    "JJA": {
      "efp": 0.2557749603164314,
      "months": [
        6,
        7,
        8
      ]
    },
    "JAS": {
      "efp": 0.2973598758749983,
      "months": [
        7,
        8,
        9
      ]
    },
    "ASO": {
      "efp": 0.3119263467169134,
      "months": [
        8,
        9,
        10
      ]
    },
    "SON": {
      "efp": 0.3094879183474636,