{
  "efp_nh": {
    "DJF": {
      "efp": 0.3203628142616938,
      "months": [
        12,
        1,
        2
      ]
    },
    "JFM": {
      "efp": 0.3685841541187222,
      "months": [
        1,
        2,
        3
      ]
    },
    "FMA": {
      "efp": 0.3301098140084119,
      "months": [
        2,
        3,
        4
      ]
    },
    "MAM": {
      "efp": 0.2714253253557023,
      "months": [
        3,
        4,
        5
      ]
    },
    "AMJ": {
      "efp": 0.22834127984342134,
      "months": [
        4,
        5,
        6
      ]
    },
    "MJJ": {
      "efp": 0.16212933223681925,
      "months": [
        5,
        6,
        7
      ]
    },
    "JJA": {
      "efp": 0.10991705307664032,
      "months": [
        6,
        7,
        8
      ]
    },
    "JAS": {
      "efp": 0.12398114535452627,
      "months": [
        7,
        8,
        9
      ]
    },
    "ASO": {
      "efp": 0.08859665115416518,
      "months": [
        8,
        9,
        10
      ]
    },
    "SON": {
      "efp": 0.18072330152097893,
      "months": [
        9,
        10,
        11
      ]
    },
    "OND": {
      "efp": 0.18509894836877624,
      "months": [
        10,
        11,
        12
      ]
    },
    "NDJ": {
      "efp": 0.22306580853808178,
      "months": [
        11,
        12,
        1
      ]
    }
  },
  "efp_nh_123": {
    "DJF": {
      "efp": 0.07542127884117532,
      "months": [
        12,
        1,
        2
      ]
    },
    "JFM": {
      "efp": 0.10195857102303912,
      "months": [
        1,
        2,
        3
      ]
    },
    "FMA": {
      "efp": 0.09592117790169216,
      "months": [
        2,
        3,
        4
      ]
    },
    "MAM": {
      "efp": 0.06148938656371563,
      "months": [
        3,
        4,
        5
      ]
    },
    "AMJ": {
      "efp": 0.06231438053096335,
      "months": [
        4,
        5,
        6
      ]
    },
    "MJJ": {
      "efp": 0.04218257280439827,
      "months": [
        5,
        6,
        7
      ]
    },
    "JJA": {
      "efp": 0.04035828620007759,
      "months": [
        6,
        7,
        8
      ]
    },
    "JAS": {
      "efp": 0.019410782637707093,
      "months": [
        7,
        8,
        9
      ]
    },
    "ASO": {
      "efp": 0.03162583601986095,
      "months": [
        8,
        9,
        10
      ]
    },
    "SON": {
      "efp": 0.05266750835006648,
      "months": [
        9,
        10,
        11
      ]
    },
    "OND": {
      "efp": 0.03918351767557273,
      "months": [
        10,
        11,
        12
      ]
    },
    "NDJ": {
      "efp": 0.049310961569159886,
      "months": [
        11,
        12,
        1
      ]
    }
  },
  "efp_nh_gt3": {
    "DJF": {
      "efp": 0.2525212093041403,
      "months": [
        12,
        1,
        2
      ]
    },
    "JFM": {
      "efp": 0.25198682191655386,
      "months": [
        1,
        2,
        3
      ]
    },
    "FMA": {
      "efp": 0.19261963524239026,
      "months": [
        2,
        3,
        4
      ]
    },
    "MAM": {
      "efp": 0.17618331756854147,
      "months": [
        3,
        4,
        5
      ]
    },
    "AMJ": {
      "efp": 0.1394277786392221,
      "months": [
        4,
        5,
        6
      ]
    },
    "MJJ": {
      "efp": 0.09223433569559136,
      "months": [
        5,
        6,
        7
      ]
    },
    "JJA": {
      "efp": 0.09754701922845611,
      "months": [
        6,
        7,
        8
      ]
    },
    "JAS": {
      "efp": 0.12932366808337864,
      "months": [
        7,
        8,
        9
      ]
    },
    "ASO": {
      "efp": 0.10248512120290934,
      "months": [
        8,
        9,
        10
      ]
    },
    "SON": {
      "efp": 0.13152538611942916,
      "months": [
        9,
        10,
        11
      ]
    },
    "OND": {
      "efp": 0.15926157877406005,
      "months": [
        10,
        11,
        12
      ]
    },
    "NDJ": {
      "efp": 0.19595293915156048,
      "months": [
        11,
        12,
        1
      ]
    }
  },
  "efp_sh": {
    "DJF": {
      "efp": 0.1794816907455439,
      "months": [
        12,
        1,
        2
      ]
    },
    "JFM": {
      "efp": 0.1519683114406598,
      "months": [
        1,
        2,
        3
      ]
    },
    "FMA": {
      "efp": 0.1279409719084405,
      "months": [
        2,
        3,
        4
      ]
    },
    "MAM": {
      "efp": 0.20142831645689302,
      "months": [
        3,
        4,
        5
      ]
    },
    "AMJ": {
      "efp": 0.2373950089616263,
      "months": [
        4,
        5,
        6
      ]
    },
    "MJJ": {
      "efp": 0.3082369932356715,
      "months": [
        5,
        6,
        7
      ]
    },
    "JJA": {
      "efp": 0.3694960289362197,
      "months": [
        6,
        7,
        8
      ]
    },
    "JAS": {
      "efp": 0.37491290954718504,
      "months": [
        7,
        8,
        9
      ]
    },
    "ASO": {
      "efp": 0.30950972632090584,
      "months": [
        8,
        9,
        10
      ]
    },
    "SON": {
      "efp": 0.3055442591858382,
      "months": [
        9,
        10,
        11
      ]
    },
    "OND": {
      "efp": 0.33357015991311817,
      "months": [
        10,
        11,
        12
      ]
    },
    "NDJ": {
      "efp": 0.2329926575586419,
      "months": [
        11,
        12,
        1
      ]
    }
  },
  "efp_sh_123": {
    "DJF": {
      "efp": 0.08759943306276177,
      "months": [
        12,
        1,
        2
      ]
    },
    "JFM": {
      "efp": 0.07765433988166072,
      "months": [
        1,
        2,
        3
      ]
    },
    "FMA": {
      "efp": 0.059463694143962145,
      "months": [
        2,
        3,
        4
      ]
    },
    "MAM": {
      "efp": 0.03756366755720983,
      "months": [
        3,
        4,
        5
      ]
    },
    "AMJ": {
      "efp": 0.02520990756469269,
      "months": [
        4,
        5,
        6
      ]
    },
    "MJJ": {
      "efp": 0.023244781375104658,
      "months": [
        5,
        6,
        7
      ]
    },
    "JJA": {
      "efp": 0.021838127792248915,
      "months": [
        6,
        7,
        8
      ]
    },
    "JAS": {
      "efp": 0.025572665584714882,
      "months": [
        7,
        8,
        9
      ]
    },
    "ASO": {
      "efp": 0.038782071907635426,
      "months": [
        8,
        9,
        10
      ]
    },
    "SON": {
      "efp": 0.037121839552940704,
      "months": [
        9,
        10,
        11
      ]
    },
    "OND": {
      "efp": 0.046944720814868696,
      "months": [
        10,
        11,
        12
      ]
    },
    "NDJ": {
      "efp": 0.08380156275580819,
      "months": [
        11,
        12,
        1
      ]
    }
  },
  "efp_sh_gt3": {
    "DJF": {
      "efp": 0.1448748398536984,
      "months": [
        12,
        1,
        2
      ]
    },
    "JFM": {
      "efp": 0.11771847154295047,
      "months": [
        1,
        2,
        3
      ]
    },
    "FMA": {
      "efp": 0.12742131022270173,
      "months": [
        2,
        3,
        4
      ]
    },
    "MAM": {
      "efp": 0.18343173253539813,
      "months": [
        3,
        4,
        5
      ]
    },
    "AMJ": {
      "efp": 0.18258728356669723,
      "months": [
        4,
        5,
        6
      ]
    },
    "MJJ": {
      "efp": 0.2447619416344648,
      "months": [
        5,
        6,
        7
      ]
    },
    "JJA": {
      "efp": 0.2800901143238043,
      "months": [
        6,
        7,
        8
      ]
    },
    "JAS": {
      "efp": 0.3093348117442598,
      "months": [
        7,
        8,
        9
      ]
    },
    "ASO": {
      "efp": 0.25489902065683323,
      "months": [
        8,
        9,
        10
      ]
    },
    "SON": {
      "efp": 0.22591622169646786,