{
  "efp_nh": {
    "DJF": {
      "efp": 0.33342027222701576,
      "months": [
        12,
        1,
        2
      ]
    },
    "JFM": {
      "efp": 0.40948619687796584,
      "months": [
        1,
        2,
        3
      ]
    },
    "FMA": {
      "efp": 0.4065048002175326,
      "months": [
        2,
        3,
        4
      ]
    },
    "MAM": {
      "efp": 0.3081267751467925,
      "months": [
        3,
        4,
        5
      ]
    },
    "AMJ": {
      "efp": 0.21238941833064548,
      "months": [
        4,
        5,
        6
      ]
    },
    "MJJ": {
      "efp": 0.1800478073179246,
      "months": [
        5,
        6,
        7
      ]
    },
    "JJA": {
      "efp": 0.14086186672393636,
      "months": [
        6,
        7,
        8
      ]
    },
    "JAS": {
      "efp": 0.13556656241456996,
      "months": [
        7,
        8,
        9
      ]
    },
    "ASO": {
      "efp": 0.14324015515151473,
      "months": [
        8,
        9,
        10
      ]
    },
    "SON": {
      "efp": 0.17478416980691452,
      "months": [
        9,
        10,
        11
      ]
    },
    "OND": {
      "efp": 0.15598816961396847,
      "months": [
        10,
        11,
        12
      ]
    },
    "NDJ": {
      "efp": 0.24232873118240483,
      "months": [
        11,
        12,
        1
      ]
    }
  },
  "efp_nh_123": {
    "DJF": {
      "efp": 0.0962972741607535,
      "months": [
        12,
        1,
        2
      ]
    },
    "JFM": {
      "efp": 0.14167358399032773,
      "months": [
        1,
        2,
        3
      ]
    },
    "FMA": {
      "efp": 0.07676021386781849,
      "months": [
        2,
        3,
        4
      ]
    },
    "MAM": {
      "efp": 0.04882206055627795,
      "months": [
        3,
        4,
        5
      ]
    },
    "AMJ": {
      "efp": 0.03380487339317181,
      "months": [
        4,
        5,
        6
      ]
    },
    "MJJ": {
      "efp": 0.02899003848546447,
      "months": [
        5,
        6,
        7
      ]
    },
    "JJA": {
      "efp": 0.023218726801561226,
      "months": [
        6,
        7,
        8
      ]
    },
    "JAS": {
      "efp": 0.03070669309491692,
      "months": [
        7,
        8,
        9
      ]
    },
    "ASO": {
      "efp": 0.023387490796507485,
      "months": [
        8,
        9,
        10
      ]
    },
    "SON": {
      "efp": 0.036319793113624994,
      "months": [
        9,
        10,
        11
      ]
    },
    "OND": {
      "efp": 0.04546432758236112,
      "months": [
        10,
        11,
        12
      ]
    },
    "NDJ": {
      "efp": 0.07057401825331697,
      "months": [
        11,
        12,
        1
      ]
    }
  },
  "efp_nh_gt3": {
    "DJF": {
      "efp": 0.189118958835518,
      "months": [
        12,
        1,
        2
      ]
    },
    "JFM": {
      "efp": 0.2530017242167521,
      "months": [
        1,
        2,
        3
      ]
    },
    "FMA": {
      "efp": 0.2913496891045426,
      "months": [
        2,
        3,
        4
      ]
    },
    "MAM": {
      "efp": 0.22499228164575152,
      "months": [
        3,
        4,
        5
      ]
    },
    "AMJ": {
      "efp": 0.14316415462396637,
      "months": [
        4,
        5,
        6
      ]
    },
    "MJJ": {
      "efp": 0.09626523802299229,
      "months": [
        5,
        6,
        7
      ]
    },
    "JJA": {
      "efp": 0.06997208765928244,
      "months": [
        6,
        7,
        8
      ]
    },
    "JAS": {
      "efp": 0.0891801604958703,
      "months": [
        7,
        8,
        9
      ]
    },
    "ASO": {
      "efp": 0.10987131392238944,
      "months": [
        8,
        9,
        10
      ]
    },
    "SON": {
      "efp": 0.11800385452573268,
      "months": [
        9,
        10,
        11
      ]
    },
    "OND": {
      "efp": 0.09919972934981316,
      "months": [
        10,
        11,
        12
      ]
    },
    "NDJ": {
      "efp": 0.13409217934135986,
      "months": [
        11,
        12,
        1
      ]
    }
  },
  "efp_sh": {
    "DJF": {
      "efp": 0.24251696626818403,
      "months": [
        12,
        1,
        2
      ]
    },
    "JFM": {
      "efp": 0.19526226249971249,
      "months": [
        1,
        2,
        3
      ]
    },
    "FMA": {
      "efp": 0.17451602123618165,
      "months": [
        2,
        3,
        4
      ]
    },
    "MAM": {
      "efp": 0.24042314341175153,
      "months": [
        3,
        4,
        5
      ]
    },
    "AMJ": {
      "efp": 0.2938311601742614,
      "months": [
        4,
        5,
        6
      ]
    },
    "MJJ": {
      "efp": 0.33222627545823974,
      "months": [
        5,
        6,
        7
      ]
    },
    "JJA": {
      "efp": 0.337127194171296,
      "months": [
        6,
        7,
        8
      ]
    },
    "JAS": {
      "efp": 0.35451025423202587,
      "months": [
        7,
        8,
        9
      ]
    },
    "ASO": {
      "efp": 0.318566633503577,
      "months": [
        8,
        9,
        10
      ]
    },
    "SON": {
      "efp": 0.3204984827264167,
      "months": [
        9,
        10,
        11
      ]
    },
    "OND": {
      "efp": 0.3014112667201501,
      "months": [
        10,
        11,
        12
      ]
    },
    "NDJ": {
      "efp": 0.2541277880863877,
      "months": [
        11,
        12,
        1
      ]
    }
  },
  "efp_sh_123": {
    "DJF": {
      "efp": 0.04788188404916499,
      "months": [
        12,
        1,
        2
      ]
    },
    "JFM": {
      "efp": 0.04454938004047727,
      "months": [
        1,
        2,
        3
      ]
    },
    "FMA": {
      "efp": 0.05090325085160272,
      "months": [
        2,
        3,
        4
      ]
    },
    "MAM": {
      "efp": 0.03985729174070378,
      "months": [
        3,
        4,
        5
      ]
    },
    "AMJ": {
      "efp": 0.034618650369229384,
      "months": [
        4,
        5,
        6
      ]
    },
    "MJJ": {
      "efp": 0.035163991588941665,
      "months": [
        5,
        6,
        7
      ]
    },
    "JJA": {
      "efp": 0.013248489558014135,
      "months": [
        6,
        7,
        8
      ]
    },
    "JAS": {
      "efp": 0.020570019138620145,
      "months": [
        7,
        8,
        9
      ]
    },
    "ASO": {
      "efp": 0.02125218451926935,
      "months": [
        8,
        9,
        10
      ]
    },
    "SON": {
      "efp": 0.015738701544560762,
      "months": [
        9,
        10,
        11
      ]
    },
    "OND": {
      "efp": 0.04848865243127771,
      "months": [
        10,
        11,
        12
      ]
    },
    "NDJ": {
      "efp": 0.04396218260908843,
      "months": [
        11,
        12,
        1
      ]
    }
  },
  "efp_sh_gt3": {
    "DJF": {
      "efp": 0.19741604063608406,
      "months": [
        12,
        1,
        2
      ]
    },
    "JFM": {
      "efp": 0.15525882138827252,
      "months": [
        1,
        2,
        3
      ]
    },
    "FMA": {
      "efp": 0.16407037436813404,
      "months": [
        2,
        3,
        4
      ]
    },
    "MAM": {
      "efp": 0.21576059488208962,
      "months": [
        3,
        4,
        5
      ]
    },
    "AMJ": {
      "efp": 0.24972349736880806,
      "months": [
        4,
        5,
        6
      ]
    },
    "MJJ": {
      "efp": 0.2753323880506685,
      "months": [
        5,
        6,
        7
      ]
    },
    "JJA": {
      "efp": 0.2541753048156085,
      "months": [
        6,
        7,
        8
      ]
    },
    "JAS": {
      "efp": 0.261263636861396,
      "months": [
        7,
        8,
        9
      ]
    },
    "ASO": {
      "efp": 0.27722758781175844,
      "months": [
        8,
        9,
        10
      ]
    },
    "SON": {
      "efp": 0.28430945487910486,
      "months": [
        9,
        10,
        11
      ]
    },