{
  "efp_nh": {
    "DJF": {
      "efp": 0.29918264853376075,
      "months": [
        12,
        1,
        2
      ]
    },
    "JFM": {
      "efp": 0.34135735661972955,
      "months": [
        1,
        2,
        3
      ]
    },
    "FMA": {
      "efp": 0.3478444074150477,
      "months": [
        2,
        3,
        4
      ]
    },
    "MAM": {
      "efp": 0.2560044832469379,
      "months": [
        3,
        4,
        5
      ]
    },
    "AMJ": {
      "efp": 0.15500875074925224,
      "months": [
        4,
        5,
        6
      ]
    },
    "MJJ": {
      "efp": 0.20868718057262362,
      "months": [
        5,
        6,
        7
      ]
    },
    "JJA": {
      "efp": 0.1667816507368174,
      "months": [
        6,
        7,
        8
      ]
    },
    "JAS": {
      "efp": 0.07658676524170856,
      "months": [
        7,
        8,
        9
      ]
    },
    "ASO": {
      "efp": 0.11066779901820159,
      "months": [
        8,
        9,
        10
      ]
    },
    "SON": {
      "efp": 0.15030708667819068,
      "months": [
        9,
        10,
        11
      ]
    },
    "OND": {
      "efp": 0.24754743567087156,
      "months": [
        10,
        11,
        12
      ]
    },
    "NDJ": {
      "efp": 0.2079448466247127,
      "months": [
        11,
        12,
        1
      ]
    }
  },
  "efp_nh_123": {
    "DJF": {
      "efp": 0.15500205658249924,
      "months": [
        12,
        1,
        2
      ]
    },
    "JFM": {
      "efp": 0.19300191615073892,
      "months": [
        1,
        2,
        3
      ]
    },
    "FMA": {
      "efp": 0.16434261464566632,
      "months": [
        2,
        3,
        4
      ]
    },
    "MAM": {
      "efp": 0.08536406967743018,
      "months": [
        3,
        4,
        5
      ]
    },
    "AMJ": {
      "efp": 0.08851290681253156,
      "months": [
        4,
        5,
        6
      ]
    },
    "MJJ": {
      "efp": 0.0727842490329374,
      "months": [
        5,
        6,
        7
      ]
    },
    "JJA": {
      "efp": 0.02883175552054278,
      "months": [
        6,
        7,
        8
      ]
    },
    "JAS": {
      "efp": 0.04836670332204691,
      "months": [
        7,
        8,
        9
      ]
    },
    "ASO": {
      "efp": 0.057740672649076605,
      "months": [
        8,
        9,
        10
      ]
    },
    "SON": {
      "efp": 0.05835941004232872,
      "months": [
        9,
        10,
        11
      ]
    },
    "OND": {
      "efp": 0.07372825438992901,
      "months": [
        10,
        11,
        12
      ]
    },
    "NDJ": {
      "efp": 0.04777010985099788,
      "months": [
        11,
        12,
        1
      ]
    }
  },
  "efp_nh_gt3": {
    "DJF": {
      "efp": 0.1696166791716095,
      "months": [
        12,
        1,
        2
      ]
    },
    "JFM": {
      "efp": 0.2137051017948139,
      "months": [
        1,
        2,
        3
      ]
    },
    "FMA": {
      "efp": 0.2276467429364875,
      "months": [
        2,
        3,
        4
      ]
    },
    "MAM": {
      "efp": 0.1867486901503592,
      "months": [
        3,
        4,
        5
      ]
    },
    "AMJ": {
      "efp": 0.15681897840679013,
      "months": [
        4,
        5,
        6
      ]
    },
    "MJJ": {
      "efp": 0.16736002717688783,
      "months": [
        5,
        6,
        7
      ]
    },
    "JJA": {
      "efp": 0.13781595762431562,
      "months": [
        6,
        7,
        8
      ]
    },
    "JAS": {
      "efp": 0.12345798124981765,
      "months": [
        7,
        8,
        9
      ]
    },
    "ASO": {
      "efp": 0.12187258367413253,
      "months": [
        8,
        9,
        10
      ]
    },
    "SON": {
      "efp": 0.14118395470928444,
      "months": [
        9,
        10,
        11
      ]
    },
    "OND": {
      "efp": 0.16508417303710593,
      "months": [
        10,
        11,
        12
      ]
    },
    "NDJ": {
      "efp": 0.13611274590636172,
      "months": [
        11,
        12,
        1
      ]
    }
  },
  "efp_sh": {
    "DJF": {
      "efp": 0.1764865353574991,
      "months": [
        12,
        1,
        2
      ]
    },
    "JFM": {
      "efp": 0.15861360633045674,
      "months": [
        1,
        2,
        3
      ]
    },
    "FMA": {
      "efp": 0.11858697547225328,
      "months": [
        2,
        3,
        4
      ]
    },
    "MAM": {
      "efp": 0.15714337998730016,
      "months": [
        3,
        4,
        5
      ]
    },
    "AMJ": {
      "efp": 0.21456947216636152,
      "months": [
        4,
        5,
        6
      ]
    },
    "MJJ": {
      "efp": 0.2925040118348878,
      "months": [
        5,
        6,
        7
      ]
    },
    "JJA": {
      "efp": 0.3277027231009,
      "months": [
        6,
        7,
        8
      ]
    },
    "JAS": {
      "efp": 0.26374219766298185,
      "months": [
        7,
        8,
        9
      ]
    },
    "ASO": {
      "efp": 0.252234503107372,
      "months": [
        8,
        9,
        10
      ]
    },
    "SON": {
      "efp": 0.25704970413550826,
      "months": [
        9,
        10,
        11
      ]
    },
    "OND": {
      "efp": 0.25261346137077906,
      "months": [
        10,
        11,
        12
      ]
    },
    "NDJ": {
      "efp": 0.28310060957264505,
      "months": [
        11,
        12,
        1
      ]
    }
  },
  "efp_sh_123": {
    "DJF": {
      "efp": 0.0314249076503748,
      "months": [
        12,
        1,
        2
      ]
    },
    "JFM": {
      "efp": 0.04634352692127465,
      "months": [
        1,
        2,
        3
      ]
    },
    "FMA": {
      "efp": 0.0347956411036214,
      "months": [
        2,
        3,
        4
      ]
    },
    "MAM": {
      "efp": 0.05245585108837521,
      "months": [
        3,
        4,
        5
      ]
    },
    "AMJ": {
      "efp": 0.03757826149156628,
      "months": [
        4,
        5,
        6
      ]
    },
    "MJJ": {
      "efp": 0.030640332646448266,
      "months": [
        5,
        6,
        7
      ]
    },
    "JJA": {
      "efp": 0.03912198095793904,
      "months": [
        6,
        7,
        8
      ]
    },
    "JAS": {
      "efp": 0.03379424773847599,
      "months": [
        7,
        8,
        9
      ]
    },
    "ASO": {
      "efp": 0.06380281120007039,
      "months": [
        8,
        9,
        10
      ]
    },
    "SON": {
      "efp": 0.056718840520830094,
      "months": [
        9,
        10,
        11
      ]
    },
    "OND": {
      "efp": 0.02504452925181028,
      "months": [
        10,
        11,
        12
      ]
    },
    "NDJ": {
      "efp": 0.049963745134068115,
      "months": [
        11,
        12,
        1
      ]
    }
  },
  "efp_sh_gt3": {
    "DJF": {
      "efp": 0.16102107488497283,
      "months": [
        12,
        1,
        2
      ]
    },
    "JFM": {
      "efp": 0.12288644523253901,
      "months": [
        1,
        2,
        3
      ]
    },
    "FMA": {
      "efp": 0.09452678959948094,
      "months": [
        2,
        3,
        4
      ]
    },
    "MAM": {
      "efp": 0.1626711395720277,
      "months": [
        3,
        4,
        5
      ]
    },
    "AMJ": {
      "efp": 0.21999690196967014,
      "months": [
        4,
        5,
        6
      ]
    },
    "MJJ": {
      "efp": 0.15204964504414847,
      "months": [
        5,
        6,
        7
      ]
    },
    "JJA": {
      "efp": 0.17686364982826047,
      "months": [
        6,
        7,
        8
      ]
    },
    "JAS": {
      "efp": 0.1836480683343555,
      "months": [
        7,
        8,
        9
      ]
    },
    "ASO": {
      "efp": 0.16618686005159425,
      "months": [
        8,
        9,
        10
      ]
    },
    "SON": {
      "efp": 0.17465748940816772,
      "months": [
        9,
        10,
        11
      ]
    },