{
  "efp_nh": {
    "DJF": {
      "efp": 0.2615612467907369,
      "months": [
        12,
        1,
        2
      ]
    },
    "JFM": {
      "efp": 0.2508131763695746,
      "months": [
        1,
        2,
        3
      ]
    },
    "FMA": {
      "efp": 0.25353173844037524,
      "months": [
        2,
        3,
        4
      ]
    },
    "MAM": {
      "efp": 0.24888531090973565,
      "months": [
        3,
        4,
        5
      ]
    },
    "AMJ": {
      "efp": 0.21546980636279847,
      "months": [
        4,
        5,
        6
      ]
    },
    "MJJ": {
      "efp": 0.16951249024382176,
      "months": [
        5,
        6,
        7
      ]
    },
    "JJA": {
      "efp": 0.09278592505556368,
      "months": [
        6,
        7,
        8
      ]
    },
    "JAS": {
      "efp": 0.08481550465489894,
      "months": [
        7,
        8,
        9
      ]
    },
    "ASO": {
      "efp": 0.10297665890998982,
      "months": [
        8,
        9,
        10
      ]
    },
    "SON": {
      "efp": 0.11706187201666125,
      "months": [
        9,
        10,
        11
      ]
    },
    "OND": {
      "efp": 0.12949654565410984,
      "months": [
        10,
        11,
        12
      ]
    },
    "NDJ": {
      "efp": 0.22172139335525023,
      "months": [
        11,
        12,
        1
      ]
    }
  },
  "efp_nh_123": {
    "DJF": {
      "efp": 0.1017674628286233,
      "months": [
        12,
        1,
        2
      ]
    },
    "JFM": {
      "efp": 0.11093795873326984,
      "months": [
        1,
        2,
        3
      ]
    },
    "FMA": {
      "efp": 0.10364702476928007,
      "months": [
        2,
        3,
        4
      ]
    },
    "MAM": {
      "efp": 0.07180944535782066,
      "months": [
        3,
        4,
        5
      ]
    },
    "AMJ": {
      "efp": 0.030209242357209516,
      "months": [
        4,
        5,
        6
      ]
    },
    "MJJ": {
      "efp": 0.02551847556503329,
      "months": [
        5,
        6,
        7
      ]
    },
    "JJA": {
      "efp": 0.014591855549405766,
      "months": [
        6,
        7,
        8
      ]
    },
    "JAS": {
      "efp": 0.00975990449304195,
      "months": [
        7,
        8,
        9
      ]
    },
    "ASO": {
      "efp": 0.014198232840361948,
      "months": [
        8,
        9,
        10
      ]
    },
    "SON": {
      "efp": 0.02229027551152233,
      "months": [
        9,
        10,
        11
      ]
    },
    "OND": {
      "efp": 0.02815459031904715,
      "months": [
        10,
        11,
        12
      ]
    },
    "NDJ": {
      "efp": 0.08526887970693366,
      "months": [
        11,
        12,
        1
      ]
    }
  },
  "efp_nh_gt3": {
    "DJF": {
      "efp": 0.13035513512773794,
      "months": [
        12,
        1,
        2
      ]
    },
    "JFM": {
      "efp": 0.11290262668116936,
      "months": [
        1,
        2,
        3
      ]
    },
    "FMA": {
      "efp": 0.11813417097145265,
      "months": [
        2,
        3,
        4
      ]
    },
    "MAM": {
      "efp": 0.1134865529132509,
      "months": [
        3,
        4,
        5
      ]
    },
    "AMJ": {
      "efp": 0.12936564001929632,
      "months": [
        4,
        5,
        6
      ]
    },
    "MJJ": {
      "efp": 0.11838429561432415,
      "months": [
        5,
        6,
        7
      ]
    },
    "JJA": {
      "efp": 0.08051009150450998,
      "months": [
        6,
        7,
        8
      ]
    },
    "JAS": {
      "efp": 0.07157974855084145,
      "months": [
        7,
        8,
        9
      ]
    },
    "ASO": {
      "efp": 0.07745987245026488,
      "months": [
        8,
        9,
        10
      ]
    },
    "SON": {
      "efp": 0.09498449393699433,
      "months": [
        9,
        10,
        11
      ]
    },
    "OND": {
      "efp": 0.07903405581952658,
      "months": [
        10,
        11,
        12
      ]
    },
    "NDJ": {
      "efp": 0.10273007857629861,
      "months": [
        11,
        12,
        1
      ]
    }
  },
  "efp_sh": {
    "DJF": {
      "efp": 0.09990732054887526,
      "months": [
        12,
        1,
        2
      ]
    },
    "JFM": {
      "efp": 0.11705986637118881,
      "months": [
        1,
        2,
        3
      ]
    },
    "FMA": {
      "efp": 0.11352405388161026,
      "months": [
        2,
        3,
        4
      ]
    },
    "MAM": {
      "efp": 0.14462200363405472,
      "months": [
        3,
        4,
        5
      ]
    },
    "AMJ": {
      "efp": 0.2345019708143216,
      "months": [
        4,
        5,
        6
      ]
    },
    "MJJ": {
      "efp": 0.28833616863375705,
      "months": [
        5,
        6,
        7
      ]
    },
    "JJA": {
      "efp": 0.2962885736617395,
      "months": [
        6,
        7,
        8
      ]
    },
    "JAS": {
      "efp": 0.276904554738117,
      "months": [
        7,
        8,
        9
      ]
    },
    "ASO": {
      "efp": 0.22596470440630395,
      "months": [
        8,
        9,
        10
      ]
    },
    "SON": {
      "efp": 0.24136535733598682,
      "months": [
        9,
        10,
        11
      ]
    },
    "OND": {
      "efp": 0.22533174887122742,
      "months": [
        10,
        11,
        12
      ]
    },
    "NDJ": {
      "efp": 0.14979820489700135,
      "months": [
        11,
        12,
        1
      ]
    }
  },
  "efp_sh_123": {
    "DJF": {
      "efp": 0.018938943984956935,
      "months": [
        12,
        1,
        2
      ]
    },
    "JFM": {
      "efp": 0.03809860001547953,
      "months": [
        1,
        2,
        3
      ]
    },
    "FMA": {
      "efp": 0.04312801512263653,
      "months": [
        2,
        3,
        4
      ]
    },
    "MAM": {
      "efp": 0.028179522592704967,
      "months": [
        3,
        4,
        5
      ]
    },
    "AMJ": {
      "efp": 0.013671941997564661,
      "months": [
        4,
        5,
        6
      ]
    },
    "MJJ": {
      "efp": 0.010204545233004755,
      "months": [
        5,
        6,
        7
      ]
    },
    "JJA": {
      "efp": 0.0183837703574743,
      "months": [
        6,
        7,
        8
      ]
    },
    "JAS": {
      "efp": 0.014837202443939103,
      "months": [
        7,
        8,
        9
      ]
    },
    "ASO": {
      "efp": 0.026318960889791226,
      "months": [
        8,
        9,
        10
      ]
    },
    "SON": {
      "efp": 0.009620258820918028,
      "months": [
        9,
        10,
        11
      ]
    },
    "OND": {
      "efp": 0.015539388280351589,
      "months": [
        10,
        11,
        12
      ]
    },
    "NDJ": {
      "efp": 0.022057178212928106,
      "months": [
        11,
        12,
        1
      ]
    }
  },
  "efp_sh_gt3": {
    "DJF": {
      "efp": 0.06237423692649371,
      "months": [
        12,
        1,
        2
      ]
    },
    "JFM": {
      "efp": 0.08356756176411072,
      "months": [
        1,
        2,
        3
      ]
    },
    "FMA": {
      "efp": 0.1102212318613279,
      "months": [
        2,
        3,
        4
      ]
    },
    "MAM": {
      "efp": 0.14473565462039337,
      "months": [
        3,
        4,
        5
      ]
    },
    "AMJ": {
      "efp": 0.17650062361448587,
      "months": [
        4,
        5,
        6
      ]
    },
    "MJJ": {
      "efp": 0.18867221618767402,
      "months": [
        5,
        6,
        7
      ]
    },
    "JJA": {
      "efp": 0.1742890192980703,
      "months": [
        6,
        7,
        8
      ]
    },
    "JAS": {
      "efp": 0.16425467150047088,
      "months": [
        7,
        8,
        9
      ]
    },
    "ASO": {
      "efp": 0.17835206039886595,
      "months": [
        8,
        9,
        10
      ]
    },
    "SON": {
      "efp": 0.17275684353141205,