{
  "efp_nh": {
    "DJF": {
      "efp": 0.29462401350643924,
      "months": [
        12,
        1,
        2
      ]
    },
    "JFM": {
      "efp": 0.29586544877564414,
      "months": [
        1,
        2,
        3
      ]
    },
    "FMA": {
      "efp": 0.26914319056179487,
      "months": [
        2,
        3,
        4
      ]
    },
    "MAM": {
      "efp": 0.23112977395581982,
      "months": [
        3,
        4,
        5
      ]
    },
    "AMJ": {
      "efp": 0.2575789951931313,
      "months": [
        4,
        5,
        6
      ]
    },
    "MJJ": {
      "efp": 0.2031615964054944,
      "months": [
        5,
        6,
        7
      ]
    },
    "JJA": {
      "efp": 0.14036926672798958,
      "months": [
        6,
        7,
        8
      ]
    },
    "JAS": {
      "efp": 0.10475850102349277,
      "months": [
        7,
        8,
        9
      ]
    },
    "ASO": {
      "efp": 0.13268720478009324,
      "months": [
        8,
        9,
        10
      ]
    },
    "SON": {
      "efp": 0.16855235400652407,
      "months": [
        9,
        10,
        11
      ]
    },
    "OND": {
      "efp": 0.18698255049086668,
      "months": [
        10,
        11,
        12
      ]
    },
    "NDJ": {
      "efp": 0.25959531679459386,
      "months": [
        11,
        12,
        1
      ]
    }
  },
  "efp_nh_123": {
    "DJF": {
      "efp": 0.15932554581515357,
      "months": [
        12,
        1,
        2
      ]
    },
    "JFM": {
      "efp": 0.1503506595903818,
      "months": [
        1,
        2,
        3
      ]
    },
    "FMA": {
      "efp": 0.11610296691852262,
      "months": [
        2,
        3,
        4
      ]
    },
    "MAM": {
      "efp": 0.12540329404570816,
      "months": [
        3,
        4,
        5
      ]
    },
    "AMJ": {
      "efp": 0.10899461802669466,
      "months": [
        4,
        5,
        6
      ]
    },
    "MJJ": {
      "efp": 0.0589994410320652,
      "months": [
        5,
        6,
        7
      ]
    },
    "JJA": {
      "efp": 0.04722673852220022,
      "months": [
        6,
        7,
        8
      ]
    },
    "JAS": {
      "efp": 0.05297716555156428,
      "months": [
        7,
        8,
        9
      ]
    },
    "ASO": {
      "efp": 0.03961975205138546,
      "months": [
        8,
        9,
        10
      ]
    },
    "SON": {
      "efp": 0.08863330906980793,
      "months": [
        9,
        10,
        11
      ]
    },
    "OND": {
      "efp": 0.07805190103548836,
      "months": [
        10,
        11,
        12
      ]
    },
    "NDJ": {
      "efp": 0.12195094347877822,
      "months": [
        11,
        12,
        1
      ]
    }
  },
  "efp_nh_gt3": {
    "DJF": {
      "efp": 0.15591583700163908,
      "months": [
        12,
        1,
        2
      ]
    },
    "JFM": {
      "efp": 0.17784974656809355,
      "months": [
        1,
        2,
        3
      ]
    },
    "FMA": {
      "efp": 0.16092162288090783,
      "months": [
        2,
        3,
        4
      ]
    },
    "MAM": {
      "efp": 0.11272689074469282,
      "months": [
        3,
        4,
        5
      ]
    },
    "AMJ": {
      "efp": 0.12314263386123935,
      "months": [
        4,
        5,
        6
      ]
    },
    "MJJ": {
      "efp": 0.11375148925575186,
      "months": [
        5,
        6,
        7
      ]
    },
    "JJA": {
      "efp": 0.11243599657382544,
      "months": [
        6,
        7,
        8
      ]
    },
    "JAS": {
      "efp": 0.0841153378486099,
      "months": [
        7,
        8,
        9
      ]
    },
    "ASO": {
      "efp": 0.09676818938143074,
      "months": [
        8,
        9,
        10
      ]
    },
    "SON": {
      "efp": 0.08995790483645583,
      "months": [
        9,
        10,
        11
      ]
    },
    "OND": {
      "efp": 0.10720248031697549,
      "months": [
        10,
        11,
        12
      ]
    },
    "NDJ": {
      "efp": 0.14858387326481845,
      "months": [
        11,
        12,
        1
      ]
    }
  },
  "efp_sh": {
    "DJF": {
      "efp": 0.13131117265199493,
      "months": [
        12,
        1,
        2
      ]
    },
    "JFM": {
      "efp": 0.1437404981334435,
      "months": [
        1,
        2,
        3
      ]
    },
    "FMA": {
      "efp": 0.14878012956325598,
      "months": [
        2,
        3,
        4
      ]
    },
    "MAM": {
      "efp": 0.2019142847619996,
      "months": [
        3,
        4,
        5
      ]
    },
    "AMJ": {
      "efp": 0.19087328437360274,
      "months": [
        4,
        5,
        6
      ]
    },
    "MJJ": {
      "efp": 0.23122343235627507,
      "months": [
        5,
        6,
        7
      ]
    },
    "JJA": {
      "efp": 0.2699934723906138,
      "months": [
        6,
        7,
        8
      ]
    },
    "JAS": {
      "efp": 0.2530743295154732,
      "months": [
        7,
        8,
        9
      ]
    },
    "ASO": {
      "efp": 0.2633764476234094,
      "months": [
        8,
        9,
        10
      ]
    },
    "SON": {
      "efp": 0.25480160689012454,
      "months": [
        9,
        10,
        11
      ]
    },
    "OND": {
      "efp": 0.2252628685708083,
      "months": [
        10,
        11,
        12
      ]
    },
    "NDJ": {
      "efp": 0.14468118673392677,
      "months": [
        11,
        12,
        1
      ]
    }
  },
  "efp_sh_123": {
    "DJF": {
      "efp": 0.04136920473106176,
      "months": [
        12,
        1,
        2
      ]
    },
    "JFM": {
      "efp": 0.04367898802278527,
      "months": [
        1,
        2,
        3
      ]
    },
    "FMA": {
      "efp": 0.05483170589100813,
      "months": [
        2,
        3,
        4
      ]
    },
    "MAM": {
      "efp": 0.05093386093580439,
      "months": [
        3,
        4,
        5
      ]
    },
    "AMJ": {
      "efp": 0.065494452308458,
      "months": [
        4,
        5,
        6
      ]
    },
    "MJJ": {
      "efp": 0.04182021509723577,
      "months": [
        5,
        6,
        7
      ]
    },
    "JJA": {
      "efp": 0.040209698605091916,
      "months": [
        6,
        7,
        8
      ]
    },
    "JAS": {
      "efp": 0.030281771650747677,
      "months": [
        7,
        8,
        9
      ]
    },
    "ASO": {
      "efp": 0.049955043233211434,
      "months": [
        8,
        9,
        10
      ]
    },
    "SON": {
      "efp": 0.045185496858460655,
      "months": [
        9,
        10,
        11
      ]
    },
    "OND": {
      "efp": 0.0603448553843476,
      "months": [
        10,
        11,
        12
      ]
    },
    "NDJ": {
      "efp": 0.0644647673919222,
      "months": [
        11,
        12,
        1
      ]
    }
  },
  "efp_sh_gt3": {
    "DJF": {
      "efp": 0.07260741265152656,
      "months": [
        12,
        1,
        2
      ]
    },
    "JFM": {
      "efp": 0.10723832835173139,
      "months": [
        1,
        2,
        3
      ]
    },
    "FMA": {
      "efp": 0.17241258713067623,
      "months": [
        2,
        3,
        4
      ]
    },
    "MAM": {
      "efp": 0.18548285247932048,
      "months": [
        3,
        4,
        5
      ]
    },
    "AMJ": {
      "efp": 0.18559072343331148,
      "months": [
        4,
        5,
        6
      ]
    },
    "MJJ": {
      "efp": 0.15765683552077212,
      "months": [
        5,
        6,
        7
      ]
    },
    "JJA": {
      "efp": 0.1700205819444558,
      "months": [
        6,
        7,
        8
      ]
    },
    "JAS": {
      "efp": 0.17636659413993508,
      "months": [
        7,
        8,
        9
      ]
    },
    "ASO": {
      "efp": 0.22981367212277437,
      "months": [
        8,
        9,
        10
      ]
    },
    "SON": {
      "efp": 0.19357055730260464,
      "months": [
        9,
        10,
        11
      ]
    },