{
  "efp_nh": {
    "DJF": {
      "efp": 0.32200685514354765,
      "months": [
        12,
        1,
        2
      ]
    },
    "JFM": {
      "efp": 0.3414765869971931,
      "months": [
        1,
        2,
        3
      ]
    },
    "FMA": {
      "efp": 0.34316281515055824,
      "months": [
        2,
        3,
        4
      ]
    },
    "MAM": {
      "efp": 0.2725727676866039,
      "months": [
        3,
        4,
        5
      ]
    },
    "AMJ": {
      "efp": 0.21611194232309874,
      "months": [
        4,
        5,
        6
      ]
    },
    "MJJ": {
      "efp": 0.22668834141432853,
      "months": [
        5,
        6,
        7
      ]
    },
    "JJA": {
      "efp": 0.17143672273104493,
      "months": [
        6,
        7,
        8
      ]
    },
    "JAS": {
      "efp": 0.13353211098281184,
      "months": [
        7,
        8,
        9
      ]
    },
    "ASO": {
      "efp": 0.1589335926896975,
      "months": [
        8,
        9,
        10
      ]
    },
    "SON": {
      "efp": 0.16021440212467336,
      "months": [
        9,
        10,
        11
      ]
    },
    "OND": {
      "efp": 0.2063781641260392,
      "months": [
        10,
        11,
        12
      ]
    },
    "NDJ": {
      "efp": 0.2437454076432898,
      "months": [
        11,
        12,
        1
      ]
    }
  },
  "efp_nh_123": {
    "DJF": {
      "efp": 0.1376407426957622,
      "months": [
        12,
        1,
        2
      ]
    },
    "JFM": {
      "efp": 0.14596524765321486,
      "months": [
        1,
        2,
        3
      ]
    },
    "FMA": {
      "efp": 0.11270330710930686,
      "months": [
        2,
        3,
        4
      ]
    },
    "MAM": {
      "efp": 0.07162843092444385,
      "months": [
        3,
        4,
        5
      ]
    },
    "AMJ": {
      "efp": 0.04030397544374851,
      "months": [
        4,
        5,
        6
      ]
    },
    "MJJ": {
      "efp": 0.050934852993022445,
      "months": [
        5,
        6,
        7
      ]
    },
    "JJA": {
      "efp": 0.048373633677909436,
      "months": [
        6,
        7,
        8
      ]
    },
    "JAS": {
      "efp": 0.025666998395299335,
      "months": [
        7,
        8,
        9
      ]
    },
    "ASO": {
      "efp": 0.01895797322544561,
      "months": [
        8,
        9,
        10
      ]
    },
    "SON": {
      "efp": 0.026533403359065885,
      "months": [
        9,
        10,
        11
      ]
    },
    "OND": {
      "efp": 0.04396805132352336,
      "months": [
        10,
        11,
        12
      ]
    },
    "NDJ": {
      "efp": 0.0782438343262817,
      "months": [
        11,
        12,
        1
      ]
    }
  },
  "efp_nh_gt3": {
    "DJF": {
      "efp": 0.18229515838499374,
      "months": [
        12,
        1,
        2
      ]
    },
    "JFM": {
      "efp": 0.18195037149098137,
      "months": [
        1,
        2,
        3
      ]
    },
    "FMA": {
      "efp": 0.20364172233839384,
      "months": [
        2,
        3,
        4
      ]
    },
    "MAM": {
      "efp": 0.16895699917813772,
      "months": [
        3,
        4,
        5
      ]
    },
    "AMJ": {
      "efp": 0.15075006598178747,
      "months": [
        4,
        5,
        6
      ]
    },
    "MJJ": {
      "efp": 0.1430433698765671,
      "months": [
        5,
        6,
        7
      ]
    },
    "JJA": {
      "efp": 0.11968657677190848,
      "months": [
        6,
        7,
        8
      ]
    },
    "JAS": {
      "efp": 0.11073092692468992,
      "months": [
        7,
        8,
        9
      ]
    },
    "ASO": {
      "efp": 0.1344464287376436,
      "months": [
        8,
        9,
        10
      ]
    },
    "SON": {
      "efp": 0.1372513211598448,
      "months": [
        9,
        10,
        11
      ]
    },
    "OND": {
      "efp": 0.14119085910405743,
      "months": [
        10,
        11,
        12
      ]
    },
    "NDJ": {
      "efp": 0.1628440644157646,
      "months": [
        11,
        12,
        1
      ]
    }
  },
  "efp_sh": {
    "DJF": {
      "efp": 0.17282510180492477,
      "months": [
        12,
        1,
        2
      ]
    },
    "JFM": {
      "efp": 0.15227619383631472,
      "months": [
        1,
        2,
        3
      ]
    },
    "FMA": {
      "efp": 0.12992854907282314,
      "months": [
        2,
        3,
        4
      ]
    },
    "MAM": {
      "efp": 0.20837542122518157,
      "months": [
        3,
        4,
        5
      ]
    },
    "AMJ": {
      "efp": 0.2815062241149287,
      "months": [
        4,
        5,
        6
      ]
    },
    "MJJ": {
      "efp": 0.3501068905673532,
      "months": [
        5,
        6,
        7
      ]
    },
    "JJA": {
      "efp": 0.3616875595669041,
      "months": [
        6,
        7,
        8
      ]
    },
    "JAS": {
      "efp": 0.3760346590109711,
      "months": [
        7,
        8,
        9
      ]
    },
    "ASO": {
      "efp": 0.3350712947210115,
      "months": [
        8,
        9,
        10
      ]
    },
    "SON": {
      "efp": 0.30958273798760455,
      "months": [
        9,
        10,
        11
      ]
    },
    "OND": {
      "efp": 0.3195969799076239,
      "months": [
        10,
        11,
        12
      ]
    },
    "NDJ": {
      "efp": 0.19459934116823088,
      "months": [
        11,
        12,
        1
      ]
    }
  },
  "efp_sh_123": {
    "DJF": {
      "efp": 0.044006894253609714,
      "months": [
        12,
        1,
        2
      ]
    },
    "JFM": {
      "efp": 0.03546474221887301,
      "months": [
        1,
        2,
        3
      ]
    },
    "FMA": {
      "efp": 0.04836267167832739,
      "months": [
        2,
        3,
        4
      ]
    },
    "MAM": {
      "efp": 0.03229415217769204,
      "months": [
        3,
        4,
        5
      ]
    },
    "AMJ": {
      "efp": 0.020978716261820646,
      "months": [
        4,
        5,
        6
      ]
    },
    "MJJ": {
      "efp": 0.030274619681216107,
      "months": [
        5,
        6,
        7
      ]
    },
    "JJA": {
      "efp": 0.025077846072482066,
      "months": [
        6,
        7,
        8
      ]
    },
    "JAS": {
      "efp": 0.04115785130083359,
      "months": [
        7,
        8,
        9
      ]
    },
    "ASO": {
      "efp": 0.048028907801315704,
      "months": [
        8,
        9,
        10
      ]
    },
    "SON": {
      "efp": 0.042535018050120346,
      "months": [
        9,
        10,
        11
      ]
    },
    "OND": {
      "efp": 0.041461376004202535,
      "months": [
        10,
        11,
        12
      ]
    },
    "NDJ": {
      "efp": 0.043794183689593036,
      "months": [
        11,
        12,
        1
      ]
    }
  },
  "efp_sh_gt3": {
    "DJF": {
      "efp": 0.13229254889272893,
      "months": [
        12,
        1,
        2
      ]
    },
    "JFM": {
      "efp": 0.11968096380564805,
      "months": [
        1,
        2,
        3
      ]
    },
    "FMA": {
      "efp": 0.13955185859223762,
      "months": [
        2,
        3,
        4
      ]
    },
    "MAM": {
      "efp": 0.2054247833245593,
      "months": [
        3,
        4,
        5
      ]
    },
    "AMJ": {
      "efp": 0.24745205798299663,
      "months": [
        4,
        5,
        6
      ]
    },
    "MJJ": {
      "efp": 0.25602209374045864,
      "months": [
        5,
        6,
        7
      ]
    },
    "JJA": {
      "efp": 0.2808388277384625,
      "months": [
        6,
        7,
        8
      ]
    },
    "JAS": {
      "efp": 0.2973910452524653,
      "months": [
        7,
        8,
        9
      ]
    },
    "ASO": {
      "efp": 0.30864717325515323,
      "months": [
        8,
        9,
        10
      ]
    },
    "SON": {
      "efp": 0.2736731601065817,