model,efp_nh,efp_nh_gt3,efp_nh_123,efp_sh,efp_sh_gt3,efp_sh_123
AWI-ESM-1-1-LR,0.1991868896640418,0.1580408185264067,0.04508871733818344,0.4273369921329601,0.3272606547296755,0.0447858387829706
CMCC-CM2-SR5,0.3564447721723402,0.1337957109076129,0.19327374437590464,0.3324282739545317,0.27856095932894204,0.056189470468118244
EC-Earth3,0.2672494580198547,0.10803210719937272,0.11065576139590261,0.25686240536589044,0.16569673784890188,0.016306294815520764
EC-Earth3-LR,0.2752868612733315,0.1344829014099723,0.0961830145914483,0.23447277628261726,0.1516155297736164,0.041785099690815425
EC-Earth3-Veg,0.24088066625825333,0.08343376568147644,0.13627050159162843,0.2822399940947482,0.23080574492770672,0.06293728365714621
EC-Earth3-Veg-LR,0.29918264853376075,0.1696166791716095,0.15500205658249924,0.26374219766298185,0.1836480683343555,0.03379424773847599
MIROC6,0.18604244269300788,0.12011336729689713,0.06573836224770513,0.35830453162918613,0.2885169394772993,0.050402249772100935
MPI-ESM1-2-HR,0.3505397697448397,0.187649119819975,0.13518103478971435,0.33529939803361913,0.23097776390653169,0.04446746939749327
MRI-ESM2-0,0.29879218376095834,0.14776601161341782,0.1071835323158847,0.34520367556217024,0.26973654055447915,0.05256130655654529
