{
  "efp_nh": {
    "DJF": {
      "efp": 0.30964879767520626,
      "months": [
        12,
        1,
        2
      ]
    },
    "JFM": {
      "efp": 0.3296533104346285,
      "months": [
        1,
        2,
        3
      ]
    },
    "FMA": {
      "efp": 0.2827257650678673,
      "months": [
        2,
        3,
        4
      ]
    },
    "MAM": {
      "efp": 0.26375653407591915,
      "months": [
        3,
        4,
        5
      ]
    },
    "AMJ": {
      "efp": 0.19854501219644796,
      "months": [
        4,
        5,
        6
      ]
    },
    "MJJ": {
      "efp": 0.1445584128104607,
      "months": [
        5,
        6,
        7
      ]
    },
    "JJA": {
      "efp": 0.12131962924758771,
      "months": [
        6,
        7,
        8
      ]
    },
    "JAS": {
      "efp": 0.11736328091491977,
      "months": [
        7,
        8,
        9
      ]
    },
    "ASO": {
      "efp": 0.1372155476835004,
      "months": [
        8,
        9,
        10
      ]
    },
    "SON": {
      "efp": 0.16212266017787239,
      "months": [
        9,
        10,
        11
      ]
    },
    "OND": {
      "efp": 0.20757789292672668,
      "months": [
        10,
        11,
        12
      ]
    },
    "NDJ": {
      "efp": 0.25968301736529514,
      "months": [
        11,
        12,
        1
      ]
    }
  },
  "efp_nh_123": {
    "DJF": {
      "efp": 0.09354212965600509,
      "months": [
        12,
        1,
        2
      ]
    },
    "JFM": {
      "efp": 0.09682601106455277,
      "months": [
        1,
        2,
        3
      ]
    },
    "FMA": {
      "efp": 0.0634395920837366,
      "months": [
        2,
        3,
        4
      ]
    },
    "MAM": {
      "efp": 0.052098959658038776,
      "months": [
        3,
        4,
        5
      ]
    },
    "AMJ": {
      "efp": 0.04056640410678027,
      "months": [
        4,
        5,
        6
      ]
    },
    "MJJ": {
      "efp": 0.033761908515536836,
      "months": [
        5,
        6,
        7
      ]
    },
    "JJA": {
      "efp": 0.022234185699171134,
      "months": [
        6,
        7,
        8
      ]
    },
    "JAS": {
      "efp": 0.03333370099438887,
      "months": [
        7,
        8,
        9
      ]
    },
    "ASO": {
      "efp": 0.02521290860795408,
      "months": [
        8,
        9,
        10
      ]
    },
    "SON": {
      "efp": 0.034498461077082584,
      "months": [
        9,
        10,
        11
      ]
    },
    "OND": {
      "efp": 0.03056483115477963,
      "months": [
        10,
        11,
        12
      ]
    },
    "NDJ": {
      "efp": 0.05471932743596741,
      "months": [
        11,
        12,
        1
      ]
    }
  },
  "efp_nh_gt3": {
    "DJF": {
      "efp": 0.16429899011174925,
      "months": [
        12,
        1,
        2
      ]
    },
    "JFM": {
      "efp": 0.1778920136822161,
      "months": [
        1,
        2,
        3
      ]
    },
    "FMA": {
      "efp": 0.1656727053842192,
      "months": [
        2,
        3,
        4
      ]
    },
    "MAM": {
      "efp": 0.162648727314232,
      "months": [
        3,
        4,
        5
      ]
    },
    "AMJ": {
      "efp": 0.12742669694721756,
      "months": [
        4,
        5,
        6
      ]
    },
    "MJJ": {
      "efp": 0.12426477691278082,
      "months": [
        5,
        6,
        7
      ]
    },
    "JJA": {
      "efp": 0.10147007314876443,
      "months": [
        6,
        7,
        8
      ]
    },
    "JAS": {
      "efp": 0.08425260599299282,
      "months": [
        7,
        8,
        9
      ]
    },
    "ASO": {
      "efp": 0.10031664951341819,
      "months": [
        8,
        9,
        10
      ]
    },
    "SON": {
      "efp": 0.10192999722041123,
      "months": [
        9,
        10,
        11
      ]
    },
    "OND": {
      "efp": 0.13508245956205114,
      "months": [
        10,
        11,
        12
      ]
    },
    "NDJ": {
      "efp": 0.1613139182250887,
      "months": [
        11,
        12,
        1
      ]
    }
  },
  "efp_sh": {
    "DJF": {
      "efp": 0.19717313001872214,
      "months": [
        12,
        1,
        2
      ]
    },
    "JFM": {
      "efp": 0.1440708156005725,
      "months": [
        1,
        2,
        3
      ]
    },
    "FMA": {
      "efp": 0.11726353686222633,
      "months": [
        2,
        3,
        4
      ]
    },
    "MAM": {
      "efp": 0.18889997974778142,
      "months": [
        3,
        4,
        5
      ]
    },
    "AMJ": {
      "efp": 0.2869204698786969,
      "months": [
        4,
        5,
        6
      ]
    },
    "MJJ": {
      "efp": 0.3313649623269528,
      "months": [
        5,
        6,
        7
      ]
    },
    "JJA": {
      "efp": 0.3648062842682824,
      "months": [
        6,
        7,
        8
      ]
    },
    "JAS": {
      "efp": 0.37006748843601,
      "months": [
        7,
        8,
        9
      ]
    },
    "ASO": {
      "efp": 0.3632079750336706,
      "months": [
        8,
        9,
        10
      ]
    },
    "SON": {
      "efp": 0.32476987701484994,
      "months": [
        9,
        10,
        11
      ]
    },
    "OND": {
      "efp": 0.3021879539152129,
      "months": [
        10,
        11,
        12
      ]
    },
    "NDJ": {
      "efp": 0.22138144541538404,
      "months": [
        11,
        12,
        1
      ]
    }
  },
  "efp_sh_123": {
    "DJF": {
      "efp": 0.03442633785241347,
      "months": [
        12,
        1,
        2
      ]
    },
    "JFM": {
      "efp": 0.03458180485715513,
      "months": [
        1,
        2,
        3
      ]
    },
    "FMA": {
      "efp": 0.03873265848115258,
      "months": [
        2,
        3,
        4
      ]
    },
    "MAM": {
      "efp": 0.01808270936299925,
      "months": [
        3,
        4,
        5
      ]
    },
    "AMJ": {
      "efp": 0.01163296346635033,
      "months": [
        4,
        5,
        6
      ]
    },
    "MJJ": {
      "efp": 0.016743192044562285,
      "months": [
        5,
        6,
        7
      ]
    },
    "JJA": {
      "efp": 0.018105998196654455,
      "months": [
        6,
        7,
        8
      ]
    },
    "JAS": {
      "efp": 0.02339806637821718,
      "months": [
        7,
        8,
        9
      ]
    },
    "ASO": {
      "efp": 0.02233971038459399,
      "months": [
        8,
        9,
        10
      ]
    },
    "SON": {
      "efp": 0.022398711051382737,
      "months": [
        9,
        10,
        11
      ]
    },
    "OND": {
      "efp": 0.030707829026358567,
      "months": [
        10,
        11,
        12
      ]
    },
    "NDJ": {
      "efp": 0.04427531441938582,
      "months": [
        11,
        12,
        1
      ]
    }
  },
  "efp_sh_gt3": {
    "DJF": {
      "efp": 0.1383091013563331,
      "months": [
        12,
        1,
        2
      ]
    },
    "JFM": {
      "efp": 0.1026991201049021,
      "months": [
        1,
        2,
        3
      ]
    },
    "FMA": {
      "efp": 0.10703301062985768,
      "months": [
        2,
        3,
        4
      ]
    },
    "MAM": {
      "efp": 0.15678976238028233,
      "months": [
        3,
        4,
        5
      ]
    },
    "AMJ": {
      "efp": 0.20295277421220126,
      "months": [
        4,
        5,
        6
      ]
    },
    "MJJ": {
      "efp": 0.25160696849032715,
      "months": [
        5,
        6,
        7
      ]
    },
    "JJA": {
      "efp": 0.28771693216210426,
      "months": [
        6,
        7,
        8
      ]
    },
    "JAS": {
      "efp": 0.3020341507071034,
      "months": [
        7,
        8,
        9
      ]
    },
    "ASO": {
      "efp": 0.3033206149631427,
      "months": [
        8,
        9,
        10
      ]
    },
    "SON": {
      "efp": 0.2746775973213384,
      "months": [
        9,
        10,
        11
      ]
    },