{
  "efp_nh": {
    "DJF": {
      "efp": 0.3564447721723402,
      "months": [
        12,
        1,
        2
      ]
    },
    "JFM": {
      "efp": 0.36924473580664396,
      "months": [
        1,
        2,
        3
      ]
    },
    "FMA": {
      "efp": 0.2828136495930029,
      "months": [
        2,
        3,
        4
      ]
    },
    "MAM": {
      "efp": 0.2752317998360562,
      "months": [
        3,
        4,
        5
      ]
    },
    "AMJ": {
      "efp": 0.2527537475275651,
      "months": [
        4,
        5,
        6
      ]
    },
    "MJJ": {
      "efp": 0.23291878965504872,
      "months": [
        5,
        6,
        7
      ]
    },
    "JJA": {
      "efp": 0.15995266030275707,
      "months": [
        6,
        7,
        8
      ]
    },
    "JAS": {
      "efp": 0.19621983991092196,
      "months": [
        7,
        8,
        9
      ]
    },
    "ASO": {
      "efp": 0.11116466239499503,
      "months": [
        8,
        9,
        10
      ]
    },
    "SON": {
      "efp": 0.1412942059364458,
      "months": [
        9,
        10,
        11
      ]
    },
    "OND": {
      "efp": 0.22830425833772483,
      "months": [
        10,
        11,
        12
      ]
    },
    "NDJ": {
      "efp": 0.24945712137563936,
      "months": [
        11,
        12,
        1
      ]
    }
  },
  "efp_nh_123": {
    "DJF": {
      "efp": 0.19327374437590464,
      "months": [
        12,
        1,
        2
      ]
    },
    "JFM": {
      "efp": 0.1980051124299441,
      "months": [
        1,
        2,
        3
      ]
    },
    "FMA": {
      "efp": 0.12441538023167291,
      "months": [
        2,
        3,
        4
      ]
    },
    "MAM": {
      "efp": 0.11626017391474397,
      "months": [
        3,
        4,
        5
      ]
    },
    "AMJ": {
      "efp": 0.04607897761250295,
      "months": [
        4,
        5,
        6
      ]
    },
    "MJJ": {
      "efp": 0.04993145204807006,
      "months": [
        5,
        6,
        7
      ]
    },
    "JJA": {
      "efp": 0.050203643044569285,
      "months": [
        6,
        7,
        8
      ]
    },
    "JAS": {
      "efp": 0.038967080048844124,
      "months": [
        7,
        8,
        9
      ]
    },
    "ASO": {
      "efp": 0.044870536931467524,
      "months": [
        8,
        9,
        10
      ]
    },
    "SON": {
      "efp": 0.019172412501262434,
      "months": [
        9,
        10,
        11
      ]
    },
    "OND": {
      "efp": 0.058473841870170816,
      "months": [
        10,
        11,
        12
      ]
    },
    "NDJ": {
      "efp": 0.07916838769969457,
      "months": [
        11,
        12,
        1
      ]
    }
  },
  "efp_nh_gt3": {
    "DJF": {
      "efp": 0.1337957109076129,
      "months": [
        12,
        1,
        2
      ]
    },
    "JFM": {
      "efp": 0.1455979128118763,
      "months": [
        1,
        2,
        3
      ]
    },
    "FMA": {
      "efp": 0.17110503671421784,
      "months": [
        2,
        3,
        4
      ]
    },
    "MAM": {
      "efp": 0.2626943339294083,
      "months": [
        3,
        4,
        5
      ]
    },
    "AMJ": {
      "efp": 0.22879153698769494,
      "months": [
        4,
        5,
        6
      ]
    },
    "MJJ": {
      "efp": 0.15002491167207474,
      "months": [
        5,
        6,
        7
      ]
    },
    "JJA": {
      "efp": 0.07643119613461054,
      "months": [
        6,
        7,
        8
      ]
    },
    "JAS": {
      "efp": 0.10820586844719253,
      "months": [
        7,
        8,
        9
      ]
    },
    "ASO": {
      "efp": 0.0799634681517748,
      "months": [
        8,
        9,
        10
      ]
    },
    "SON": {
      "efp": 0.14237547951027194,
      "months": [
        9,
        10,
        11
      ]
    },
    "OND": {
      "efp": 0.1600999691654454,
      "months": [
        10,
        11,
        12
      ]
    },
    "NDJ": {
      "efp": 0.19515299857408233,
      "months": [
        11,
        12,
        1
      ]
    }
  },
  "efp_sh": {
    "DJF": {
      "efp": 0.12597178058514646,
      "months": [
        12,
        1,
        2
      ]
    },
    "JFM": {
      "efp": 0.1001598190701819,
      "months": [
        1,
        2,
        3
      ]
    },
    "FMA": {
      "efp": 0.12304011257667606,
      "months": [
        2,
        3,
        4
      ]
    },
    "MAM": {
      "efp": 0.204931320587773,
      "months": [
        3,
        4,
        5
      ]
    },
    "AMJ": {
      "efp": 0.22081948728737036,
      "months": [
        4,
        5,
        6
      ]
    },
    "MJJ": {
      "efp": 0.2870955518597719,
      "months": [
        5,
        6,
        7
      ]
    },
    "JJA": {
      "efp": 0.3248625463349015,
      "months": [
        6,
        7,
        8
      ]
    },
    "JAS": {
      "efp": 0.3324282739545317,
      "months": [
        7,
        8,
        9
      ]
    },
    "ASO": {
      "efp": 0.17208570766713124,
      "months": [
        8,
        9,
        10
      ]
    },
    "SON": {
      "efp": 0.20860763948263228,
      "months": [
        9,
        10,
        11
      ]
    },
    "OND": {
      "efp": 0.21459328461439756,
      "months": [
        10,
        11,
        12
      ]
    },
    "NDJ": {
      "efp": 0.16274221806395256,
      "months": [
        11,
        12,
        1
      ]
    }
  },
  "efp_sh_123": {
    "DJF": {
      "efp": 0.04560636650232033,
      "months": [
        12,
        1,
        2
      ]
    },
    "JFM": {
      "efp": 0.05686976007951845,
      "months": [
        1,
        2,
        3
      ]
    },
    "FMA": {
      "efp": 0.057316075894332935,
      "months": [
        2,
        3,
        4
      ]
    },
    "MAM": {
      "efp": 0.04955990014769877,
      "months": [
        3,
        4,
        5
      ]
    },
    "AMJ": {
      "efp": 0.058215421992673294,
      "months": [
        4,
        5,
        6
      ]
    },
    "MJJ": {
      "efp": 0.04556742875018552,
      "months": [
        5,
        6,
        7
      ]
    },
    "JJA": {
      "efp": 0.055908465759415514,
      "months": [
        6,
        7,
        8
      ]
    },
    "JAS": {
      "efp": 0.056189470468118244,
      "months": [
        7,
        8,
        9
      ]
    },
    "ASO": {
      "efp": 0.031775305283216274,
      "months": [
        8,
        9,
        10
      ]
    },
    "SON": {
      "efp": 0.013845725155390468,
      "months": [
        9,
        10,
        11
      ]
    },
    "OND": {
      "efp": 0.01945375485068324,
      "months": [
        10,
        11,
        12
      ]
    },
    "NDJ": {
      "efp": 0.03566781211713324,
      "months": [
        11,
        12,
        1
      ]
    }
  },
  "efp_sh_gt3": {
    "DJF": {
      "efp": 0.08448768862663283,
      "months": [
        12,
        1,
        2
      ]
    },
    "JFM": {
      "efp": 0.06009994103250648,
      "months": [
        1,
        2,
        3
      ]
    },
    "FMA": {
      "efp": 0.08772642620391047,
      "months": [
        2,
        3,
        4
      ]
    },
    "MAM": {
      "efp": 0.14953870331582678,
      "months": [
        3,
        4,
        5
      ]
    },
    "AMJ": {
      "efp": 0.17123173229547428,
      "months": [
        4,
        5,
        6
      ]
    },
    "MJJ": {
      "efp": 0.21407745741424838,
      "months": [
        5,
        6,
        7
      ]
    },
    "JJA": {
      "efp": 0.28346755894965125,
      "months": [
        6,
        7,
        8
      ]
    },
    "JAS": {
      "efp": 0.27856095932894204,
      "months": [
        7,
        8,
        9
      ]
    },
    "ASO": {
      "efp": 0.17536550209296314,
      "months": [
        8,
        9,
        10
      ]
    },
    "SON": {
      "efp": 0.1503634166822441,