{
  "efp_nh": {
    "DJF": {
      "efp": 0.36661390077781736,
      "months": [
        12,
        1,
        2
      ]
    },
    "JFM": {
      "efp": 0.32233451444317723,
      "months": [
        1,
        2,
        3
      ]
    },
    "FMA": {
      "efp": 0.3809695670291032,
      "months": [
        2,
        3,
        4
      ]
    },
    "MAM": {
      "efp": 0.29617098774407014,
      "months": [
        3,
        4,
        5
      ]
    },
    "AMJ": {
      "efp": 0.27780456866371794,
      "months": [
        4,
        5,
        6
      ]
    },
    "MJJ": {
      "efp": 0.20087599056406638,
      "months": [
        5,
        6,
        7
      ]
    },
    "JJA": {
      "efp": 0.16581133564512188,
      "months": [
        6,
        7,
        8
      ]
    },
    "JAS": {
      "efp": 0.21641909963246642,
      "months": [
        7,
        8,
        9
      ]
    },
    "ASO": {
      "efp": 0.17462763061211087,
      "months": [
        8,
        9,
        10
      ]
    },
    "SON": {
      "efp": 0.2109512685653562,
      "months": [
        9,
        10,
        11
      ]
    },
    "OND": {
      "efp": 0.19985681044062772,
      "months": [
        10,
        11,
        12
      ]
    },
    "NDJ": {
      "efp": 0.3369982268644143,
      "months": [
        11,
        12,
        1
      ]
    }
  },
  "efp_nh_123": {
    "DJF": {
      "efp": 0.13664270161563363,
      "months": [
        12,
        1,
        2
      ]
    },
    "JFM": {
      "efp": 0.1117826906154894,
      "months": [
        1,
        2,
        3
      ]
    },
    "FMA": {
      "efp": 0.12680760899930654,
      "months": [
        2,
        3,
        4
      ]
    },
    "MAM": {
      "efp": 0.07459311553746037,
      "months": [
        3,
        4,
        5
      ]
    },
    "AMJ": {
      "efp": 0.08203278487410058,
      "months": [
        4,
        5,
        6
      ]
    },
    "MJJ": {
      "efp": 0.08463397206070408,
      "months": [
        5,
        6,
        7
      ]
    },
    "JJA": {
      "efp": 0.06639705093033485,
      "months": [
        6,
        7,
        8
      ]
    },
    "JAS": {
      "efp": 0.049731014049104016,
      "months": [
        7,
        8,
        9
      ]
    },
    "ASO": {
      "efp": 0.054144506944289836,
      "months": [
        8,
        9,
        10
      ]
    },
    "SON": {
      "efp": 0.06305129654497837,
      "months": [
        9,
        10,
        11
      ]
    },
    "OND": {
      "efp": 0.0741434927354133,
      "months": [
        10,
        11,
        12
      ]
    },
    "NDJ": {
      "efp": 0.14577618872279788,
      "months": [
        11,
        12,
        1
      ]
    }
  },
  "efp_nh_gt3": {
    "DJF": {
      "efp": 0.1694382593030695,
      "months": [
        12,
        1,
        2
      ]
    },
    "JFM": {
      "efp": 0.19287923521530465,
      "months": [
        1,
        2,
        3
      ]
    },
    "FMA": {
      "efp": 0.23856099508557055,
      "months": [
        2,
        3,
        4
      ]
    },
    "MAM": {
      "efp": 0.21331047641137482,
      "months": [
        3,
        4,
        5
      ]
    },
    "AMJ": {
      "efp": 0.152540946296245,
      "months": [
        4,
        5,
        6
      ]
    },
    "MJJ": {
      "efp": 0.10598295502995628,
      "months": [
        5,
        6,
        7
      ]
    },
    "JJA": {
      "efp": 0.08254011111664662,
      "months": [
        6,
        7,
        8
      ]
    },
    "JAS": {
      "efp": 0.14174988408781342,
      "months": [
        7,
        8,
        9
      ]
    },
    "ASO": {
      "efp": 0.13422023665765861,
      "months": [
        8,
        9,
        10
      ]
    },
    "SON": {
      "efp": 0.15558419596219525,
      "months": [
        9,
        10,
        11
      ]
    },
    "OND": {
      "efp": 0.17085482317488945,
      "months": [
        10,
        11,
        12
      ]
    },
    "NDJ": {
      "efp": 0.16196779818218277,
      "months": [
        11,
        12,
        1
      ]
    }
  },
  "efp_sh": {
    "DJF": {
      "efp": 0.1964496582894641,
      "months": [
        12,
        1,
        2
      ]
    },
    "JFM": {
      "efp": 0.11884586578564159,
      "months": [
        1,
        2,
        3
      ]
    },
    "FMA": {
      "efp": 0.08813220393617012,
      "months": [
        2,
        3,
        4
      ]
    },
    "MAM": {
      "efp": 0.12340045609834958,
      "months": [
        3,
        4,
        5
      ]
    },
    "AMJ": {
      "efp": 0.2620971034428336,
      "months": [
        4,
        5,
        6
      ]
    },
    "MJJ": {
      "efp": 0.3850364278767666,
      "months": [
        5,
        6,
        7
      ]
    },
    "JJA": {
      "efp": 0.3270815282271348,
      "months": [
        6,
        7,
        8
      ]
    },
    "JAS": {
      "efp": 0.27188358575068416,
      "months": [
        7,
        8,
        9
      ]
    },
    "ASO": {
      "efp": 0.3498457288276893,
      "months": [
        8,
        9,
        10
      ]
    },
    "SON": {
      "efp": 0.31351776748803495,
      "months": [
        9,
        10,
        11
      ]
    },
    "OND": {
      "efp": 0.2571801331559377,
      "months": [
        10,
        11,
        12
      ]
    },
    "NDJ": {
      "efp": 0.23600092802699255,
      "months": [
        11,
        12,
        1
      ]
    }
  },
  "efp_sh_123": {
    "DJF": {
      "efp": 0.12702901513649845,
      "months": [
        12,
        1,
        2
      ]
    },
    "JFM": {
      "efp": 0.059650722627854036,
      "months": [
        1,
        2,
        3
      ]
    },
    "FMA": {
      "efp": 0.045490964257273704,
      "months": [
        2,
        3,
        4
      ]
    },
    "MAM": {
      "efp": 0.037060101408164924,
      "months": [
        3,
        4,
        5
      ]
    },
    "AMJ": {
      "efp": 0.03496877557379277,
      "months": [
        4,
        5,
        6
      ]
    },
    "MJJ": {
      "efp": 0.04036999275070983,
      "months": [
        5,
        6,
        7
      ]
    },
    "JJA": {
      "efp": 0.05985651668174755,
      "months": [
        6,
        7,
        8
      ]
    },
    "JAS": {
      "efp": 0.032370512788401216,
      "months": [
        7,
        8,
        9
      ]
    },
    "ASO": {
      "efp": 0.040426078559565544,
      "months": [
        8,
        9,
        10
      ]
    },
    "SON": {
      "efp": 0.09372889870961897,
      "months": [
        9,
        10,
        11
      ]
    },
    "OND": {
      "efp": 0.12672907986450765,
      "months": [
        10,
        11,
        12
      ]
    },
    "NDJ": {
      "efp": 0.08598968483479391,
      "months": [
        11,
        12,
        1
      ]
    }
  },
  "efp_sh_gt3": {
    "DJF": {
      "efp": 0.17260968471591387,
      "months": [
        12,
        1,
        2
      ]
    },
    "JFM": {
      "efp": 0.07231690524860547,
      "months": [
        1,
        2,
        3
      ]
    },
    "FMA": {
      "efp": 0.08555041637784548,
      "months": [
        2,
        3,
        4
      ]
    },
    "MAM": {
      "efp": 0.14500735659605288,
      "months": [
        3,
        4,
        5
      ]
    },
    "AMJ": {
      "efp": 0.25199614457384356,
      "months": [
        4,
        5,
        6
      ]
    },
    "MJJ": {
      "efp": 0.3376016505273429,
      "months": [
        5,
        6,
        7
      ]
    },
    "JJA": {
      "efp": 0.3047248816624217,
      "months": [
        6,
        7,
        8
      ]
    },
    "JAS": {
      "efp": 0.23832073413010713,
      "months": [
        7,
        8,
        9
      ]
    },
    "ASO": {
      "efp": 0.245612607133073,
      "months": [
        8,
        9,
        10
      ]
    },
    "SON": {
      "efp": 0.2805971514193729,
      "months": [
        9,
        10,
        11
      ]
    },