{
  "efp_nh": {
    "DJF": {
      "efp": 0.23744168635984217,
      "months": [
        12,
        1,
        2
      ]
    },
    "JFM": {
      "efp": 0.22840110062911204,
      "months": [
        1,
        2,
        3
      ]
    },
    "FMA": {
      "efp": 0.24922762280204064,
      "months": [
        2,
        3,
        4
      ]
    },
    "MAM": {
      "efp": 0.3036318598691211,
      "months": [
        3,
        4,
        5
      ]
    },
    "AMJ": {
      "efp": 0.25276330220201737,
      "months": [
        4,
        5,
        6
      ]
    },
    "MJJ": {
      "efp": 0.18130624272589566,
      "months": [
        5,
        6,
        7
      ]
    },
    "JJA": {
      "efp": 0.13459629726462433,
      "months": [
        6,
        7,
        8
      ]
    },
    "JAS": {
      "efp": 0.11097615285684276,
      "months": [
        7,
        8,
        9
      ]
    },
    "ASO": {
      "efp": 0.12195022647319465,
      "months": [
        8,
        9,
        10
      ]
    },
    "SON": {
      "efp": 0.1382896510941445,
      "months": [
        9,
        10,
        11
      ]
    },
    "OND": {
      "efp": 0.19953705758926288,
      "months": [
        10,
        11,
        12
      ]
    },
    "NDJ": {
      "efp": 0.2173608749483227,
      "months": [
        11,
        12,
        1
      ]
    }
  },
  "efp_nh_123": {
    "DJF": {
      "efp": 0.07161639651860537,
      "months": [
        12,
        1,
        2
      ]
    },
    "JFM": {
      "efp": 0.06047741590280194,
      "months": [
        1,
        2,
        3
      ]
    },
    "FMA": {
      "efp": 0.05535325281439825,
      "months": [
        2,
        3,
        4
      ]
    },
    "MAM": {
      "efp": 0.06968894106068345,
      "months": [
        3,
        4,
        5
      ]
    },
    "AMJ": {
      "efp": 0.04162683596364236,
      "months": [
        4,
        5,
        6
      ]
    },
    "MJJ": {
      "efp": 0.023473419711905318,
      "months": [
        5,
        6,
        7
      ]
    },
    "JJA": {
      "efp": 0.020645420817483332,
      "months": [
        6,
        7,
        8
      ]
    },
    "JAS": {
      "efp": 0.02672044915689666,
      "months": [
        7,
        8,
        9
      ]
    },
    "ASO": {
      "efp": 0.019195527934010928,
      "months": [
        8,
        9,
        10
      ]
    },
    "SON": {
      "efp": 0.019776698719764597,
      "months": [
        9,
        10,
        11
      ]
    },
    "OND": {
      "efp": 0.037245116647578826,
      "months": [
        10,
        11,
        12
      ]
    },
    "NDJ": {
      "efp": 0.06022194522941888,
      "months": [
        11,
        12,
        1
      ]
    }
  },
  "efp_nh_gt3": {
    "DJF": {
      "efp": 0.15711602997784413,
      "months": [
        12,
        1,
        2
      ]
    },
    "JFM": {
      "efp": 0.16673631975237488,
      "months": [
        1,
        2,
        3
      ]
    },
    "FMA": {
      "efp": 0.18611621032813278,
      "months": [
        2,
        3,
        4
      ]
    },
    "MAM": {
      "efp": 0.19717371853190888,
      "months": [
        3,
        4,
        5
      ]
    },
    "AMJ": {
      "efp": 0.1826039170860467,
      "months": [
        4,
        5,
        6
      ]
    },
    "MJJ": {
      "efp": 0.13642372464932798,
      "months": [
        5,
        6,
        7
      ]
    },
    "JJA": {
      "efp": 0.12025630377335766,
      "months": [
        6,
        7,
        8
      ]
    },
    "JAS": {
      "efp": 0.10663482676988795,
      "months": [
        7,
        8,
        9
      ]
    },
    "ASO": {
      "efp": 0.11881130668786094,
      "months": [
        8,
        9,
        10
      ]
    },
    "SON": {
      "efp": 0.13016238659550736,
      "months": [
        9,
        10,
        11
      ]
    },
    "OND": {
      "efp": 0.15048649428403876,
      "months": [
        10,
        11,
        12
      ]
    },
    "NDJ": {
      "efp": 0.14399094542743263,
      "months": [
        11,
        12,
        1
      ]
    }
  },
  "efp_sh": {
    "DJF": {
      "efp": 0.12043925238141158,
      "months": [
        12,
        1,
        2
      ]
    },
    "JFM": {
      "efp": 0.08461006143494769,
      "months": [
        1,
        2,
        3
      ]
    },
    "FMA": {
      "efp": 0.0979408260447434,
      "months": [
        2,
        3,
        4
      ]
    },
    "MAM": {
      "efp": 0.18295720224796988,
      "months": [
        3,
        4,
        5
      ]
    },
    "AMJ": {
      "efp": 0.25564529911435124,
      "months": [
        4,
        5,
        6
      ]
    },
    "MJJ": {
      "efp": 0.27358212440761087,
      "months": [
        5,
        6,
        7
      ]
    },
    "JJA": {
      "efp": 0.24359145131125826,
      "months": [
        6,
        7,
        8
      ]
    },
    "JAS": {
      "efp": 0.23515608058314294,
      "months": [
        7,
        8,
        9
      ]
    },
    "ASO": {
      "efp": 0.24430081387862254,
      "months": [
        8,
        9,
        10
      ]
    },
    "SON": {
      "efp": 0.2644931140167594,
      "months": [
        9,
        10,
        11
      ]
    },
    "OND": {
      "efp": 0.2594859308575239,
      "months": [
        10,
        11,
        12
      ]
    },
    "NDJ": {
      "efp": 0.18761389968567982,
      "months": [
        11,
        12,
        1
      ]
    }
  },
  "efp_sh_123": {
    "DJF": {
      "efp": 0.05535483486895236,
      "months": [
        12,
        1,
        2
      ]
    },
    "JFM": {
      "efp": 0.034132120345495474,
      "months": [
        1,
        2,
        3
      ]
    },
    "FMA": {
      "efp": 0.030693001558826895,
      "months": [
        2,
        3,
        4
      ]
    },
    "MAM": {
      "efp": 0.03825979675581721,
      "months": [
        3,
        4,
        5
      ]
    },
    "AMJ": {
      "efp": 0.032992833693253995,
      "months": [
        4,
        5,
        6
      ]
    },
    "MJJ": {
      "efp": 0.038725458732154716,
      "months": [
        5,
        6,
        7
      ]
    },
    "JJA": {
      "efp": 0.039426774526017484,
      "months": [
        6,
        7,
        8
      ]
    },
    "JAS": {
      "efp": 0.03601899951706425,
      "months": [
        7,
        8,
        9
      ]
    },
    "ASO": {
      "efp": 0.027239727219717933,
      "months": [
        8,
        9,
        10
      ]
    },
    "SON": {
      "efp": 0.019725487553021715,
      "months": [
        9,
        10,
        11
      ]
    },
    "OND": {
      "efp": 0.03286386938759279,
      "months": [
        10,
        11,
        12
      ]
    },
    "NDJ": {
      "efp": 0.060308495105603835,
      "months": [
        11,
        12,
        1
      ]
    }
  },
  "efp_sh_gt3": {
    "DJF": {
      "efp": 0.12520240895117843,
      "months": [
        12,
        1,
        2
      ]
    },
    "JFM": {
      "efp": 0.084495901239452,
      "months": [
        1,
        2,
        3
      ]
    },
    "FMA": {
      "efp": 0.11091142652344757,
      "months": [
        2,
        3,
        4
      ]
    },
    "MAM": {
      "efp": 0.1769423266935354,
      "months": [
        3,
        4,
        5
      ]
    },
    "AMJ": {
      "efp": 0.2144314506092231,
      "months": [
        4,
        5,
        6
      ]
    },
    "MJJ": {
      "efp": 0.23990438550716464,
      "months": [
        5,
        6,
        7
      ]
    },
    "JJA": {
      "efp": 0.22472381108646336,
      "months": [
        6,
        7,
        8
      ]
    },
    "JAS": {
      "efp": 0.21999842589516033,
      "months": [
        7,
        8,
        9
      ]
    },
    "ASO": {
      "efp": 0.21491278171471823,
      "months": [
        8,
        9,
        10
      ]
    },
    "SON": {
      "efp": 0.21233340530230582,