{
  "efp_nh": {
    "DJF": {
      "efp": 0.4043542156293318,
      "months": [
        12,
        1,
        2
      ]
    },
    "JFM": {
      "efp": 0.3640869665026888,
      "months": [
        1,
        2,
        3
      ]
    },
    "FMA": {
      "efp": 0.328773308702386,
      "months": [
        2,
        3,
        4
      ]
    },
    "MAM": {
      "efp": 0.2868618364500547,
      "months": [
        3,
        4,
        5
      ]
    },
    "AMJ": {
      "efp": 0.20434305611416134,
      "months": [
        4,
        5,
        6
      ]
    },
    "MJJ": {
      "efp": 0.19703054879225682,
      "months": [
        5,
        6,
        7
      ]
    },
    "JJA": {
      "efp": 0.12071703007714121,
      "months": [
        6,
        7,
        8
      ]
    },
    "JAS": {
      "efp": 0.19324037823686935,
      "months": [
        7,
        8,
        9
      ]
    },
    "ASO": {
      "efp": 0.21682814873247855,
      "months": [
        8,
        9,
        10
      ]
    },
    "SON": {
      "efp": 0.1335977802306181,
      "months": [
        9,
        10,
        11
      ]
    },
    "OND": {
      "efp": 0.26871035829269563,
      "months": [
        10,
        11,
        12
      ]
    },
    "NDJ": {
      "efp": 0.3512749989008311,
      "months": [
        11,
        12,
        1
      ]
    }
  },
  "efp_nh_123": {
    "DJF": {
      "efp": 0.16270608278545945,
      "months": [
        12,
        1,
        2
      ]
    },
    "JFM": {
      "efp": 0.1178209850899428,
      "months": [
        1,
        2,
        3
      ]
    },
    "FMA": {
      "efp": 0.08968929189427996,
      "months": [
        2,
        3,
        4
      ]
    },
    "MAM": {
      "efp": 0.1017162254039046,
      "months": [
        3,
        4,
        5
      ]
    },
    "AMJ": {
      "efp": 0.08455815254814072,
      "months": [
        4,
        5,
        6
      ]
    },
    "MJJ": {
      "efp": 0.06499534372256718,
      "months": [
        5,
        6,
        7
      ]
    },
    "JJA": {
      "efp": 0.07158971049825752,
      "months": [
        6,
        7,
        8
      ]
    },
    "JAS": {
      "efp": 0.0681201876820754,
      "months": [
        7,
        8,
        9
      ]
    },
    "ASO": {
      "efp": 0.05317973854577892,
      "months": [
        8,
        9,
        10
      ]
    },
    "SON": {
      "efp": 0.03723291895098882,
      "months": [
        9,
        10,
        11
      ]
    },
    "OND": {
      "efp": 0.08513069331114662,
      "months": [
        10,
        11,
        12
      ]
    },
    "NDJ": {
      "efp": 0.10895755283930393,
      "months": [
        11,
        12,
        1
      ]
    }
  },
  "efp_nh_gt3": {
    "DJF": {
      "efp": 0.2654965123689391,
      "months": [
        12,
        1,
        2
      ]
    },
    "JFM": {
      "efp": 0.26237953891271476,
      "months": [
        1,
        2,
        3
      ]
    },
    "FMA": {
      "efp": 0.2282909894775572,
      "months": [
        2,
        3,
        4
      ]
    },
    "MAM": {
      "efp": 0.21303727441474227,
      "months": [
        3,
        4,
        5
      ]
    },
    "AMJ": {
      "efp": 0.17885629986416635,
      "months": [
        4,
        5,
        6
      ]
    },
    "MJJ": {
      "efp": 0.14524148331511433,
      "months": [
        5,
        6,
        7
      ]
    },
    "JJA": {
      "efp": 0.08150450655067161,
      "months": [
        6,
        7,
        8
      ]
    },
    "JAS": {
      "efp": 0.11618047806377188,
      "months": [
        7,
        8,
        9
      ]
    },
    "ASO": {
      "efp": 0.1855818716167455,
      "months": [
        8,
        9,
        10
      ]
    },
    "SON": {
      "efp": 0.09961323343894106,
      "months": [
        9,
        10,
        11
      ]
    },
    "OND": {
      "efp": 0.18259196777852899,
      "months": [
        10,
        11,
        12
      ]
    },
    "NDJ": {
      "efp": 0.23443989887216926,
      "months": [
        11,
        12,
        1
      ]
    }
  },
  "efp_sh": {
    "DJF": {
      "efp": 0.1833241240432475,
      "months": [
        12,
        1,
        2
      ]
    },
    "JFM": {
      "efp": 0.13147188252679742,
      "months": [
        1,
        2,
        3
      ]
    },
    "FMA": {
      "efp": 0.13873842013218965,
      "months": [
        2,
        3,
        4
      ]
    },
    "MAM": {
      "efp": 0.26027373436164014,
      "months": [
        3,
        4,
        5
      ]
    },
    "AMJ": {
      "efp": 0.3030107965861541,
      "months": [
        4,
        5,
        6
      ]
    },
    "MJJ": {
      "efp": 0.2540978056383413,
      "months": [
        5,
        6,
        7
      ]
    },
    "JJA": {
      "efp": 0.31691547577315843,
      "months": [
        6,
        7,
        8
      ]
    },
    "JAS": {
      "efp": 0.3256359898985654,
      "months": [
        7,
        8,
        9
      ]
    },
    "ASO": {
      "efp": 0.34658013622573747,
      "months": [
        8,
        9,
        10
      ]
    },
    "SON": {
      "efp": 0.38415758351056756,
      "months": [
        9,
        10,
        11
      ]
    },
    "OND": {
      "efp": 0.33350343047763825,
      "months": [
        10,
        11,
        12
      ]
    },
    "NDJ": {
      "efp": 0.23037708950649566,
      "months": [
        11,
        12,
        1
      ]
    }
  },
  "efp_sh_123": {
    "DJF": {
      "efp": 0.0733513123707644,
      "months": [
        12,
        1,
        2
      ]
    },
    "JFM": {
      "efp": 0.041553494532745094,
      "months": [
        1,
        2,
        3
      ]
    },
    "FMA": {
      "efp": 0.016512451116863693,
      "months": [
        2,
        3,
        4
      ]
    },
    "MAM": {
      "efp": 0.05252061765051982,
      "months": [
        3,
        4,
        5
      ]
    },
    "AMJ": {
      "efp": 0.08511145754506513,
      "months": [
        4,
        5,
        6
      ]
    },
    "MJJ": {
      "efp": 0.11342780681308702,
      "months": [
        5,
        6,
        7
      ]
    },
    "JJA": {
      "efp": 0.04208955448887044,
      "months": [
        6,
        7,
        8
      ]
    },
    "JAS": {
      "efp": 0.01627737703812579,
      "months": [
        7,
        8,
        9
      ]
    },
    "ASO": {
      "efp": 0.02116996181528588,
      "months": [
        8,
        9,
        10
      ]
    },
    "SON": {
      "efp": 0.04199932421404895,
      "months": [
        9,
        10,
        11
      ]
    },
    "OND": {
      "efp": 0.0627951313763997,
      "months": [
        10,
        11,
        12
      ]
    },
    "NDJ": {
      "efp": 0.10613219186184064,
      "months": [
        11,
        12,
        1
      ]
    }
  },
  "efp_sh_gt3": {
    "DJF": {
      "efp": 0.18844877425213907,
      "months": [
        12,
        1,
        2
      ]
    },
    "JFM": {
      "efp": 0.11094320008781242,
      "months": [
        1,
        2,
        3
      ]
    },
    "FMA": {
      "efp": 0.10892057859779161,
      "months": [
        2,
        3,
        4
      ]
    },
    "MAM": {
      "efp": 0.2604495328546603,
      "months": [
        3,
        4,
        5
      ]
    },
    "AMJ": {
      "efp": 0.34439260857607273,
      "months": [
        4,
        5,
        6
      ]
    },
    "MJJ": {
      "efp": 0.3336415054354284,
      "months": [
        5,
        6,
        7
      ]
    },
    "JJA": {
      "efp": 0.3408132852748296,
      "months": [
        6,
        7,
        8
      ]
    },
    "JAS": {
      "efp": 0.28928459520502825,
      "months": [
        7,
        8,
        9
      ]
    },
    "ASO": {
      "efp": 0.29239983319215973,
      "months": [
        8,
        9,
        10
      ]
    },
    "SON": {
      "efp": 0.31555777250382583,
      "months": [
        9,
        10,
        11
      ]
    },