{
  "efp_nh": {
    "DJF": {
      "efp": 0.3180725389624561,
      "months": [
        12,
        1,
        2
      ]
    },
    "JFM": {
      "efp": 0.33650805734508904,
      "months": [
        1,
        2,
        3
      ]
    },
    "FMA": {
      "efp": 0.25374393034914633,
      "months": [
        2,
        3,
        4
      ]
    },
    "MAM": {
      "efp": 0.20182402887211504,
      "months": [
        3,
        4,
        5
      ]
    },
    "AMJ": {
      "efp": 0.26110828556339205,
      "months": [
        4,
        5,
        6
      ]
    },
    "MJJ": {
      "efp": 0.20259108603870474,
      "months": [
        5,
        6,
        7
      ]
    },
    "JJA": {
      "efp": 0.16269683075393906,
      "months": [
        6,
        7,
        8
      ]
    },
    "JAS": {
      "efp": 0.16604045770500364,
      "months": [
        7,
        8,
        9
      ]
    },
    "ASO": {
      "efp": 0.12692950860423471,
      "months": [
        8,
        9,
        10
      ]
    },
    "SON": {
      "efp": 0.1451047222594614,
      "months": [
        9,
        10,
        11
      ]
    },
    "OND": {
      "efp": 0.15762295816377983,
      "months": [
        10,
        11,
        12
      ]
    },
    "NDJ": {
      "efp": 0.22210211263408408,
      "months": [
        11,
        12,
        1
      ]
    }
  },
  "efp_nh_123": {
    "DJF": {
      "efp": 0.1643441877254303,
      "months": [
        12,
        1,
        2
      ]
    },
    "JFM": {
      "efp": 0.16525717906356513,
      "months": [
        1,
        2,
        3
      ]
    },
    "FMA": {
      "efp": 0.09355831332276796,
      "months": [
        2,
        3,
        4
      ]
    },
    "MAM": {
      "efp": 0.05950076534315101,
      "months": [
        3,
        4,
        5
      ]
    },
    "AMJ": {
      "efp": 0.09856920062786154,
      "months": [
        4,
        5,
        6
      ]
    },
    "MJJ": {
      "efp": 0.06553824801012252,
      "months": [
        5,
        6,
        7
      ]
    },
    "JJA": {
      "efp": 0.08162126917630655,
      "months": [
        6,
        7,
        8
      ]
    },
    "JAS": {
      "efp": 0.06295744945793877,
      "months": [
        7,
        8,
        9
      ]
    },
    "ASO": {
      "efp": 0.051829537789602115,
      "months": [
        8,
        9,
        10
      ]
    },
    "SON": {
      "efp": 0.06861607272890351,
      "months": [
        9,
        10,
        11
      ]
    },
    "OND": {
      "efp": 0.04605870429681955,
      "months": [
        10,
        11,
        12
      ]
    },
    "NDJ": {
      "efp": 0.060184444975542574,
      "months": [
        11,
        12,
        1
      ]
    }
  },
  "efp_nh_gt3": {
    "DJF": {
      "efp": 0.19108478684652905,
      "months": [
        12,
        1,
        2
      ]
    },
    "JFM": {
      "efp": 0.1776734851921601,
      "months": [
        1,
        2,
        3
      ]
    },
    "FMA": {
      "efp": 0.15389914986653183,
      "months": [
        2,
        3,
        4
      ]
    },
    "MAM": {
      "efp": 0.16520176772356898,
      "months": [
        3,
        4,
        5
      ]
    },
    "AMJ": {
      "efp": 0.16144487102094132,
      "months": [
        4,
        5,
        6
      ]
    },
    "MJJ": {
      "efp": 0.1419658887032238,
      "months": [
        5,
        6,
        7
      ]
    },
    "JJA": {
      "efp": 0.14550264366374857,
      "months": [
        6,
        7,
        8
      ]
    },
    "JAS": {
      "efp": 0.14707956922712695,
      "months": [
        7,
        8,
        9
      ]
    },
    "ASO": {
      "efp": 0.13309215117222617,
      "months": [
        8,
        9,
        10
      ]
    },
    "SON": {
      "efp": 0.09990943893321529,
      "months": [
        9,
        10,
        11
      ]
    },
    "OND": {
      "efp": 0.13370812184541037,
      "months": [
        10,
        11,
        12
      ]
    },
    "NDJ": {
      "efp": 0.16657202522940578,
      "months": [
        11,
        12,
        1
      ]
    }
  },
  "efp_sh": {
    "DJF": {
      "efp": 0.21242623348648862,
      "months": [
        12,
        1,
        2
      ]
    },
    "JFM": {
      "efp": 0.17900602102516597,
      "months": [
        1,
        2,
        3
      ]
    },
    "FMA": {
      "efp": 0.19699454459762075,
      "months": [
        2,
        3,
        4
      ]
    },
    "MAM": {
      "efp": 0.26772501006550486,
      "months": [
        3,
        4,
        5
      ]
    },
    "AMJ": {
      "efp": 0.27174249519711474,
      "months": [
        4,
        5,
        6
      ]
    },
    "MJJ": {
      "efp": 0.30206266464589987,
      "months": [
        5,
        6,
        7
      ]
    },
    "JJA": {
      "efp": 0.37721552141710957,
      "months": [
        6,
        7,
        8
      ]
    },
    "JAS": {
      "efp": 0.2536289016044436,
      "months": [
        7,
        8,
        9
      ]
    },
    "ASO": {
      "efp": 0.23069858561938333,
      "months": [
        8,
        9,
        10
      ]
    },
    "SON": {
      "efp": 0.235158905052147,
      "months": [
        9,
        10,
        11
      ]
    },
    "OND": {
      "efp": 0.2785004982088429,
      "months": [
        10,
        11,
        12
      ]
    },
    "NDJ": {
      "efp": 0.2072595276548097,
      "months": [
        11,
        12,
        1
      ]
    }
  },
  "efp_sh_123": {
    "DJF": {
      "efp": 0.11493878219745614,
      "months": [
        12,
        1,
        2
      ]
    },
    "JFM": {
      "efp": 0.09383857012396707,
      "months": [
        1,
        2,
        3
      ]
    },
    "FMA": {
      "efp": 0.05292967460041673,
      "months": [
        2,
        3,
        4
      ]
    },
    "MAM": {
      "efp": 0.03482791551014262,
      "months": [
        3,
        4,
        5
      ]
    },
    "AMJ": {
      "efp": 0.03936788573746548,
      "months": [
        4,
        5,
        6
      ]
    },
    "MJJ": {
      "efp": 0.047501968827672145,
      "months": [
        5,
        6,
        7
      ]
    },
    "JJA": {
      "efp": 0.05285522056022728,
      "months": [
        6,
        7,
        8
      ]
    },
    "JAS": {
      "efp": 0.05419528358460843,
      "months": [
        7,
        8,
        9
      ]
    },
    "ASO": {
      "efp": 0.025699368084135032,
      "months": [
        8,
        9,
        10
      ]
    },
    "SON": {
      "efp": 0.020589667500531032,
      "months": [
        9,
        10,
        11
      ]
    },
    "OND": {
      "efp": 0.08323334639824154,
      "months": [
        10,
        11,
        12
      ]
    },
    "NDJ": {
      "efp": 0.06584634169965953,
      "months": [
        11,
        12,
        1
      ]
    }
  },
  "efp_sh_gt3": {
    "DJF": {
      "efp": 0.20334936882553512,
      "months": [
        12,
        1,
        2
      ]
    },
    "JFM": {
      "efp": 0.1814768022076883,
      "months": [
        1,
        2,
        3
      ]
    },
    "FMA": {
      "efp": 0.19538506120631363,
      "months": [
        2,
        3,
        4
      ]
    },
    "MAM": {
      "efp": 0.20069514677623598,
      "months": [
        3,
        4,
        5
      ]
    },
    "AMJ": {
      "efp": 0.20582094515451355,
      "months": [
        4,
        5,
        6
      ]
    },
    "MJJ": {
      "efp": 0.2542661868465106,
      "months": [
        5,
        6,
        7
      ]
    },
    "JJA": {
      "efp": 0.2928400215996384,
      "months": [
        6,
        7,
        8
      ]
    },
    "JAS": {
      "efp": 0.21927514331674133,
      "months": [
        7,
        8,
        9
      ]
    },
    "ASO": {
      "efp": 0.15555814658227599,
      "months": [
        8,
        9,
        10
      ]
    },
    "SON": {
      "efp": 0.17089772061891734,