{
  "efp_nh": {
    "DJF": {
      "efp": 0.35222840442553516,
      "months": [
        12,
        1,
        2
      ]
    },
    "JFM": {
      "efp": 0.3643281546055452,
      "months": [
        1,
        2,
        3
      ]
    },
    "FMA": {
      "efp": 0.4216583035382576,
      "months": [
        2,
        3,
        4
      ]
    },
    "MAM": {
      "efp": 0.36121724418914913,
      "months": [
        3,
        4,
        5
      ]
    },
    "AMJ": {
      "efp": 0.26992853885885976,
      "months": [
        4,
        5,
        6
      ]
    },
    "MJJ": {
      "efp": 0.2418154395143834,
      "months": [
        5,
        6,
        7
      ]
    },
    "JJA": {
      "efp": 0.2108398020802707,
      "months": [
        6,
        7,
        8
      ]
    },
    "JAS": {
      "efp": 0.1285548998463484,
      "months": [
        7,
        8,
        9
      ]
    },
    "ASO": {
      "efp": 0.18060667854289336,
      "months": [
        8,
        9,
        10
      ]
    },
    "SON": {
      "efp": 0.23082805776074616,
      "months": [
        9,
        10,
        11
      ]
    },
    "OND": {
      "efp": 0.24652837318867263,
      "months": [
        10,
        11,
        12
      ]
    },
    "NDJ": {
      "efp": 0.2530418111842737,
      "months": [
        11,
        12,
        1
      ]
    }
  },
  "efp_nh_123": {
    "DJF": {
      "efp": 0.17586386924156636,
      "months": [
        12,
        1,
        2
      ]
    },
    "JFM": {
      "efp": 0.1763556264345447,
      "months": [
        1,
        2,
        3
      ]
    },
    "FMA": {
      "efp": 0.17789263329316043,
      "months": [
        2,
        3,
        4
      ]
    },
    "MAM": {
      "efp": 0.17650601740724264,
      "months": [
        3,
        4,
        5
      ]
    },
    "AMJ": {
      "efp": 0.07379079833451022,
      "months": [
        4,
        5,
        6
      ]
    },
    "MJJ": {
      "efp": 0.042326101227576116,
      "months": [
        5,
        6,
        7
      ]
    },
    "JJA": {
      "efp": 0.05724863194808793,
      "months": [
        6,
        7,
        8
      ]
    },
    "JAS": {
      "efp": 0.026844275531609712,
      "months": [
        7,
        8,
        9
      ]
    },
    "ASO": {
      "efp": 0.04414858273424583,
      "months": [
        8,
        9,
        10
      ]
    },
    "SON": {
      "efp": 0.06573129518054133,
      "months": [
        9,
        10,
        11
      ]
    },
    "OND": {
      "efp": 0.04616985998535619,
      "months": [
        10,
        11,
        12
      ]
    },
    "NDJ": {
      "efp": 0.06803293669665972,
      "months": [
        11,
        12,
        1
      ]
    }
  },
  "efp_nh_gt3": {
    "DJF": {
      "efp": 0.1990254726660086,
      "months": [
        12,
        1,
        2
      ]
    },
    "JFM": {
      "efp": 0.18629126122906092,
      "months": [
        1,
        2,
        3
      ]
    },
    "FMA": {
      "efp": 0.23125848660544365,
      "months": [
        2,
        3,
        4
      ]
    },
    "MAM": {
      "efp": 0.1778707589417145,
      "months": [
        3,
        4,
        5
      ]
    },
    "AMJ": {
      "efp": 0.21799929835921225,
      "months": [
        4,
        5,
        6
      ]
    },
    "MJJ": {
      "efp": 0.2128817660177001,
      "months": [
        5,
        6,
        7
      ]
    },
    "JJA": {
      "efp": 0.1515495005580152,
      "months": [
        6,
        7,
        8
      ]
    },
    "JAS": {
      "efp": 0.10889781630264644,
      "months": [
        7,
        8,
        9
      ]
    },
    "ASO": {
      "efp": 0.137169834977165,
      "months": [
        8,
        9,
        10
      ]
    },
    "SON": {
      "efp": 0.17714735520733435,
      "months": [
        9,
        10,
        11
      ]
    },
    "OND": {
      "efp": 0.18056566955787548,
      "months": [
        10,
        11,
        12
      ]
    },
    "NDJ": {
      "efp": 0.18792280198414557,
      "months": [
        11,
        12,
        1
      ]
    }
  },
  "efp_sh": {
    "DJF": {
      "efp": 0.18372233321400783,
      "months": [
        12,
        1,
        2
      ]
    },
    "JFM": {
      "efp": 0.2530377845836622,
      "months": [
        1,
        2,
        3
      ]
    },
    "FMA": {
      "efp": 0.18722526844737516,
      "months": [
        2,
        3,
        4
      ]
    },
    "MAM": {
      "efp": 0.2538898901427929,
      "months": [
        3,
        4,
        5
      ]
    },
    "AMJ": {
      "efp": 0.3030232889199484,
      "months": [
        4,
        5,
        6
      ]
    },
    "MJJ": {
      "efp": 0.27771806260047127,
      "months": [
        5,
        6,
        7
      ]
    },
    "JJA": {
      "efp": 0.30560082859480436,
      "months": [
        6,
        7,
        8
      ]
    },
    "JAS": {
      "efp": 0.294151460280306,
      "months": [
        7,
        8,
        9
      ]
    },
    "ASO": {
      "efp": 0.2884893404529318,
      "months": [
        8,
        9,
        10
      ]
    },
    "SON": {
      "efp": 0.34472798825727047,
      "months": [
        9,
        10,
        11
      ]
    },
    "OND": {
      "efp": 0.36083045906484057,
      "months": [
        10,
        11,
        12
      ]
    },
    "NDJ": {
      "efp": 0.1917386574006163,
      "months": [
        11,
        12,
        1
      ]
    }
  },
  "efp_sh_123": {
    "DJF": {
      "efp": 0.05541448792320515,
      "months": [
        12,
        1,
        2
      ]
    },
    "JFM": {
      "efp": 0.06915456134918885,
      "months": [
        1,
        2,
        3
      ]
    },
    "FMA": {
      "efp": 0.11078285666995656,
      "months": [
        2,
        3,
        4
      ]
    },
    "MAM": {
      "efp": 0.06974010878596283,
      "months": [
        3,
        4,
        5
      ]
    },
    "AMJ": {
      "efp": 0.06254508316535598,
      "months": [
        4,
        5,
        6
      ]
    },
    "MJJ": {
      "efp": 0.04620674309364811,
      "months": [
        5,
        6,
        7
      ]
    },
    "JJA": {
      "efp": 0.046943641005308595,
      "months": [
        6,
        7,
        8
      ]
    },
    "JAS": {
      "efp": 0.06571254766588909,
      "months": [
        7,
        8,
        9
      ]
    },
    "ASO": {
      "efp": 0.06260884774814275,
      "months": [
        8,
        9,
        10
      ]
    },
    "SON": {
      "efp": 0.07540182155463894,
      "months": [
        9,
        10,
        11
      ]
    },
    "OND": {
      "efp": 0.058708045860863776,
      "months": [
        10,
        11,
        12
      ]
    },
    "NDJ": {
      "efp": 0.0697347710581252,
      "months": [
        11,
        12,
        1
      ]
    }
  },
  "efp_sh_gt3": {
    "DJF": {
      "efp": 0.12933508102026492,
      "months": [
        12,
        1,
        2
      ]
    },
    "JFM": {
      "efp": 0.21067753571938755,
      "months": [
        1,
        2,
        3
      ]
    },
    "FMA": {
      "efp": 0.25901250990510344,
      "months": [
        2,
        3,
        4
      ]
    },
    "MAM": {
      "efp": 0.2451976481787623,
      "months": [
        3,
        4,
        5
      ]
    },
    "AMJ": {
      "efp": 0.2937641970093145,
      "months": [
        4,
        5,
        6
      ]
    },
    "MJJ": {
      "efp": 0.1763311248070124,
      "months": [
        5,
        6,
        7
      ]
    },
    "JJA": {
      "efp": 0.24451515036305657,
      "months": [
        6,
        7,
        8
      ]
    },
    "JAS": {
      "efp": 0.2362003887900168,
      "months": [
        7,
        8,
        9
      ]
    },
    "ASO": {
      "efp": 0.25507790245803574,
      "months": [
        8,
        9,
        10
      ]
    },
    "SON": {
      "efp": 0.29630540357142277,
      "months": [
        9,
        10,
        11
      ]
    },