{
  "efp_nh": {
    "DJF": {
      "efp": 0.35442824782325866,
      "months": [
        12,
        1,
        2
      ]
    },
    "JFM": {
      "efp": 0.3155023079581327,
      "months": [
        1,
        2,
        3
      ]
    },
    "FMA": {
      "efp": 0.3088816661070844,
      "months": [
        2,
        3,
        4
      ]
    },
    "MAM": {
      "efp": 0.2731735245087611,
      "months": [
        3,
        4,
        5
      ]
    },
    "AMJ": {
      "efp": 0.19104539964944836,
      "months": [
        4,
        5,
        6
      ]
    },
    "MJJ": {
      "efp": 0.1750854438276619,
      "months": [
        5,
        6,
        7
      ]
    },
    "JJA": {
      "efp": 0.24297023389649164,
      "months": [
        6,
        7,
        8
      ]
    },
    "JAS": {
      "efp": 0.24993310748736786,
      "months": [
        7,
        8,
        9
      ]
    },
    "ASO": {
      "efp": 0.2556174377828882,
      "months": [
        8,
        9,
        10
      ]
    },
    "SON": {
      "efp": 0.23332726213814556,
      "months": [
        9,
        10,
        11
      ]
    },
    "OND": {
      "efp": 0.30621792213938404,
      "months": [
        10,
        11,
        12
      ]
    },
    "NDJ": {
      "efp": 0.32168723689686823,
      "months": [
        11,
        12,
        1
      ]
    }
  },
  "efp_nh_123": {
    "DJF": {
      "efp": 0.1101301210553551,
      "months": [
        12,
        1,
        2
      ]
    },
    "JFM": {
      "efp": 0.10965899226239975,
      "months": [
        1,
        2,
        3
      ]
    },
    "FMA": {
      "efp": 0.10388950201117915,
      "months": [
        2,
        3,
        4
      ]
    },
    "MAM": {
      "efp": 0.07398850237507802,
      "months": [
        3,
        4,
        5
      ]
    },
    "AMJ": {
      "efp": 0.0321606797578086,
      "months": [
        4,
        5,
        6
      ]
    },
    "MJJ": {
      "efp": 0.0459120809992311,
      "months": [
        5,
        6,
        7
      ]
    },
    "JJA": {
      "efp": 0.05065009118240306,
      "months": [
        6,
        7,
        8
      ]
    },
    "JAS": {
      "efp": 0.05251236904271664,
      "months": [
        7,
        8,
        9
      ]
    },
    "ASO": {
      "efp": 0.0323384806474172,
      "months": [
        8,
        9,
        10
      ]
    },
    "SON": {
      "efp": 0.03112200478919528,
      "months": [
        9,
        10,
        11
      ]
    },
    "OND": {
      "efp": 0.07312720029412005,
      "months": [
        10,
        11,
        12
      ]
    },
    "NDJ": {
      "efp": 0.11440181590644607,
      "months": [
        11,
        12,
        1
      ]
    }
  },
  "efp_nh_gt3": {
    "DJF": {
      "efp": 0.24497386665905369,
      "months": [
        12,
        1,
        2
      ]
    },
    "JFM": {
      "efp": 0.19906664553047979,
      "months": [
        1,
        2,
        3
      ]
    },
    "FMA": {
      "efp": 0.17966117767082973,
      "months": [
        2,
        3,
        4
      ]
    },
    "MAM": {
      "efp": 0.1608585658241412,
      "months": [
        3,
        4,
        5
      ]
    },
    "AMJ": {
      "efp": 0.16707530483173075,
      "months": [
        4,
        5,
        6
      ]
    },
    "MJJ": {
      "efp": 0.20085691390293967,
      "months": [
        5,
        6,
        7
      ]
    },
    "JJA": {
      "efp": 0.19691732553293811,
      "months": [
        6,
        7,
        8
      ]
    },
    "JAS": {
      "efp": 0.18883384708901882,
      "months": [
        7,
        8,
        9
      ]
    },
    "ASO": {
      "efp": 0.17332850921548038,
      "months": [
        8,
        9,
        10
      ]
    },
    "SON": {
      "efp": 0.2114995381806338,
      "months": [
        9,
        10,
        11
      ]
    },
    "OND": {
      "efp": 0.22921830543698715,
      "months": [
        10,
        11,
        12
      ]
    },
    "NDJ": {
      "efp": 0.2119142403780435,
      "months": [
        11,
        12,
        1
      ]
    }
  },
  "efp_sh": {
    "DJF": {
      "efp": 0.2166580704780077,
      "months": [
        12,
        1,
        2
      ]
    },
    "JFM": {
      "efp": 0.1719162932233237,
      "months": [
        1,
        2,
        3
      ]
    },
    "FMA": {
      "efp": 0.15035630618360854,
      "months": [
        2,
        3,
        4
      ]
    },
    "MAM": {
      "efp": 0.19955505696335704,
      "months": [
        3,
        4,
        5
      ]
    },
    "AMJ": {
      "efp": 0.27981412119310545,
      "months": [
        4,
        5,
        6
      ]
    },
    "MJJ": {
      "efp": 0.32063058270046274,
      "months": [
        5,
        6,
        7
      ]
    },
    "JJA": {
      "efp": 0.3435483149862679,
      "months": [
        6,
        7,
        8
      ]
    },
    "JAS": {
      "efp": 0.3567372949868292,
      "months": [
        7,
        8,
        9
      ]
    },
    "ASO": {
      "efp": 0.3575345698594636,
      "months": [
        8,
        9,
        10
      ]
    },
    "SON": {
      "efp": 0.3735496776196383,
      "months": [
        9,
        10,
        11
      ]
    },
    "OND": {
      "efp": 0.35832198335919996,
      "months": [
        10,
        11,
        12
      ]
    },
    "NDJ": {
      "efp": 0.27696207346125995,
      "months": [
        11,
        12,
        1
      ]
    }
  },
  "efp_sh_123": {
    "DJF": {
      "efp": 0.059673980499344484,
      "months": [
        12,
        1,
        2
      ]
    },
    "JFM": {
      "efp": 0.06777032313801942,
      "months": [
        1,
        2,
        3
      ]
    },
    "FMA": {
      "efp": 0.027171663980023818,
      "months": [
        2,
        3,
        4
      ]
    },
    "MAM": {
      "efp": 0.030108088659559343,
      "months": [
        3,
        4,
        5
      ]
    },
    "AMJ": {
      "efp": 0.03733635997292055,
      "months": [
        4,
        5,
        6
      ]
    },
    "MJJ": {
      "efp": 0.04996784364986339,
      "months": [
        5,
        6,
        7
      ]
    },
    "JJA": {
      "efp": 0.05082735069691685,
      "months": [
        6,
        7,
        8
      ]
    },
    "JAS": {
      "efp": 0.03234396641804944,
      "months": [
        7,
        8,
        9
      ]
    },
    "ASO": {
      "efp": 0.024029531118832038,
      "months": [
        8,
        9,
        10
      ]
    },
    "SON": {
      "efp": 0.024293819140396532,
      "months": [
        9,
        10,
        11
      ]
    },
    "OND": {
      "efp": 0.04713499599783161,
      "months": [
        10,
        11,
        12
      ]
    },
    "NDJ": {
      "efp": 0.042049469908578156,
      "months": [
        11,
        12,
        1
      ]
    }
  },
  "efp_sh_gt3": {
    "DJF": {
      "efp": 0.16645997399856108,
      "months": [
        12,
        1,
        2
      ]
    },
    "JFM": {
      "efp": 0.14925828358247725,
      "months": [
        1,
        2,
        3
      ]
    },
    "FMA": {
      "efp": 0.11133600482191248,
      "months": [
        2,
        3,
        4
      ]
    },
    "MAM": {
      "efp": 0.12536406124106692,
      "months": [
        3,
        4,
        5
      ]
    },
    "AMJ": {
      "efp": 0.19640058357489942,
      "months": [
        4,
        5,
        6
      ]
    },
    "MJJ": {
      "efp": 0.26394707404123396,
      "months": [
        5,
        6,
        7
      ]
    },
    "JJA": {
      "efp": 0.32860847901660356,
      "months": [
        6,
        7,
        8
      ]
    },
    "JAS": {
      "efp": 0.3188544054195607,
      "months": [
        7,
        8,
        9
      ]
    },
    "ASO": {
      "efp": 0.2987300400807334,
      "months": [
        8,
        9,
        10
      ]
    },
    "SON": {
      "efp": 0.30411163435382543,
      "months": [
        9,
        10,
        11
      ]
    },