{
  "efp_nh": {
    "DJF": {
      "efp": 0.2510041892528534,
      "months": [
        12,
        1,
        2
      ]
    },
    "JFM": {
      "efp": 0.27638500928878784,
      "months": [
        1,
        2,
        3
      ]
    },
    "FMA": {
      "efp": 0.26116788387298584,
      "months": [
        2,
        3,
        4
      ]
    },
    "MAM": {
      "efp": 0.2914959490299225,
      "months": [
        3,
        4,
        5
      ]
    },
    "AMJ": {
      "efp": 0.20500794053077698,
      "months": [
        4,
        5,
        6
      ]
    },
    "MJJ": {
      "efp": 0.18324026465415955,
      "months": [
        5,
        6,
        7
      ]
    },
    "JJA": {
      "efp": 0.13908986747264862,
      "months": [
        6,
        7,
        8
      ]
    },
    "JAS": {
      "efp": 0.09218071401119232,
      "months": [
        7,
        8,
        9
      ]
    },
    "ASO": {
      "efp": 0.0883340835571289,
      "months": [
        8,
        9,
        10
      ]
    },
    "SON": {
      "efp": 0.09329453110694885,
      "months": [
        9,
        10,
        11
      ]
    },
    "OND": {
      "efp": 0.16723230481147766,
      "months": [
        10,
        11,
        12
      ]
    },
    "NDJ": {
      "efp": 0.21596604585647583,
      "months": [
        11,
        12,
        1
      ]
    }
  },
  "efp_nh_123": {
    "DJF": {
      "efp": 0.0620973276940463,
      "months": [
        12,
        1,
        2
      ]
    },
    "JFM": {
      "efp": 0.04115908216351628,
      "months": [
        1,
        2,
        3
      ]
    },
    "FMA": {
      "efp": 0.039794321932395495,
      "months": [
        2,
        3,
        4
      ]
    },
    "MAM": {
      "efp": 0.03449613516906668,
      "months": [
        3,
        4,
        5
      ]
    },
    "AMJ": {
      "efp": 0.01731998398133834,
      "months": [
        4,
        5,
        6
      ]
    },
    "MJJ": {
      "efp": 0.016147868827413533,
      "months": [
        5,
        6,
        7
      ]
    },
    "JJA": {
      "efp": 0.030141498579094348,
      "months": [
        6,
        7,
        8
      ]
    },
    "JAS": {
      "efp": 0.05145768625080518,
      "months": [
        7,
        8,
        9
      ]
    },
    "ASO": {
      "efp": 0.012926046993528721,
      "months": [
        8,
        9,
        10
      ]
    },
    "SON": {
      "efp": 0.020404910174532494,
      "months": [
        9,
        10,
        11
      ]
    },
    "OND": {
      "efp": 0.04077242284534056,
      "months": [
        10,
        11,
        12
      ]
    },
    "NDJ": {
      "efp": 0.0597213952804811,
      "months": [
        11,
        12,
        1
      ]
    }
  },
  "efp_nh_gt3": {
    "DJF": {
      "efp": 0.14604500780439572,
      "months": [
        12,
        1,
        2
      ]
    },
    "JFM": {
      "efp": 0.17415928534953093,
      "months": [
        1,
        2,
        3
      ]
    },
    "FMA": {
      "efp": 0.19909153634461493,
      "months": [
        2,
        3,
        4
      ]
    },
    "MAM": {
      "efp": 0.21456098739149554,
      "months": [
        3,
        4,
        5
      ]
    },
    "AMJ": {
      "efp": 0.1564361436158131,
      "months": [
        4,
        5,
        6
      ]
    },
    "MJJ": {
      "efp": 0.11803146079858874,
      "months": [
        5,
        6,
        7
      ]
    },
    "JJA": {
      "efp": 0.09317825649357368,
      "months": [
        6,
        7,
        8
      ]
    },
    "JAS": {
      "efp": 0.08052693099868201,
      "months": [
        7,
        8,
        9
      ]
    },
    "ASO": {
      "efp": 0.09091975620207873,
      "months": [
        8,
        9,
        10
      ]
    },
    "SON": {
      "efp": 0.07225833117933811,
      "months": [
        9,
        10,
        11
      ]
    },
    "OND": {
      "efp": 0.11388496564805449,
      "months": [
        10,
        11,
        12
      ]
    },
    "NDJ": {
      "efp": 0.13054498291034622,
      "months": [
        11,
        12,
        1
      ]
    }
  },
  "efp_sh": {
    "DJF": {
      "efp": 0.2427653670310974,
      "months": [
        12,
        1,
        2
      ]
    },
    "JFM": {
      "efp": 0.2321481853723526,
      "months": [
        1,
        2,
        3
      ]
    },
    "FMA": {
      "efp": 0.171924889087677,
      "months": [
        2,
        3,
        4
      ]
    },
    "MAM": {
      "efp": 0.21240726113319397,
      "months": [
        3,
        4,
        5
      ]
    },
    "AMJ": {
      "efp": 0.2788248360157013,
      "months": [
        4,
        5,
        6
      ]
    },
    "MJJ": {
      "efp": 0.28088444471359253,
      "months": [
        5,
        6,
        7
      ]
    },
    "JJA": {
      "efp": 0.32031095027923584,
      "months": [
        6,
        7,
        8
      ]
    },
    "JAS": {
      "efp": 0.30298736691474915,
      "months": [
        7,
        8,
        9
      ]
    },
    "ASO": {
      "efp": 0.314617395401001,
      "months": [
        8,
        9,
        10
      ]
    },
    "SON": {
      "efp": 0.3391420841217041,
      "months": [
        9,
        10,
        11
      ]
    },
    "OND": {
      "efp": 0.27792540192604065,
      "months": [
        10,
        11,
        12
      ]
    },
    "NDJ": {
      "efp": 0.24793760478496552,
      "months": [
        11,
        12,
        1
      ]
    }
  },
  "efp_sh_123": {
    "DJF": {
      "efp": 0.028218614305638896,
      "months": [
        12,
        1,
        2
      ]
    },
    "JFM": {
      "efp": 0.02689491540054494,
      "months": [
        1,
        2,
        3
      ]
    },
    "FMA": {
      "efp": 0.023075848709981254,
      "months": [
        2,
        3,
        4
      ]
    },
    "MAM": {
      "efp": 0.007062238326949391,
      "months": [
        3,
        4,
        5
      ]
    },
    "AMJ": {
      "efp": 0.01395736548467135,
      "months": [
        4,
        5,
        6
      ]
    },
    "MJJ": {
      "efp": 0.00896187732279115,
      "months": [
        5,
        6,
        7
      ]
    },
    "JJA": {
      "efp": 0.011098895002146485,
      "months": [
        6,
        7,
        8
      ]
    },
    "JAS": {
      "efp": 0.007344510955891753,
      "months": [
        7,
        8,
        9
      ]
    },
    "ASO": {
      "efp": 0.013276057360381592,
      "months": [
        8,
        9,
        10
      ]
    },
    "SON": {
      "efp": 0.02571298509786773,
      "months": [
        9,
        10,
        11
      ]
    },
    "OND": {
      "efp": 0.025034558430234694,
      "months": [
        10,
        11,
        12
      ]
    },
    "NDJ": {
      "efp": 0.016340827745592142,
      "months": [
        11,
        12,
        1
      ]
    }
  },
  "efp_sh_gt3": {
    "DJF": {
      "efp": 0.2050234555079805,
      "months": [
        12,
        1,
        2
      ]
    },
    "JFM": {
      "efp": 0.17192324931955655,
      "months": [
        1,
        2,
        3
      ]
    },
    "FMA": {
      "efp": 0.12718284867966828,
      "months": [
        2,
        3,
        4
      ]
    },
    "MAM": {
      "efp": 0.15582854329897466,
      "months": [
        3,
        4,
        5
      ]
    },
    "AMJ": {
      "efp": 0.2049679002502995,
      "months": [
        4,
        5,
        6
      ]
    },
    "MJJ": {
      "efp": 0.19283932223859437,
      "months": [
        5,
        6,
        7
      ]
    },
    "JJA": {
      "efp": 0.21323931655043435,
      "months": [
        6,
        7,
        8
      ]
    },
    "JAS": {
      "efp": 0.22242155425598803,
      "months": [
        7,
        8,
        9
      ]
    },
    "ASO": {
      "efp": 0.24829949254368053,
      "months": [
        8,
        9,
        10
      ]
    },
    "SON": {
      "efp": 0.2643934494993128,