{
  "efp_nh": {
    "DJF": {
      "efp": 0.32440051436424255,
      "months": [
        12,
        1,
        2
      ]
    },
    "JFM": {
      "efp": 0.3458285331726074,
      "months": [
        1,
        2,
        3
      ]
    },
    "FMA": {
      "efp": 0.3717183768749237,
      "months": [
        2,
        3,
        4
      ]
    },
    "MAM": {
      "efp": 0.4043799936771393,
      "months": [
        3,
        4,
        5
      ]
    },
    "AMJ": {
      "efp": 0.36444222927093506,
      "months": [
        4,
        5,
        6
      ]
    },
    "MJJ": {
      "efp": 0.2763671875,
      "months": [
        5,
        6,
        7
      ]
    },
    "JJA": {
      "efp": 0.17343735694885254,
      "months": [
        6,
        7,
        8
      ]
    },
    "JAS": {
      "efp": 0.13203632831573486,
      "months": [
        7,
        8,
        9
      ]
    },
    "ASO": {
      "efp": 0.12396321445703506,
      "months": [
        8,
        9,
        10
      ]
    },
    "SON": {
      "efp": 0.15915846824645996,
      "months": [
        9,
        10,
        11
      ]
    },
    "OND": {
      "efp": 0.22760772705078125,
      "months": [
        10,
        11,
        12
      ]
    },
    "NDJ": {
      "efp": 0.26431530714035034,
      "months": [
        11,
        12,
        1
      ]
    }
  },
  "efp_nh_123": {
    "DJF": {
      "efp": 0.10427657728595612,
      "months": [
        12,
        1,
        2
      ]
    },
    "JFM": {
      "efp": 0.09198299586526709,
      "months": [
        1,
        2,
        3
      ]
    },
    "FMA": {
      "efp": 0.07411819783288703,
      "months": [
        2,
        3,
        4
      ]
    },
    "MAM": {
      "efp": 0.06882377755846533,
      "months": [
        3,
        4,
        5
      ]
    },
    "AMJ": {
      "efp": 0.03920137426008532,
      "months": [
        4,
        5,
        6
      ]
    },
    "MJJ": {
      "efp": 0.024277498457190853,
      "months": [
        5,
        6,
        7
      ]
    },
    "JJA": {
      "efp": 0.01972524548964288,
      "months": [
        6,
        7,
        8
      ]
    },
    "JAS": {
      "efp": 0.013480593879992389,
      "months": [
        7,
        8,
        9
      ]
    },
    "ASO": {
      "efp": 0.01660897292681512,
      "months": [
        8,
        9,
        10
      ]
    },
    "SON": {
      "efp": 0.01973037191912576,
      "months": [
        9,
        10,
        11
      ]
    },
    "OND": {
      "efp": 0.04435625815202885,
      "months": [
        10,
        11,
        12
      ]
    },
    "NDJ": {
      "efp": 0.09087734244706548,
      "months": [
        11,
        12,
        1
      ]
    }
  },
  "efp_nh_gt3": {
    "DJF": {
      "efp": 0.19798807733142088,
      "months": [
        12,
        1,
        2
      ]
    },
    "JFM": {
      "efp": 0.24875241377355437,
      "months": [
        1,
        2,
        3
      ]
    },
    "FMA": {
      "efp": 0.29243602297845,
      "months": [
        2,
        3,
        4
      ]
    },
    "MAM": {
      "efp": 0.3281276258476513,
      "months": [
        3,
        4,
        5
      ]
    },
    "AMJ": {
      "efp": 0.31613790797884456,
      "months": [
        4,
        5,
        6
      ]
    },
    "MJJ": {
      "efp": 0.2746056961224493,
      "months": [
        5,
        6,
        7
      ]
    },
    "JJA": {
      "efp": 0.1468443265385674,
      "months": [
        6,
        7,
        8
      ]
    },
    "JAS": {
      "efp": 0.13261340582080827,
      "months": [
        7,
        8,
        9
      ]
    },
    "ASO": {
      "efp": 0.16467863209621852,
      "months": [
        8,
        9,
        10
      ]
    },
    "SON": {
      "efp": 0.17083885506618454,
      "months": [
        9,
        10,
        11
      ]
    },
    "OND": {
      "efp": 0.1681047607499398,
      "months": [
        10,
        11,
        12
      ]
    },
    "NDJ": {
      "efp": 0.16827134061371915,
      "months": [
        11,
        12,
        1
      ]
    }
  },
  "efp_sh": {
    "DJF": {
      "efp": 0.33326247334480286,
      "months": [
        12,
        1,
        2
      ]
    },
    "JFM": {
      "efp": 0.3417210578918457,
      "months": [
        1,
        2,
        3
      ]
    },
    "FMA": {
      "efp": 0.3275775611400604,
      "months": [
        2,
        3,
        4
      ]
    },
    "MAM": {
      "efp": 0.35168853402137756,
      "months": [
        3,
        4,
        5
      ]
    },
    "AMJ": {
      "efp": 0.38134297728538513,
      "months": [
        4,
        5,
        6
      ]
    },
    "MJJ": {
      "efp": 0.363979697227478,
      "months": [
        5,
        6,
        7
      ]
    },
    "JJA": {
      "efp": 0.39427056908607483,
      "months": [
        6,
        7,
        8
      ]
    },
    "JAS": {
      "efp": 0.40167826414108276,
      "months": [
        7,
        8,
        9
      ]
    },
    "ASO": {
      "efp": 0.43280574679374695,
      "months": [
        8,
        9,
        10
      ]
    },
    "SON": {
      "efp": 0.43724483251571655,
      "months": [
        9,
        10,
        11
      ]
    },
    "OND": {
      "efp": 0.45918142795562744,
      "months": [
        10,
        11,
        12
      ]
    },
    "NDJ": {
      "efp": 0.37025102972984314,
      "months": [
        11,
        12,
        1
      ]
    }
  },
  "efp_sh_123": {
    "DJF": {
      "efp": 0.048801541616436045,
      "months": [
        12,
        1,
        2
      ]
    },
    "JFM": {
      "efp": 0.04064279720734907,
      "months": [
        1,
        2,
        3
      ]
    },
    "FMA": {
      "efp": 0.05593905741443635,
      "months": [
        2,
        3,
        4
      ]
    },
    "MAM": {
      "efp": 0.04120087394081456,
      "months": [
        3,
        4,
        5
      ]
    },
    "AMJ": {
      "efp": 0.034766411989286546,
      "months": [
        4,
        5,
        6
      ]
    },
    "MJJ": {
      "efp": 0.01579423358280314,
      "months": [
        5,
        6,
        7
      ]
    },
    "JJA": {
      "efp": 0.006889951055801011,
      "months": [
        6,
        7,
        8
      ]
    },
    "JAS": {
      "efp": 0.023094568570432746,
      "months": [
        7,
        8,
        9
      ]
    },
    "ASO": {
      "efp": 0.03182953358252381,
      "months": [
        8,
        9,
        10
      ]
    },
    "SON": {
      "efp": 0.02955631138318686,
      "months": [
        9,
        10,
        11
      ]
    },
    "OND": {
      "efp": 0.028702781138783117,
      "months": [
        10,
        11,
        12
      ]
    },
    "NDJ": {
      "efp": 0.026141189480371183,
      "months": [
        11,
        12,
        1
      ]
    }
  },
  "efp_sh_gt3": {
    "DJF": {
      "efp": 0.24793991523411632,
      "months": [
        12,
        1,
        2
      ]
    },
    "JFM": {
      "efp": 0.27454057040429386,
      "months": [
        1,
        2,
        3
      ]
    },
    "FMA": {
      "efp": 0.26009329861033703,
      "months": [
        2,
        3,
        4
      ]
    },
    "MAM": {
      "efp": 0.2863991409551635,
      "months": [
        3,
        4,
        5
      ]
    },
    "AMJ": {
      "efp": 0.32587796874722125,
      "months": [
        4,
        5,
        6
      ]
    },
    "MJJ": {
      "efp": 0.306600211737791,
      "months": [
        5,
        6,
        7
      ]
    },
    "JJA": {
      "efp": 0.32565013579468743,
      "months": [
        6,
        7,
        8
      ]
    },
    "JAS": {
      "efp": 0.3295518258209549,
      "months": [
        7,
        8,
        9
      ]
    },
    "ASO": {
      "efp": 0.3589486956177557,
      "months": [
        8,
        9,
        10
      ]
    },
    "SON": {
      "efp": 0.36838436723314005,
      "months": [
        9,
        10,
        11
      ]
    },