{
  "efp_nh": {
    "DJF": {
      "efp": 0.30306110685143983,
      "months": [
        12,
        1,
        2
      ]
    },
    "JFM": {
      "efp": 0.3304032866950028,
      "months": [
        1,
        2,
        3
      ]
    },
    "FMA": {
      "efp": 0.307206656721581,
      "months": [
        2,
        3,
        4
      ]
    },
    "MAM": {
      "efp": 0.2575905490789198,
      "months": [
        3,
        4,
        5
      ]
    },
    "AMJ": {
      "efp": 0.23384902987377967,
      "months": [
        4,
        5,
        6
      ]
    },
    "MJJ": {
      "efp": 0.22709365145947433,
      "months": [
        5,
        6,
        7
      ]
    },
    "JJA": {
      "efp": 0.15629404240448824,
      "months": [
        6,
        7,
        8
      ]
    },
    "JAS": {
      "efp": 0.11124205884970689,
      "months": [
        7,
        8,
        9
      ]
    },
    "ASO": {
      "efp": 0.18046352498636298,
      "months": [
        8,
        9,
        10
      ]
    },
    "SON": {
      "efp": 0.14618415228601517,
      "months": [
        9,
        10,
        11
      ]
    },
    "OND": {
      "efp": 0.1983223001244907,
      "months": [
        10,
        11,
        12
      ]
    },
    "NDJ": {
      "efp": 0.2896177869802776,
      "months": [
        11,
        12,
        1
      ]
    }
  },
  "efp_nh_123": {
    "DJF": {
      "efp": 0.11194590613375185,
      "months": [
        12,
        1,
        2
      ]
    },
    "JFM": {
      "efp": 0.14508273632065463,
      "months": [
        1,
        2,
        3
      ]
    },
    "FMA": {
      "efp": 0.11161961698053702,
      "months": [
        2,
        3,
        4
      ]
    },
    "MAM": {
      "efp": 0.0858656765138272,
      "months": [
        3,
        4,
        5
      ]
    },
    "AMJ": {
      "efp": 0.07300427482042592,
      "months": [
        4,
        5,
        6
      ]
    },
    "MJJ": {
      "efp": 0.07038631986210865,
      "months": [
        5,
        6,
        7
      ]
    },
    "JJA": {
      "efp": 0.03335546063854181,
      "months": [
        6,
        7,
        8
      ]
    },
    "JAS": {
      "efp": 0.022950544576872428,
      "months": [
        7,
        8,
        9
      ]
    },
    "ASO": {
      "efp": 0.03735866385592471,
      "months": [
        8,
        9,
        10
      ]
    },
    "SON": {
      "efp": 0.05311564162925012,
      "months": [
        9,
        10,
        11
      ]
    },
    "OND": {
      "efp": 0.06558060517085819,
      "months": [
        10,
        11,
        12
      ]
    },
    "NDJ": {
      "efp": 0.07521214318052175,
      "months": [
        11,
        12,
        1
      ]
    }
  },
  "efp_nh_gt3": {
    "DJF": {
      "efp": 0.17231080796361,
      "months": [
        12,
        1,
        2
      ]
    },
    "JFM": {
      "efp": 0.19041400261138663,
      "months": [
        1,
        2,
        3
      ]
    },
    "FMA": {
      "efp": 0.20327516719899436,
      "months": [
        2,
        3,
        4
      ]
    },
    "MAM": {
      "efp": 0.15663612643272168,
      "months": [
        3,
        4,
        5
      ]
    },
    "AMJ": {
      "efp": 0.1378223789324827,
      "months": [
        4,
        5,
        6
      ]
    },
    "MJJ": {
      "efp": 0.12462767393289165,
      "months": [
        5,
        6,
        7
      ]
    },
    "JJA": {
      "efp": 0.12283704054003734,
      "months": [
        6,
        7,
        8
      ]
    },
    "JAS": {
      "efp": 0.09940635519481386,
      "months": [
        7,
        8,
        9
      ]
    },
    "ASO": {
      "efp": 0.1336209266342254,
      "months": [
        8,
        9,
        10
      ]
    },
    "SON": {
      "efp": 0.12505853490494268,
      "months": [
        9,
        10,
        11
      ]
    },
    "OND": {
      "efp": 0.149106335388485,
      "months": [
        10,
        11,
        12
      ]
    },
    "NDJ": {
      "efp": 0.21012284873181813,
      "months": [
        11,
        12,
        1
      ]
    }
  },
  "efp_sh": {
    "DJF": {
      "efp": 0.25470799151131374,
      "months": [
        12,
        1,
        2
      ]
    },
    "JFM": {
      "efp": 0.22655674756454094,
      "months": [
        1,
        2,
        3
      ]
    },
    "FMA": {
      "efp": 0.22571755220272727,
      "months": [
        2,
        3,
        4
      ]
    },
    "MAM": {
      "efp": 0.2829854279779835,
      "months": [
        3,
        4,
        5
      ]
    },
    "AMJ": {
      "efp": 0.27131349192666393,
      "months": [
        4,
        5,
        6
      ]
    },
    "MJJ": {
      "efp": 0.2539590473733417,
      "months": [
        5,
        6,
        7
      ]
    },
    "JJA": {
      "efp": 0.2627344541390749,
      "months": [
        6,
        7,
        8
      ]
    },
    "JAS": {
      "efp": 0.2683696939824604,
      "months": [
        7,
        8,
        9
      ]
    },
    "ASO": {
      "efp": 0.294770334387172,
      "months": [
        8,
        9,
        10
      ]
    },
    "SON": {
      "efp": 0.3280321068314654,
      "months": [
        9,
        10,
        11
      ]
    },
    "OND": {
      "efp": 0.3439483500508599,
      "months": [
        10,
        11,
        12
      ]
    },
    "NDJ": {
      "efp": 0.305528868254513,
      "months": [
        11,
        12,
        1
      ]
    }
  },
  "efp_sh_123": {
    "DJF": {
      "efp": 0.09894146098717574,
      "months": [
        12,
        1,
        2
      ]
    },
    "JFM": {
      "efp": 0.06790109737551615,
      "months": [
        1,
        2,
        3
      ]
    },
    "FMA": {
      "efp": 0.033146427758263715,
      "months": [
        2,
        3,
        4
      ]
    },
    "MAM": {
      "efp": 0.018741642024956245,
      "months": [
        3,
        4,
        5
      ]
    },
    "AMJ": {
      "efp": 0.029595381845058454,
      "months": [
        4,
        5,
        6
      ]
    },
    "MJJ": {
      "efp": 0.02124817083133383,
      "months": [
        5,
        6,
        7
      ]
    },
    "JJA": {
      "efp": 0.03760322191545043,
      "months": [
        6,
        7,
        8
      ]
    },
    "JAS": {
      "efp": 0.02099716234555563,
      "months": [
        7,
        8,
        9
      ]
    },
    "ASO": {
      "efp": 0.0301155135229606,
      "months": [
        8,
        9,
        10
      ]
    },
    "SON": {
      "efp": 0.01749178439894689,
      "months": [
        9,
        10,
        11
      ]
    },
    "OND": {
      "efp": 0.048514856411013975,
      "months": [
        10,
        11,
        12
      ]
    },
    "NDJ": {
      "efp": 0.08395794298013698,
      "months": [
        11,
        12,
        1
      ]
    }
  },
  "efp_sh_gt3": {
    "DJF": {
      "efp": 0.2387133020676153,
      "months": [
        12,
        1,
        2
      ]
    },
    "JFM": {
      "efp": 0.20808812466011506,
      "months": [
        1,
        2,
        3
      ]
    },
    "FMA": {
      "efp": 0.23736957966010158,
      "months": [
        2,
        3,
        4
      ]
    },
    "MAM": {
      "efp": 0.23028880914461042,
      "months": [
        3,
        4,
        5
      ]
    },
    "AMJ": {
      "efp": 0.22106880857228958,
      "months": [
        4,
        5,
        6
      ]
    },
    "MJJ": {
      "efp": 0.23318241888234095,
      "months": [
        5,
        6,
        7
      ]
    },
    "JJA": {
      "efp": 0.1982365697202403,
      "months": [
        6,
        7,
        8
      ]
    },
    "JAS": {
      "efp": 0.23073319612530263,
      "months": [
        7,
        8,
        9
      ]
    },
    "ASO": {
      "efp": 0.23914503178720833,
      "months": [
        8,
        9,
        10
      ]
    },
    "SON": {
      "efp": 0.2794132123586285,
      "months": [
        9,
        10,
        11
      ]
    },