{
  "efp_nh": {
    "DJF": {
      "efp": 0.2991415200884618,
      "months": [
        12,
        1,
        2
      ]
    },
    "JFM": {
      "efp": 0.3180363862153553,
      "months": [
        1,
        2,
        3
      ]
    },
    "FMA": {
      "efp": 0.2855884805250653,
      "months": [
        2,
        3,
        4
      ]
    },
    "MAM": {
      "efp": 0.2566793058618133,
      "months": [
        3,
        4,
        5
      ]
    },
    "AMJ": {
      "efp": 0.22792456914637318,
      "months": [
        4,
        5,
        6
      ]
    },
    "MJJ": {
      "efp": 0.2018126605748832,
      "months": [
        5,
        6,
        7
      ]
    },
    "JJA": {
      "efp": 0.14659652553687977,
      "months": [
        6,
        7,
        8
      ]
    },
    "JAS": {
      "efp": 0.10240825196181061,
      "months": [
        7,
        8,
        9
      ]
    },
    "ASO": {
      "efp": 0.1292296202075449,
      "months": [
        8,
        9,
        10
      ]
    },
    "SON": {
      "efp": 0.14392235304434475,
      "months": [
        9,
        10,
        11
      ]
    },
    "OND": {
      "efp": 0.19125322340886394,
      "months": [
        10,
        11,
        12
      ]
    },
    "NDJ": {
      "efp": 0.2518861842650598,
      "months": [
        11,
        12,
        1
      ]
    }
  },
  "efp_nh_123": {
    "DJF": {
      "efp": 0.10844555310292754,
      "months": [
        12,
        1,
        2
      ]
    },
    "JFM": {
      "efp": 0.11806094505269915,
      "months": [
        1,
        2,
        3
      ]
    },
    "FMA": {
      "efp": 0.08631646286647389,
      "months": [
        2,
        3,
        4
      ]
    },
    "MAM": {
      "efp": 0.07114215231323535,
      "months": [
        3,
        4,
        5
      ]
    },
    "AMJ": {
      "efp": 0.046613113936989026,
      "months": [
        4,
        5,
        6
      ]
    },
    "MJJ": {
      "efp": 0.03707581780047682,
      "months": [
        5,
        6,
        7
      ]
    },
    "JJA": {
      "efp": 0.019955360092655427,
      "months": [
        6,
        7,
        8
      ]
    },
    "JAS": {
      "efp": 0.02700631285059039,
      "months": [
        7,
        8,
        9
      ]
    },
    "ASO": {
      "efp": 0.01928195605571426,
      "months": [
        8,
        9,
        10
      ]
    },
    "SON": {
      "efp": 0.03327254597037124,
      "months": [
        9,
        10,
        11
      ]
    },
    "OND": {
      "efp": 0.05518697488494969,
      "months": [
        10,
        11,
        12
      ]
    },
    "NDJ": {
      "efp": 0.07937592747829682,
      "months": [
        11,
        12,
        1
      ]
    }
  },
  "efp_nh_gt3": {
    "DJF": {
      "efp": 0.16680214509069388,
      "months": [
        12,
        1,
        2
      ]
    },
    "JFM": {
      "efp": 0.18005844086513553,
      "months": [
        1,
        2,
        3
      ]
    },
    "FMA": {
      "efp": 0.16824547417586133,
      "months": [
        2,
        3,
        4
      ]
    },
    "MAM": {
      "efp": 0.1622581936671139,
      "months": [
        3,
        4,
        5
      ]
    },
    "AMJ": {
      "efp": 0.14331320296197922,
      "months": [
        4,
        5,
        6
      ]
    },
    "MJJ": {
      "efp": 0.13278272604745264,
      "months": [
        5,
        6,
        7
      ]
    },
    "JJA": {
      "efp": 0.10610656645489758,
      "months": [
        6,
        7,
        8
      ]
    },
    "JAS": {
      "efp": 0.09075505485630783,
      "months": [
        7,
        8,
        9
      ]
    },
    "ASO": {
      "efp": 0.10373423749872743,
      "months": [
        8,
        9,
        10
      ]
    },
    "SON": {
      "efp": 0.11326116104048962,
      "months": [
        9,
        10,
        11
      ]
    },
    "OND": {
      "efp": 0.1216062087987314,
      "months": [
        10,
        11,
        12
      ]
    },
    "NDJ": {
      "efp": 0.15801995197611535,
      "months": [
        11,
        12,
        1
      ]
    }
  },
  "efp_sh": {
    "DJF": {
      "efp": 0.2164396241896423,
      "months": [
        12,
        1,
        2
      ]
    },
    "JFM": {
      "efp": 0.18386927872759787,
      "months": [
        1,
        2,
        3
      ]
    },
    "FMA": {
      "efp": 0.17853663164574385,
      "months": [
        2,
        3,
        4
      ]
    },
    "MAM": {
      "efp": 0.23766535826188875,
      "months": [
        3,
        4,
        5
      ]
    },
    "AMJ": {
      "efp": 0.281704696295715,
      "months": [
        4,
        5,
        6
      ]
    },
    "MJJ": {
      "efp": 0.29799576273244716,
      "months": [
        5,
        6,
        7
      ]
    },
    "JJA": {
      "efp": 0.30950518445890085,
      "months": [
        6,
        7,
        8
      ]
    },
    "JAS": {
      "efp": 0.3035255098556307,
      "months": [
        7,
        8,
        9
      ]
    },
    "ASO": {
      "efp": 0.29642646366432707,
      "months": [
        8,
        9,
        10
      ]
    },
    "SON": {
      "efp": 0.31827491746454445,
      "months": [
        9,
        10,
        11
      ]
    },
    "OND": {
      "efp": 0.30673822827498554,
      "months": [
        10,
        11,
        12
      ]
    },
    "NDJ": {
      "efp": 0.2586723542901532,
      "months": [
        11,
        12,
        1
      ]
    }
  },
  "efp_sh_123": {
    "DJF": {
      "efp": 0.060506644091612896,
      "months": [
        12,
        1,
        2
      ]
    },
    "JFM": {
      "efp": 0.03551453013607923,
      "months": [
        1,
        2,
        3
      ]
    },
    "FMA": {
      "efp": 0.02225305074822808,
      "months": [
        2,
        3,
        4
      ]
    },
    "MAM": {
      "efp": 0.014556350821951078,
      "months": [
        3,
        4,
        5
      ]
    },
    "AMJ": {
      "efp": 0.02050320590469787,
      "months": [
        4,
        5,
        6
      ]
    },
    "MJJ": {
      "efp": 0.014125922874528948,
      "months": [
        5,
        6,
        7
      ]
    },
    "JJA": {
      "efp": 0.014547072186387185,
      "months": [
        6,
        7,
        8
      ]
    },
    "JAS": {
      "efp": 0.013363156470567773,
      "months": [
        7,
        8,
        9
      ]
    },
    "ASO": {
      "efp": 0.026177403217273545,
      "months": [
        8,
        9,
        10
      ]
    },
    "SON": {
      "efp": 0.01766234751150667,
      "months": [
        9,
        10,
        11
      ]
    },
    "OND": {
      "efp": 0.03090446015045626,
      "months": [
        10,
        11,
        12
      ]
    },
    "NDJ": {
      "efp": 0.05432651213468562,
      "months": [
        11,
        12,
        1
      ]
    }
  },
  "efp_sh_gt3": {
    "DJF": {
      "efp": 0.18383083667740077,
      "months": [
        12,
        1,
        2
      ]
    },
    "JFM": {
      "efp": 0.1641307352394112,
      "months": [
        1,
        2,
        3
      ]
    },
    "FMA": {
      "efp": 0.1764472876041961,
      "months": [
        2,
        3,
        4
      ]
    },
    "MAM": {
      "efp": 0.20534047614143022,
      "months": [
        3,
        4,
        5
      ]
    },
    "AMJ": {
      "efp": 0.24034593134716783,
      "months": [
        4,
        5,
        6
      ]
    },
    "MJJ": {
      "efp": 0.2451610623266243,
      "months": [
        5,
        6,
        7
      ]
    },
    "JJA": {
      "efp": 0.2477402868442995,
      "months": [
        6,
        7,
        8
      ]
    },
    "JAS": {
      "efp": 0.25000973385096825,
      "months": [
        7,
        8,
        9
      ]
    },
    "ASO": {
      "efp": 0.24799460188062347,
      "months": [
        8,
        9,
        10
      ]
    },
    "SON": {
      "efp": 0.26201447151015933,
      "months": [
        9,
        10,
        11
      ]
    },