{
  "efp_nh": {
    "DJF": {
      "efp": 0.3278530689105711,
      "months": [
        12,
        1,
        2
      ]
    },
    "JFM": {
      "efp": 0.3931520529266291,
      "months": [
        1,
        2,
        3
      ]
    },
    "FMA": {
      "efp": 0.4052867510164505,
      "months": [
        2,
        3,
        4
      ]
    },
    "MAM": {
      "efp": 0.32844434148111284,
      "months": [
        3,
        4,
        5
      ]
    },
    "AMJ": {
      "efp": 0.21025787648652627,
      "months": [
        4,
        5,
        6
      ]
    },
    "MJJ": {
      "efp": 0.19387753840451438,
      "months": [
        5,
        6,
        7
      ]
    },
    "JJA": {
      "efp": 0.2046982698549067,
      "months": [
        6,
        7,
        8
      ]
    },
    "JAS": {
      "efp": 0.1616393217842853,
      "months": [
        7,
        8,
        9
      ]
    },
    "ASO": {
      "efp": 0.1840886229161248,
      "months": [
        8,
        9,
        10
      ]
    },
    "SON": {
      "efp": 0.21296341007839134,
      "months": [
        9,
        10,
        11
      ]
    },
    "OND": {
      "efp": 0.21601212491571373,
      "months": [
        10,
        11,
        12
      ]
    },
    "NDJ": {
      "efp": 0.23574610124788917,
      "months": [
        11,
        12,
        1
      ]
    }
  },
  "efp_nh_123": {
    "DJF": {
      "efp": 0.13845183373226488,
      "months": [
        12,
        1,
        2
      ]
    },
    "JFM": {
      "efp": 0.16443518531911167,
      "months": [
        1,
        2,
        3
      ]
    },
    "FMA": {
      "efp": 0.10980119381909621,
      "months": [
        2,
        3,
        4
      ]
    },
    "MAM": {
      "efp": 0.07875613844974796,
      "months": [
        3,
        4,
        5
      ]
    },
    "AMJ": {
      "efp": 0.043454015565847055,
      "months": [
        4,
        5,
        6
      ]
    },
    "MJJ": {
      "efp": 0.038479396900144645,
      "months": [
        5,
        6,
        7
      ]
    },
    "JJA": {
      "efp": 0.0704151355834763,
      "months": [
        6,
        7,
        8
      ]
    },
    "JAS": {
      "efp": 0.043221539315975166,
      "months": [
        7,
        8,
        9
      ]
    },
    "ASO": {
      "efp": 0.035001911308453496,
      "months": [
        8,
        9,
        10
      ]
    },
    "SON": {
      "efp": 0.03252346253945809,
      "months": [
        9,
        10,
        11
      ]
    },
    "OND": {
      "efp": 0.05051237370937723,
      "months": [
        10,
        11,
        12
      ]
    },
    "NDJ": {
      "efp": 0.10099753032016709,
      "months": [
        11,
        12,
        1
      ]
    }
  },
  "efp_nh_gt3": {
    "DJF": {
      "efp": 0.19110751322050545,
      "months": [
        12,
        1,
        2
      ]
    },
    "JFM": {
      "efp": 0.20997624038241933,
      "months": [
        1,
        2,
        3
      ]
    },
    "FMA": {
      "efp": 0.23564000987709258,
      "months": [
        2,
        3,
        4
      ]
    },
    "MAM": {
      "efp": 0.23335405280567748,
      "months": [
        3,
        4,
        5
      ]
    },
    "AMJ": {
      "efp": 0.16400307417065135,
      "months": [
        4,
        5,
        6
      ]
    },
    "MJJ": {
      "efp": 0.15904097255035177,
      "months": [
        5,
        6,
        7
      ]
    },
    "JJA": {
      "efp": 0.17677019275897607,
      "months": [
        6,
        7,
        8
      ]
    },
    "JAS": {
      "efp": 0.13756598633769374,
      "months": [
        7,
        8,
        9
      ]
    },
    "ASO": {
      "efp": 0.1307770636595826,
      "months": [
        8,
        9,
        10
      ]
    },
    "SON": {
      "efp": 0.16350711558042405,
      "months": [
        9,
        10,
        11
      ]
    },
    "OND": {
      "efp": 0.1578340197672646,
      "months": [
        10,
        11,
        12
      ]
    },
    "NDJ": {
      "efp": 0.12403385005560423,
      "months": [
        11,
        12,
        1
      ]
    }
  },
  "efp_sh": {
    "DJF": {
      "efp": 0.2826548678472376,
      "months": [
        12,
        1,
        2
      ]
    },
    "JFM": {
      "efp": 0.25342920919515094,
      "months": [
        1,
        2,
        3
      ]
    },
    "FMA": {
      "efp": 0.22336757327684031,
      "months": [
        2,
        3,
        4
      ]
    },
    "MAM": {
      "efp": 0.20474536178278058,
      "months": [
        3,
        4,
        5
      ]
    },
    "AMJ": {
      "efp": 0.2646195386912344,
      "months": [
        4,
        5,
        6
      ]
    },
    "MJJ": {
      "efp": 0.3594757869026195,
      "months": [
        5,
        6,
        7
      ]
    },
    "JJA": {
      "efp": 0.32319314020597584,
      "months": [
        6,
        7,
        8
      ]
    },
    "JAS": {
      "efp": 0.3238906315556114,
      "months": [
        7,
        8,
        9
      ]
    },
    "ASO": {
      "efp": 0.3611878748862951,
      "months": [
        8,
        9,
        10
      ]
    },
    "SON": {
      "efp": 0.36606892563232896,
      "months": [
        9,
        10,
        11
      ]
    },
    "OND": {
      "efp": 0.3815456760924786,
      "months": [
        10,
        11,
        12
      ]
    },
    "NDJ": {
      "efp": 0.31506393827732715,
      "months": [
        11,
        12,
        1
      ]
    }
  },
  "efp_sh_123": {
    "DJF": {
      "efp": 0.09655899221392814,
      "months": [
        12,
        1,
        2
      ]
    },
    "JFM": {
      "efp": 0.06620771887268867,
      "months": [
        1,
        2,
        3
      ]
    },
    "FMA": {
      "efp": 0.031229247850095714,
      "months": [
        2,
        3,
        4
      ]
    },
    "MAM": {
      "efp": 0.018905916861032348,
      "months": [
        3,
        4,
        5
      ]
    },
    "AMJ": {
      "efp": 0.019565690077116053,
      "months": [
        4,
        5,
        6
      ]
    },
    "MJJ": {
      "efp": 0.03560506212541327,
      "months": [
        5,
        6,
        7
      ]
    },
    "JJA": {
      "efp": 0.04127610287152632,
      "months": [
        6,
        7,
        8
      ]
    },
    "JAS": {
      "efp": 0.03743293543598653,
      "months": [
        7,
        8,
        9
      ]
    },
    "ASO": {
      "efp": 0.04955668081789025,
      "months": [
        8,
        9,
        10
      ]
    },
    "SON": {
      "efp": 0.04698089148896958,
      "months": [
        9,
        10,
        11
      ]
    },
    "OND": {
      "efp": 0.050051314072251406,
      "months": [
        10,
        11,
        12
      ]
    },
    "NDJ": {
      "efp": 0.05640937916645196,
      "months": [
        11,
        12,
        1
      ]
    }
  },
  "efp_sh_gt3": {
    "DJF": {
      "efp": 0.1750326214869905,
      "months": [
        12,
        1,
        2
      ]
    },
    "JFM": {
      "efp": 0.16401233299085521,
      "months": [
        1,
        2,
        3
      ]
    },
    "FMA": {
      "efp": 0.15964583142190972,
      "months": [
        2,
        3,
        4
      ]
    },
    "MAM": {
      "efp": 0.14194780141941923,
      "months": [
        3,
        4,
        5
      ]
    },
    "AMJ": {
      "efp": 0.18102037869056592,
      "months": [
        4,
        5,
        6
      ]
    },
    "MJJ": {
      "efp": 0.2721905377225049,
      "months": [
        5,
        6,
        7
      ]
    },
    "JJA": {
      "efp": 0.27996408276361845,
      "months": [
        6,
        7,
        8
      ]
    },
    "JAS": {
      "efp": 0.2572025034231031,
      "months": [
        7,
        8,
        9
      ]
    },
    "ASO": {
      "efp": 0.3027561756140831,
      "months": [
        8,
        9,
        10
      ]
    },
    "SON": {
      "efp": 0.30678037924189233,
      "months": [
        9,
        10,
        11
      ]
    },