{
  "efp_nh": {
    "DJF": {
      "efp": 0.23472048192900796,
      "months": [
        12,
        1,
        2
      ]
    },
    "JFM": {
      "efp": 0.2578893353491606,
      "months": [
        1,
        2,
        3
      ]
    },
    "FMA": {
      "efp": 0.23255768559350645,
      "months": [
        2,
        3,
        4
      ]
    },
    "MAM": {
      "efp": 0.3041993149941317,
      "months": [
        3,
        4,
        5
      ]
    },
    "AMJ": {
      "efp": 0.30378878045706087,
      "months": [
        4,
        5,
        6
      ]
    },
    "MJJ": {
      "efp": 0.19220221335102844,
      "months": [
        5,
        6,
        7
      ]
    },
    "JJA": {
      "efp": 0.13740573087332889,
      "months": [
        6,
        7,
        8
      ]
    },
    "JAS": {
      "efp": 0.11811388832291726,
      "months": [
        7,
        8,
        9
      ]
    },
    "ASO": {
      "efp": 0.12679208102795567,
      "months": [
        8,
        9,
        10
      ]
    },
    "SON": {
      "efp": 0.12875918570923464,
      "months": [
        9,
        10,
        11
      ]
    },
    "OND": {
      "efp": 0.14576845345160902,
      "months": [
        10,
        11,
        12
      ]
    },
    "NDJ": {
      "efp": 0.21007882044992032,
      "months": [
        11,
        12,
        1
      ]
    }
  },
  "efp_nh_123": {
    "DJF": {
      "efp": 0.10283166786227299,
      "months": [
        12,
        1,
        2
      ]
    },
    "JFM": {
      "efp": 0.08183523718378043,
      "months": [
        1,
        2,
        3
      ]
    },
    "FMA": {
      "efp": 0.048273908396467946,
      "months": [
        2,
        3,
        4
      ]
    },
    "MAM": {
      "efp": 0.0678956738644285,
      "months": [
        3,
        4,
        5
      ]
    },
    "AMJ": {
      "efp": 0.046559964908259664,
      "months": [
        4,
        5,
        6
      ]
    },
    "MJJ": {
      "efp": 0.03442270971158378,
      "months": [
        5,
        6,
        7
      ]
    },
    "JJA": {
      "efp": 0.05289328965922174,
      "months": [
        6,
        7,
        8
      ]
    },
    "JAS": {
      "efp": 0.04622340404285387,
      "months": [
        7,
        8,
        9
      ]
    },
    "ASO": {
      "efp": 0.03618801996763967,
      "months": [
        8,
        9,
        10
      ]
    },
    "SON": {
      "efp": 0.03321047212487123,
      "months": [
        9,
        10,
        11
      ]
    },
    "OND": {
      "efp": 0.035377999145678254,
      "months": [
        10,
        11,
        12
      ]
    },
    "NDJ": {
      "efp": 0.06555434136367497,
      "months": [
        11,
        12,
        1
      ]
    }
  },
  "efp_nh_gt3": {
    "DJF": {
      "efp": 0.163307885638296,
      "months": [
        12,
        1,
        2
      ]
    },
    "JFM": {
      "efp": 0.20835529196898175,
      "months": [
        1,
        2,
        3
      ]
    },
    "FMA": {
      "efp": 0.1981631969419354,
      "months": [
        2,
        3,
        4
      ]
    },
    "MAM": {
      "efp": 0.20020416196792912,
      "months": [
        3,
        4,
        5
      ]
    },
    "AMJ": {
      "efp": 0.22571204447850113,
      "months": [
        4,
        5,
        6
      ]
    },
    "MJJ": {
      "efp": 0.14491339205105375,
      "months": [
        5,
        6,
        7
      ]
    },
    "JJA": {
      "efp": 0.09481804928467202,
      "months": [
        6,
        7,
        8
      ]
    },
    "JAS": {
      "efp": 0.10838574543881799,
      "months": [
        7,
        8,
        9
      ]
    },
    "ASO": {
      "efp": 0.10688754820958414,
      "months": [
        8,
        9,
        10
      ]
    },
    "SON": {
      "efp": 0.1166057584785414,
      "months": [
        9,
        10,
        11
      ]
    },
    "OND": {
      "efp": 0.12384977749338194,
      "months": [
        10,
        11,
        12
      ]
    },
    "NDJ": {
      "efp": 0.1606142710161438,
      "months": [
        11,
        12,
        1
      ]
    }
  },
  "efp_sh": {
    "DJF": {
      "efp": 0.10490566029946324,
      "months": [
        12,
        1,
        2
      ]
    },
    "JFM": {
      "efp": 0.08159803307161946,
      "months": [
        1,
        2,
        3
      ]
    },
    "FMA": {
      "efp": 0.0849370048249179,
      "months": [
        2,
        3,
        4
      ]
    },
    "MAM": {
      "efp": 0.1198419709630134,
      "months": [
        3,
        4,
        5
      ]
    },
    "AMJ": {
      "efp": 0.20210710678157237,
      "months": [
        4,
        5,
        6
      ]
    },
    "MJJ": {
      "efp": 0.23131747812717546,
      "months": [
        5,
        6,
        7
      ]
    },
    "JJA": {
      "efp": 0.250970609660364,
      "months": [
        6,
        7,
        8
      ]
    },
    "JAS": {
      "efp": 0.2674683097215058,
      "months": [
        7,
        8,
        9
      ]
    },
    "ASO": {
      "efp": 0.2683993038767413,
      "months": [
        8,
        9,
        10
      ]
    },
    "SON": {
      "efp": 0.2490938051747523,
      "months": [
        9,
        10,
        11
      ]
    },
    "OND": {
      "efp": 0.250303371583355,
      "months": [
        10,
        11,
        12
      ]
    },
    "NDJ": {
      "efp": 0.1451550367715994,
      "months": [
        11,
        12,
        1
      ]
    }
  },
  "efp_sh_123": {
    "DJF": {
      "efp": 0.07064352851761209,
      "months": [
        12,
        1,
        2
      ]
    },
    "JFM": {
      "efp": 0.04820224407307341,
      "months": [
        1,
        2,
        3
      ]
    },
    "FMA": {
      "efp": 0.061552602844337896,
      "months": [
        2,
        3,
        4
      ]
    },
    "MAM": {
      "efp": 0.058413366986429544,
      "months": [
        3,
        4,
        5
      ]
    },
    "AMJ": {
      "efp": 0.030768432719258065,
      "months": [
        4,
        5,
        6
      ]
    },
    "MJJ": {
      "efp": 0.04253085099667658,
      "months": [
        5,
        6,
        7
      ]
    },
    "JJA": {
      "efp": 0.047719199924219816,
      "months": [
        6,
        7,
        8
      ]
    },
    "JAS": {
      "efp": 0.032778607882204755,
      "months": [
        7,
        8,
        9
      ]
    },
    "ASO": {
      "efp": 0.04939537578746124,
      "months": [
        8,
        9,
        10
      ]
    },
    "SON": {
      "efp": 0.04324432586241998,
      "months": [
        9,
        10,
        11
      ]
    },
    "OND": {
      "efp": 0.05811357948277969,
      "months": [
        10,
        11,
        12
      ]
    },
    "NDJ": {
      "efp": 0.07271050955468802,
      "months": [
        11,
        12,
        1
      ]
    }
  },
  "efp_sh_gt3": {
    "DJF": {
      "efp": 0.12964127521634872,
      "months": [
        12,
        1,
        2
      ]
    },
    "JFM": {
      "efp": 0.09251657207772873,
      "months": [
        1,
        2,
        3
      ]
    },
    "FMA": {
      "efp": 0.1335080531292852,
      "months": [
        2,
        3,
        4
      ]
    },
    "MAM": {
      "efp": 0.1318337473274089,
      "months": [
        3,
        4,
        5
      ]
    },
    "AMJ": {
      "efp": 0.16355430748632255,
      "months": [
        4,
        5,
        6
      ]
    },
    "MJJ": {
      "efp": 0.2120780089161883,
      "months": [
        5,
        6,
        7
      ]
    },
    "JJA": {
      "efp": 0.2529198454736795,
      "months": [
        6,
        7,
        8
      ]
    },
    "JAS": {
      "efp": 0.2379446107843231,
      "months": [
        7,
        8,
        9
      ]
    },
    "ASO": {
      "efp": 0.21294273502117433,
      "months": [
        8,
        9,
        10
      ]
    },
    "SON": {
      "efp": 0.2053628375354574,
      "months": [
        9,
        10,
        11
      ]
    },