{
  "efp_nh": {
    "DJF": {
      "efp": 0.33420870968855043,
      "months": [
        12,
        1,
        2
      ]
    },
    "JFM": {
      "efp": 0.3869101724549871,
      "months": [
        1,
        2,
        3
      ]
    },
    "FMA": {
      "efp": 0.32459019847441883,
      "months": [
        2,
        3,
        4
      ]
    },
    "MAM": {
      "efp": 0.293461589405521,
      "months": [
        3,
        4,
        5
      ]
    },
    "AMJ": {
      "efp": 0.2488098702123143,
      "months": [
        4,
        5,
        6
      ]
    },
    "MJJ": {
      "efp": 0.18911740560035387,
      "months": [
        5,
        6,
        7
      ]
    },
    "JJA": {
      "efp": 0.1297157400433091,
      "months": [
        6,
        7,
        8
      ]
    },
    "JAS": {
      "efp": 0.15118403500188993,
      "months": [
        7,
        8,
        9
      ]
    },
    "ASO": {
      "efp": 0.10516001974930073,
      "months": [
        8,
        9,
        10
      ]
    },
    "SON": {
      "efp": 0.1348158158996935,
      "months": [
        9,
        10,
        11
      ]
    },
    "OND": {
      "efp": 0.14378778316665242,
      "months": [
        10,
        11,
        12
      ]
    },
    "NDJ": {
      "efp": 0.27034317063238816,
      "months": [
        11,
        12,
        1
      ]
    }
  },
  "efp_nh_123": {
    "DJF": {
      "efp": 0.06221055592996672,
      "months": [
        12,
        1,
        2
      ]
    },
    "JFM": {
      "efp": 0.11538000870448835,
      "months": [
        1,
        2,
        3
      ]
    },
    "FMA": {
      "efp": 0.11903178234663002,
      "months": [
        2,
        3,
        4
      ]
    },
    "MAM": {
      "efp": 0.08962141129990751,
      "months": [
        3,
        4,
        5
      ]
    },
    "AMJ": {
      "efp": 0.07143412101288747,
      "months": [
        4,
        5,
        6
      ]
    },
    "MJJ": {
      "efp": 0.030811927968764176,
      "months": [
        5,
        6,
        7
      ]
    },
    "JJA": {
      "efp": 0.047983540792660456,
      "months": [
        6,
        7,
        8
      ]
    },
    "JAS": {
      "efp": 0.030447140625080225,
      "months": [
        7,
        8,
        9
      ]
    },
    "ASO": {
      "efp": 0.021314299328595524,
      "months": [
        8,
        9,
        10
      ]
    },
    "SON": {
      "efp": 0.04904281553645476,
      "months": [
        9,
        10,
        11
      ]
    },
    "OND": {
      "efp": 0.045289417689534664,
      "months": [
        10,
        11,
        12
      ]
    },
    "NDJ": {
      "efp": 0.055031052667832564,
      "months": [
        11,
        12,
        1
      ]
    }
  },
  "efp_nh_gt3": {
    "DJF": {
      "efp": 0.2334605784454015,
      "months": [
        12,
        1,
        2
      ]
    },
    "JFM": {
      "efp": 0.2690761491809761,
      "months": [
        1,
        2,
        3
      ]
    },
    "FMA": {
      "efp": 0.19949082793074324,
      "months": [
        2,
        3,
        4
      ]
    },
    "MAM": {
      "efp": 0.17547961284554642,
      "months": [
        3,
        4,
        5
      ]
    },
    "AMJ": {
      "efp": 0.16504447386789037,
      "months": [
        4,
        5,
        6
      ]
    },
    "MJJ": {
      "efp": 0.128052582178714,
      "months": [
        5,
        6,
        7
      ]
    },
    "JJA": {
      "efp": 0.10474417957042724,
      "months": [
        6,
        7,
        8
      ]
    },
    "JAS": {
      "efp": 0.12621142541471952,
      "months": [
        7,
        8,
        9
      ]
    },
    "ASO": {
      "efp": 0.11881369300890958,
      "months": [
        8,
        9,
        10
      ]
    },
    "SON": {
      "efp": 0.0969601239980073,
      "months": [
        9,
        10,
        11
      ]
    },
    "OND": {
      "efp": 0.14893653450647124,
      "months": [
        10,
        11,
        12
      ]
    },
    "NDJ": {
      "efp": 0.21222639550471956,
      "months": [
        11,
        12,
        1
      ]
    }
  },
  "efp_sh": {
    "DJF": {
      "efp": 0.174203001348226,
      "months": [
        12,
        1,
        2
      ]
    },
    "JFM": {
      "efp": 0.15068889150941825,
      "months": [
        1,
        2,
        3
      ]
    },
    "FMA": {
      "efp": 0.12321903981427221,
      "months": [
        2,
        3,
        4
      ]
    },
    "MAM": {
      "efp": 0.19408682435055766,
      "months": [
        3,
        4,
        5
      ]
    },
    "AMJ": {
      "efp": 0.2655154049784736,
      "months": [
        4,
        5,
        6
      ]
    },
    "MJJ": {
      "efp": 0.33385287907949607,
      "months": [
        5,
        6,
        7
      ]
    },
    "JJA": {
      "efp": 0.4124248633358013,
      "months": [
        6,
        7,
        8
      ]
    },
    "JAS": {
      "efp": 0.40036862026239256,
      "months": [
        7,
        8,
        9
      ]
    },
    "ASO": {
      "efp": 0.30289228661987205,
      "months": [
        8,
        9,
        10
      ]
    },
    "SON": {
      "efp": 0.2646201483133297,
      "months": [
        9,
        10,
        11
      ]
    },
    "OND": {
      "efp": 0.2890410379347573,
      "months": [
        10,
        11,
        12
      ]
    },
    "NDJ": {
      "efp": 0.23211280621446054,
      "months": [
        11,
        12,
        1
      ]
    }
  },
  "efp_sh_123": {
    "DJF": {
      "efp": 0.07637385932259684,
      "months": [
        12,
        1,
        2
      ]
    },
    "JFM": {
      "efp": 0.09937606755038239,
      "months": [
        1,
        2,
        3
      ]
    },
    "FMA": {
      "efp": 0.07027057169740017,
      "months": [
        2,
        3,
        4
      ]
    },
    "MAM": {
      "efp": 0.04413190058251594,
      "months": [
        3,
        4,
        5
      ]
    },
    "AMJ": {
      "efp": 0.018012575380351337,
      "months": [
        4,
        5,
        6
      ]
    },
    "MJJ": {
      "efp": 0.01947829695283271,
      "months": [
        5,
        6,
        7
      ]
    },
    "JJA": {
      "efp": 0.028389482973540436,
      "months": [
        6,
        7,
        8
      ]
    },
    "JAS": {
      "efp": 0.029179190408272018,
      "months": [
        7,
        8,
        9
      ]
    },
    "ASO": {
      "efp": 0.04210934918158361,
      "months": [
        8,
        9,
        10
      ]
    },
    "SON": {
      "efp": 0.05275407592132002,
      "months": [
        9,
        10,
        11
      ]
    },
    "OND": {
      "efp": 0.056248070250471904,
      "months": [
        10,
        11,
        12
      ]
    },
    "NDJ": {
      "efp": 0.0986496539971365,
      "months": [
        11,
        12,
        1
      ]
    }
  },
  "efp_sh_gt3": {
    "DJF": {
      "efp": 0.14174455365161126,
      "months": [
        12,
        1,
        2
      ]
    },
    "JFM": {
      "efp": 0.11602486740546358,
      "months": [
        1,
        2,
        3
      ]
    },
    "FMA": {
      "efp": 0.13145887491025898,
      "months": [
        2,
        3,
        4
      ]
    },
    "MAM": {
      "efp": 0.17955878661715807,
      "months": [
        3,
        4,
        5
      ]
    },
    "AMJ": {
      "efp": 0.18957257743834743,
      "months": [
        4,
        5,
        6
      ]
    },
    "MJJ": {
      "efp": 0.24626098631548868,
      "months": [
        5,
        6,
        7
      ]
    },
    "JJA": {
      "efp": 0.31269152637128755,
      "months": [
        6,
        7,
        8
      ]
    },
    "JAS": {
      "efp": 0.3238417051818055,
      "months": [
        7,
        8,
        9
      ]
    },
    "ASO": {
      "efp": 0.24850028306733232,
      "months": [
        8,
        9,
        10
      ]
    },
    "SON": {
      "efp": 0.18376010140148988,