{
  "efp_nh": {
    "DJF": {
      "efp": 0.29548019210636134,
      "months": [
        12,
        1,
        2
      ]
    },
    "JFM": {
      "efp": 0.2869787708992747,
      "months": [
        1,
        2,
        3
      ]
    },
    "FMA": {
      "efp": 0.28814603871295735,
      "months": [
        2,
        3,
        4
      ]
    },
    "MAM": {
      "efp": 0.30479108777650643,
      "months": [
        3,
        4,
        5
      ]
    },
    "AMJ": {
      "efp": 0.24482069062442205,
      "months": [
        4,
        5,
        6
      ]
    },
    "MJJ": {
      "efp": 0.22161652985281358,
      "months": [
        5,
        6,
        7
      ]
    },
    "JJA": {
      "efp": 0.20569914421721192,
      "months": [
        6,
        7,
        8
      ]
    },
    "JAS": {
      "efp": 0.19551873775259007,
      "months": [
        7,
        8,
        9
      ]
    },
    "ASO": {
      "efp": 0.20878853771425426,
      "months": [
        8,
        9,
        10
      ]
    },
    "SON": {
      "efp": 0.23521087498497006,
      "months": [
        9,
        10,
        11
      ]
    },
    "OND": {
      "efp": 0.2908861780897491,
      "months": [
        10,
        11,
        12
      ]
    },
    "NDJ": {
      "efp": 0.2834821940393005,
      "months": [
        11,
        12,
        1
      ]
    }
  },
  "efp_nh_123": {
    "DJF": {
      "efp": 0.10288236443923136,
      "months": [
        12,
        1,
        2
      ]
    },
    "JFM": {
      "efp": 0.10001573872934581,
      "months": [
        1,
        2,
        3
      ]
    },
    "FMA": {
      "efp": 0.09928543267249627,
      "months": [
        2,
        3,
        4
      ]
    },
    "MAM": {
      "efp": 0.07892846576858467,
      "months": [
        3,
        4,
        5
      ]
    },
    "AMJ": {
      "efp": 0.046582123687487646,
      "months": [
        4,
        5,
        6
      ]
    },
    "MJJ": {
      "efp": 0.034423482565727526,
      "months": [
        5,
        6,
        7
      ]
    },
    "JJA": {
      "efp": 0.03981020561655145,
      "months": [
        6,
        7,
        8
      ]
    },
    "JAS": {
      "efp": 0.035949783456398446,
      "months": [
        7,
        8,
        9
      ]
    },
    "ASO": {
      "efp": 0.01788036235745486,
      "months": [
        8,
        9,
        10
      ]
    },
    "SON": {
      "efp": 0.028372555800983003,
      "months": [
        9,
        10,
        11
      ]
    },
    "OND": {
      "efp": 0.07358510642284805,
      "months": [
        10,
        11,
        12
      ]
    },
    "NDJ": {
      "efp": 0.09599324255348586,
      "months": [
        11,
        12,
        1
      ]
    }
  },
  "efp_nh_gt3": {
    "DJF": {
      "efp": 0.181442431160436,
      "months": [
        12,
        1,
        2
      ]
    },
    "JFM": {
      "efp": 0.1708716097912834,
      "months": [
        1,
        2,
        3
      ]
    },
    "FMA": {
      "efp": 0.16572460868811445,
      "months": [
        2,
        3,
        4
      ]
    },
    "MAM": {
      "efp": 0.18911661374105265,
      "months": [
        3,
        4,
        5
      ]
    },
    "AMJ": {
      "efp": 0.16151610041760964,
      "months": [
        4,
        5,
        6
      ]
    },
    "MJJ": {
      "efp": 0.15226847618228811,
      "months": [
        5,
        6,
        7
      ]
    },
    "JJA": {
      "efp": 0.1443173740210419,
      "months": [
        6,
        7,
        8
      ]
    },
    "JAS": {
      "efp": 0.1349926852873363,
      "months": [
        7,
        8,
        9
      ]
    },
    "ASO": {
      "efp": 0.15937567905149025,
      "months": [
        8,
        9,
        10
      ]
    },
    "SON": {
      "efp": 0.19315500933884996,
      "months": [
        9,
        10,
        11
      ]
    },
    "OND": {
      "efp": 0.19350757803372476,
      "months": [
        10,
        11,
        12
      ]
    },
    "NDJ": {
      "efp": 0.18965840421342486,
      "months": [
        11,
        12,
        1
      ]
    }
  },
  "efp_sh": {
    "DJF": {
      "efp": 0.20508840999895026,
      "months": [
        12,
        1,
        2
      ]
    },
    "JFM": {
      "efp": 0.18774279191777452,
      "months": [
        1,
        2,
        3
      ]
    },
    "FMA": {
      "efp": 0.17051096555917944,
      "months": [
        2,
        3,
        4
      ]
    },
    "MAM": {
      "efp": 0.22700748800253367,
      "months": [
        3,
        4,
        5
      ]
    },
    "AMJ": {
      "efp": 0.29077464321869273,
      "months": [
        4,
        5,
        6
      ]
    },
    "MJJ": {
      "efp": 0.3568451408598626,
      "months": [
        5,
        6,
        7
      ]
    },
    "JJA": {
      "efp": 0.3529331727009957,
      "months": [
        6,
        7,
        8
      ]
    },
    "JAS": {
      "efp": 0.3731941186621406,
      "months": [
        7,
        8,
        9
      ]
    },
    "ASO": {
      "efp": 0.3691793258344496,
      "months": [
        8,
        9,
        10
      ]
    },
    "SON": {
      "efp": 0.3733020236489537,
      "months": [
        9,
        10,
        11
      ]
    },
    "OND": {
      "efp": 0.3497616395785355,
      "months": [
        10,
        11,
        12
      ]
    },
    "NDJ": {
      "efp": 0.27823602340249887,
      "months": [
        11,
        12,
        1
      ]
    }
  },
  "efp_sh_123": {
    "DJF": {
      "efp": 0.0472529299354195,
      "months": [
        12,
        1,
        2
      ]
    },
    "JFM": {
      "efp": 0.04777635859637815,
      "months": [
        1,
        2,
        3
      ]
    },
    "FMA": {
      "efp": 0.030634452381658975,
      "months": [
        2,
        3,
        4
      ]
    },
    "MAM": {
      "efp": 0.027899287948799815,
      "months": [
        3,
        4,
        5
      ]
    },
    "AMJ": {
      "efp": 0.029020219748447488,
      "months": [
        4,
        5,
        6
      ]
    },
    "MJJ": {
      "efp": 0.04202754619107275,
      "months": [
        5,
        6,
        7
      ]
    },
    "JJA": {
      "efp": 0.03340533673651979,
      "months": [
        6,
        7,
        8
      ]
    },
    "JAS": {
      "efp": 0.04153438318823418,
      "months": [
        7,
        8,
        9
      ]
    },
    "ASO": {
      "efp": 0.02148453952807347,
      "months": [
        8,
        9,
        10
      ]
    },
    "SON": {
      "efp": 0.027965834453774773,
      "months": [
        9,
        10,
        11
      ]
    },
    "OND": {
      "efp": 0.03678912939205921,
      "months": [
        10,
        11,
        12
      ]
    },
    "NDJ": {
      "efp": 0.048816082779160073,
      "months": [
        11,
        12,
        1
      ]
    }
  },
  "efp_sh_gt3": {
    "DJF": {
      "efp": 0.12760294179093562,
      "months": [
        12,
        1,
        2
      ]
    },
    "JFM": {
      "efp": 0.1415451895574501,
      "months": [
        1,
        2,
        3
      ]
    },
    "FMA": {
      "efp": 0.12754653234629973,
      "months": [
        2,
        3,
        4
      ]
    },
    "MAM": {
      "efp": 0.15432643914317082,
      "months": [
        3,
        4,
        5
      ]
    },
    "AMJ": {
      "efp": 0.20136517522702035,
      "months": [
        4,
        5,
        6
      ]
    },
    "MJJ": {
      "efp": 0.28170239717357853,
      "months": [
        5,
        6,
        7
      ]
    },
    "JJA": {
      "efp": 0.3156948808238779,
      "months": [
        6,
        7,
        8
      ]
    },
    "JAS": {
      "efp": 0.3050783433601204,
      "months": [
        7,
        8,
        9
      ]
    },
    "ASO": {
      "efp": 0.2930036825700798,
      "months": [
        8,
        9,
        10
      ]
    },
    "SON": {
      "efp": 0.30622257264918856,
      "months": [
        9,
        10,
        11
      ]
    },