{
  "efp_nh": {
    "DJF": {
      "efp": 0.27891514893822256,
      "months": [
        12,
        1,
        2
      ]
    },
    "JFM": {
      "efp": 0.3441250561013943,
      "months": [
        1,
        2,
        3
      ]
    },
    "FMA": {
      "efp": 0.3197135128391511,
      "months": [
        2,
        3,
        4
      ]
    },
    "MAM": {
      "efp": 0.2725503196845929,
      "months": [
        3,
        4,
        5
      ]
    },
    "AMJ": {
      "efp": 0.24789912336271896,
      "months": [
        4,
        5,
        6
      ]
    },
    "MJJ": {
      "efp": 0.23998468277421817,
      "months": [
        5,
        6,
        7
      ]
    },
    "JJA": {
      "efp": 0.15415914780131432,
      "months": [
        6,
        7,
        8
      ]
    },
    "JAS": {
      "efp": 0.12721585118649534,
      "months": [
        7,
        8,
        9
      ]
    },
    "ASO": {
      "efp": 0.14902120975204494,
      "months": [
        8,
        9,
        10
      ]
    },
    "SON": {
      "efp": 0.2071257603931058,
      "months": [
        9,
        10,
        11
      ]
    },
    "OND": {
      "efp": 0.18132535609354675,
      "months": [
        10,
        11,
        12
      ]
    },
    "NDJ": {
      "efp": 0.1666863820952557,
      "months": [
        11,
        12,
        1
      ]
    }
  },
  "efp_nh_123": {
    "DJF": {
      "efp": 0.0918617161788159,
      "months": [
        12,
        1,
        2
      ]
    },
    "JFM": {
      "efp": 0.08393212261363282,
      "months": [
        1,
        2,
        3
      ]
    },
    "FMA": {
      "efp": 0.055017547654416604,
      "months": [
        2,
        3,
        4
      ]
    },
    "MAM": {
      "efp": 0.07243452873972576,
      "months": [
        3,
        4,
        5
      ]
    },
    "AMJ": {
      "efp": 0.07461385761589942,
      "months": [
        4,
        5,
        6
      ]
    },
    "MJJ": {
      "efp": 0.05612895072802656,
      "months": [
        5,
        6,
        7
      ]
    },
    "JJA": {
      "efp": 0.04377558681445056,
      "months": [
        6,
        7,
        8
      ]
    },
    "JAS": {
      "efp": 0.02352715528859285,
      "months": [
        7,
        8,
        9
      ]
    },
    "ASO": {
      "efp": 0.07253408318866968,
      "months": [
        8,
        9,
        10
      ]
    },
    "SON": {
      "efp": 0.07205253507896611,
      "months": [
        9,
        10,
        11
      ]
    },
    "OND": {
      "efp": 0.0811822009350605,
      "months": [
        10,
        11,
        12
      ]
    },
    "NDJ": {
      "efp": 0.11056960993466242,
      "months": [
        11,
        12,
        1
      ]
    }
  },
  "efp_nh_gt3": {
    "DJF": {
      "efp": 0.20364658544038508,
      "months": [
        12,
        1,
        2
      ]
    },
    "JFM": {
      "efp": 0.2755919337573466,
      "months": [
        1,
        2,
        3
      ]
    },
    "FMA": {
      "efp": 0.2934219110665705,
      "months": [
        2,
        3,
        4
      ]
    },
    "MAM": {
      "efp": 0.25956814877217316,
      "months": [
        3,
        4,
        5
      ]
    },
    "AMJ": {
      "efp": 0.20087761240475763,
      "months": [
        4,
        5,
        6
      ]
    },
    "MJJ": {
      "efp": 0.22282840984833732,
      "months": [
        5,
        6,
        7
      ]
    },
    "JJA": {
      "efp": 0.1559821705290174,
      "months": [
        6,
        7,
        8
      ]
    },
    "JAS": {
      "efp": 0.09591301166032995,
      "months": [
        7,
        8,
        9
      ]
    },
    "ASO": {
      "efp": 0.11746648583540284,
      "months": [
        8,
        9,
        10
      ]
    },
    "SON": {
      "efp": 0.1450730721312481,
      "months": [
        9,
        10,
        11
      ]
    },
    "OND": {
      "efp": 0.11959166299636413,
      "months": [
        10,
        11,
        12
      ]
    },
    "NDJ": {
      "efp": 0.09555132310854055,
      "months": [
        11,
        12,
        1
      ]
    }
  },
  "efp_sh": {
    "DJF": {
      "efp": 0.18736032174460987,
      "months": [
        12,
        1,
        2
      ]
    },
    "JFM": {
      "efp": 0.18478469326094252,
      "months": [
        1,
        2,
        3
      ]
    },
    "FMA": {
      "efp": 0.16803466989173868,
      "months": [
        2,
        3,
        4
      ]
    },
    "MAM": {
      "efp": 0.22375929692379826,
      "months": [
        3,
        4,
        5
      ]
    },
    "AMJ": {
      "efp": 0.2627700910143839,
      "months": [
        4,
        5,
        6
      ]
    },
    "MJJ": {
      "efp": 0.28934490553268516,
      "months": [
        5,
        6,
        7
      ]
    },
    "JJA": {
      "efp": 0.3707603882591203,
      "months": [
        6,
        7,
        8
      ]
    },
    "JAS": {
      "efp": 0.3776073978628487,
      "months": [
        7,
        8,
        9
      ]
    },
    "ASO": {
      "efp": 0.3559400321378211,
      "months": [
        8,
        9,
        10
      ]
    },
    "SON": {
      "efp": 0.22356064699133701,
      "months": [
        9,
        10,
        11
      ]
    },
    "OND": {
      "efp": 0.22913968455655448,
      "months": [
        10,
        11,
        12
      ]
    },
    "NDJ": {
      "efp": 0.22773773474859155,
      "months": [
        11,
        12,
        1
      ]
    }
  },
  "efp_sh_123": {
    "DJF": {
      "efp": 0.07293126044882159,
      "months": [
        12,
        1,
        2
      ]
    },
    "JFM": {
      "efp": 0.1261606717275465,
      "months": [
        1,
        2,
        3
      ]
    },
    "FMA": {
      "efp": 0.05898897298799358,
      "months": [
        2,
        3,
        4
      ]
    },
    "MAM": {
      "efp": 0.033284960415879354,
      "months": [
        3,
        4,
        5
      ]
    },
    "AMJ": {
      "efp": 0.03229969310620856,
      "months": [
        4,
        5,
        6
      ]
    },
    "MJJ": {
      "efp": 0.04308992475200176,
      "months": [
        5,
        6,
        7
      ]
    },
    "JJA": {
      "efp": 0.059689048722032775,
      "months": [
        6,
        7,
        8
      ]
    },
    "JAS": {
      "efp": 0.08372458162718129,
      "months": [
        7,
        8,
        9
      ]
    },
    "ASO": {
      "efp": 0.058050433189233065,
      "months": [
        8,
        9,
        10
      ]
    },
    "SON": {
      "efp": 0.06312021735304287,
      "months": [
        9,
        10,
        11
      ]
    },
    "OND": {
      "efp": 0.033546059105802044,
      "months": [
        10,
        11,
        12
      ]
    },
    "NDJ": {
      "efp": 0.08628205613043383,
      "months": [
        11,
        12,
        1
      ]
    }
  },
  "efp_sh_gt3": {
    "DJF": {
      "efp": 0.20650448378850217,
      "months": [
        12,
        1,
        2
      ]
    },
    "JFM": {
      "efp": 0.19884281016767746,
      "months": [
        1,
        2,
        3
      ]
    },
    "FMA": {
      "efp": 0.18955072097057415,
      "months": [
        2,
        3,
        4
      ]
    },
    "MAM": {
      "efp": 0.15624924504279375,
      "months": [
        3,
        4,
        5
      ]
    },
    "AMJ": {
      "efp": 0.20806487062370319,
      "months": [
        4,
        5,
        6
      ]
    },
    "MJJ": {
      "efp": 0.23095193413610818,
      "months": [
        5,
        6,
        7
      ]
    },
    "JJA": {
      "efp": 0.303012525713917,
      "months": [
        6,
        7,
        8
      ]
    },
    "JAS": {
      "efp": 0.3403241040179814,
      "months": [
        7,
        8,
        9
      ]
    },
    "ASO": {
      "efp": 0.3125963355033966,
      "months": [
        8,
        9,
        10
      ]
    },
    "SON": {
      "efp": 0.23670851953246186,
      "months": [
        9,
        10,
        11
      ]
    },