{
  "efp_nh": {
    "DJF": {
      "efp": 0.2843133167255906,
      "months": [
        12,
        1,
        2
      ]
    },
    "JFM": {
      "efp": 0.28776058111962255,
      "months": [
        1,
        2,
        3
      ]
    },
    "FMA": {
      "efp": 0.2271448923284896,
      "months": [
        2,
        3,
        4
      ]
    },
    "MAM": {
      "efp": 0.24695057799132808,
      "months": [
        3,
        4,
        5
      ]
    },
    "AMJ": {
      "efp": 0.2599296314438331,
      "months": [
        4,
        5,
        6
      ]
    },
    "MJJ": {
      "efp": 0.2398466495305495,
      "months": [
        5,
        6,
        7
      ]
    },
    "JJA": {
      "efp": 0.19608378296815943,
      "months": [
        6,
        7,
        8
      ]
    },
    "JAS": {
      "efp": 0.17810226541607468,
      "months": [
        7,
        8,
        9
      ]
    },
    "ASO": {
      "efp": 0.14954603672868225,
      "months": [
        8,
        9,
        10
      ]
    },
    "SON": {
      "efp": 0.14472426705786942,
      "months": [
        9,
        10,
        11
      ]
    },
    "OND": {
      "efp": 0.24242322227048216,
      "months": [
        10,
        11,
        12
      ]
    },
    "NDJ": {
      "efp": 0.2658433060040266,
      "months": [
        11,
        12,
        1
      ]
    }
  },
  "efp_nh_123": {
    "DJF": {
      "efp": 0.10404729544211401,
      "months": [
        12,
        1,
        2
      ]
    },
    "JFM": {
      "efp": 0.10751228225806032,
      "months": [
        1,
        2,
        3
      ]
    },
    "FMA": {
      "efp": 0.11700502693809778,
      "months": [
        2,
        3,
        4
      ]
    },
    "MAM": {
      "efp": 0.09686217798745786,
      "months": [
        3,
        4,
        5
      ]
    },
    "AMJ": {
      "efp": 0.06279697703991483,
      "months": [
        4,
        5,
        6
      ]
    },
    "MJJ": {
      "efp": 0.046427202190649206,
      "months": [
        5,
        6,
        7
      ]
    },
    "JJA": {
      "efp": 0.06297364879134024,
      "months": [
        6,
        7,
        8
      ]
    },
    "JAS": {
      "efp": 0.07433325416851598,
      "months": [
        7,
        8,
        9
      ]
    },
    "ASO": {
      "efp": 0.058236205876415766,
      "months": [
        8,
        9,
        10
      ]
    },
    "SON": {
      "efp": 0.02434455180636999,
      "months": [
        9,
        10,
        11
      ]
    },
    "OND": {
      "efp": 0.051662705391004975,
      "months": [
        10,
        11,
        12
      ]
    },
    "NDJ": {
      "efp": 0.07617909416220785,
      "months": [
        11,
        12,
        1
      ]
    }
  },
  "efp_nh_gt3": {
    "DJF": {
      "efp": 0.17422674101202318,
      "months": [
        12,
        1,
        2
      ]
    },
    "JFM": {
      "efp": 0.1415079525157536,
      "months": [
        1,
        2,
        3
      ]
    },
    "FMA": {
      "efp": 0.11574477405736135,
      "months": [
        2,
        3,
        4
      ]
    },
    "MAM": {
      "efp": 0.1418240983284594,
      "months": [
        3,
        4,
        5
      ]
    },
    "AMJ": {
      "efp": 0.15857757148760826,
      "months": [
        4,
        5,
        6
      ]
    },
    "MJJ": {
      "efp": 0.15576521726418807,
      "months": [
        5,
        6,
        7
      ]
    },
    "JJA": {
      "efp": 0.1384523563551227,
      "months": [
        6,
        7,
        8
      ]
    },
    "JAS": {
      "efp": 0.11316221855572012,
      "months": [
        7,
        8,
        9
      ]
    },
    "ASO": {
      "efp": 0.0974587211608819,
      "months": [
        8,
        9,
        10
      ]
    },
    "SON": {
      "efp": 0.14155955552778207,
      "months": [
        9,
        10,
        11
      ]
    },
    "OND": {
      "efp": 0.17186384764269683,
      "months": [
        10,
        11,
        12
      ]
    },
    "NDJ": {
      "efp": 0.15668347701664487,
      "months": [
        11,
        12,
        1
      ]
    }
  },
  "efp_sh": {
    "DJF": {
      "efp": 0.20235459260896965,
      "months": [
        12,
        1,
        2
      ]
    },
    "JFM": {
      "efp": 0.1630652247683673,
      "months": [
        1,
        2,
        3
      ]
    },
    "FMA": {
      "efp": 0.1257440284949201,
      "months": [
        2,
        3,
        4
      ]
    },
    "MAM": {
      "efp": 0.17278886964103612,
      "months": [
        3,
        4,
        5
      ]
    },
    "AMJ": {
      "efp": 0.3118744368138275,
      "months": [
        4,
        5,
        6
      ]
    },
    "MJJ": {
      "efp": 0.39324245554923476,
      "months": [
        5,
        6,
        7
      ]
    },
    "JJA": {
      "efp": 0.34756369756204963,
      "months": [
        6,
        7,
        8
      ]
    },
    "JAS": {
      "efp": 0.3375580058510916,
      "months": [
        7,
        8,
        9
      ]
    },
    "ASO": {
      "efp": 0.3263615631234871,
      "months": [
        8,
        9,
        10
      ]
    },
    "SON": {
      "efp": 0.35174846304888585,
      "months": [
        9,
        10,
        11
      ]
    },
    "OND": {
      "efp": 0.3283286320153415,
      "months": [
        10,
        11,
        12
      ]
    },
    "NDJ": {
      "efp": 0.21497495508486344,
      "months": [
        11,
        12,
        1
      ]
    }
  },
  "efp_sh_123": {
    "DJF": {
      "efp": 0.04485700616094867,
      "months": [
        12,
        1,
        2
      ]
    },
    "JFM": {
      "efp": 0.06801302258548876,
      "months": [
        1,
        2,
        3
      ]
    },
    "FMA": {
      "efp": 0.06475581288650235,
      "months": [
        2,
        3,
        4
      ]
    },
    "MAM": {
      "efp": 0.01323100270547473,
      "months": [
        3,
        4,
        5
      ]
    },
    "AMJ": {
      "efp": 0.03566603077684791,
      "months": [
        4,
        5,
        6
      ]
    },
    "MJJ": {
      "efp": 0.025331720766066372,
      "months": [
        5,
        6,
        7
      ]
    },
    "JJA": {
      "efp": 0.03289243262227717,
      "months": [
        6,
        7,
        8
      ]
    },
    "JAS": {
      "efp": 0.029435775760244323,
      "months": [
        7,
        8,
        9
      ]
    },
    "ASO": {
      "efp": 0.039695991112389736,
      "months": [
        8,
        9,
        10
      ]
    },
    "SON": {
      "efp": 0.04506911898336493,
      "months": [
        9,
        10,
        11
      ]
    },
    "OND": {
      "efp": 0.04626034696624848,
      "months": [
        10,
        11,
        12
      ]
    },
    "NDJ": {
      "efp": 0.042944535529178166,
      "months": [
        11,
        12,
        1
      ]
    }
  },
  "efp_sh_gt3": {
    "DJF": {
      "efp": 0.14548996518530666,
      "months": [
        12,
        1,
        2
      ]
    },
    "JFM": {
      "efp": 0.13744148367696216,
      "months": [
        1,
        2,
        3
      ]
    },
    "FMA": {
      "efp": 0.13710550745772376,
      "months": [
        2,
        3,
        4
      ]
    },
    "MAM": {
      "efp": 0.15270217526952998,
      "months": [
        3,
        4,
        5
      ]
    },
    "AMJ": {
      "efp": 0.2511016254107368,
      "months": [
        4,
        5,
        6
      ]
    },
    "MJJ": {
      "efp": 0.33605104041437456,
      "months": [
        5,
        6,
        7
      ]
    },
    "JJA": {
      "efp": 0.3033418249049494,
      "months": [
        6,
        7,
        8
      ]
    },
    "JAS": {
      "efp": 0.2762920318818023,
      "months": [
        7,
        8,
        9
      ]
    },
    "ASO": {
      "efp": 0.24611995537965417,
      "months": [
        8,
        9,
        10
      ]
    },
    "SON": {
      "efp": 0.2622440286805999,
      "months": [
        9,
        10,
        11
      ]
    },