{
  "efp_nh": {
    "DJF": {
      "efp": 0.31884211744466745,
      "months": [
        12,
        1,
        2
      ]
    },
    "JFM": {
      "efp": 0.337887880435141,
      "months": [
        1,
        2,
        3
      ]
    },
    "FMA": {
      "efp": 0.2868594184343039,
      "months": [
        2,
        3,
        4
      ]
    },
    "MAM": {
      "efp": 0.24419425960953395,
      "months": [
        3,
        4,
        5
      ]
    },
    "AMJ": {
      "efp": 0.218335549452576,
      "months": [
        4,
        5,
        6
      ]
    },
    "MJJ": {
      "efp": 0.17229775752373577,
      "months": [
        5,
        6,
        7
      ]
    },
    "JJA": {
      "efp": 0.14217520595767194,
      "months": [
        6,
        7,
        8
      ]
    },
    "JAS": {
      "efp": 0.13355485823450666,
      "months": [
        7,
        8,
        9
      ]
    },
    "ASO": {
      "efp": 0.11608172738027862,
      "months": [
        8,
        9,
        10
      ]
    },
    "SON": {
      "efp": 0.1537526990585849,
      "months": [
        9,
        10,
        11
      ]
    },
    "OND": {
      "efp": 0.20425776963239567,
      "months": [
        10,
        11,
        12
      ]
    },
    "NDJ": {
      "efp": 0.25881528808808696,
      "months": [
        11,
        12,
        1
      ]
    }
  },
  "efp_nh_123": {
    "DJF": {
      "efp": 0.13698611202925792,
      "months": [
        12,
        1,
        2
      ]
    },
    "JFM": {
      "efp": 0.12998879265292415,
      "months": [
        1,
        2,
        3
      ]
    },
    "FMA": {
      "efp": 0.08877073073670871,
      "months": [
        2,
        3,
        4
      ]
    },
    "MAM": {
      "efp": 0.06513622024485408,
      "months": [
        3,
        4,
        5
      ]
    },
    "AMJ": {
      "efp": 0.052423090961875835,
      "months": [
        4,
        5,
        6
      ]
    },
    "MJJ": {
      "efp": 0.032870862400831445,
      "months": [
        5,
        6,
        7
      ]
    },
    "JJA": {
      "efp": 0.04075013024477609,
      "months": [
        6,
        7,
        8
      ]
    },
    "JAS": {
      "efp": 0.02683143423467502,
      "months": [
        7,
        8,
        9
      ]
    },
    "ASO": {
      "efp": 0.021586438115170282,
      "months": [
        8,
        9,
        10
      ]
    },
    "SON": {
      "efp": 0.02784466677428646,
      "months": [
        9,
        10,
        11
      ]
    },
    "OND": {
      "efp": 0.0412269296839379,
      "months": [
        10,
        11,
        12
      ]
    },
    "NDJ": {
      "efp": 0.0761544910909848,
      "months": [
        11,
        12,
        1
      ]
    }
  },
  "efp_nh_gt3": {
    "DJF": {
      "efp": 0.19738736750414243,
      "months": [
        12,
        1,
        2
      ]
    },
    "JFM": {
      "efp": 0.21896107954064822,
      "months": [
        1,
        2,
        3
      ]
    },
    "FMA": {
      "efp": 0.1805092999952047,
      "months": [
        2,
        3,
        4
      ]
    },
    "MAM": {
      "efp": 0.15763669593525018,
      "months": [
        3,
        4,
        5
      ]
    },
    "AMJ": {
      "efp": 0.1220359207352091,
      "months": [
        4,
        5,
        6
      ]
    },
    "MJJ": {
      "efp": 0.1308482368002934,
      "months": [
        5,
        6,
        7
      ]
    },
    "JJA": {
      "efp": 0.11723146721068294,
      "months": [
        6,
        7,
        8
      ]
    },
    "JAS": {
      "efp": 0.111305680517634,
      "months": [
        7,
        8,
        9
      ]
    },
    "ASO": {
      "efp": 0.09193055131633683,
      "months": [
        8,
        9,
        10
      ]
    },
    "SON": {
      "efp": 0.0927711942306244,
      "months": [
        9,
        10,
        11
      ]
    },
    "OND": {
      "efp": 0.13733589591977297,
      "months": [
        10,
        11,
        12
      ]
    },
    "NDJ": {
      "efp": 0.1623959014529641,
      "months": [
        11,
        12,
        1
      ]
    }
  },
  "efp_sh": {
    "DJF": {
      "efp": 0.1828843189291969,
      "months": [
        12,
        1,
        2
      ]
    },
    "JFM": {
      "efp": 0.1826371535643488,
      "months": [
        1,
        2,
        3
      ]
    },
    "FMA": {
      "efp": 0.20043131366085312,
      "months": [
        2,
        3,
        4
      ]
    },
    "MAM": {
      "efp": 0.23314138168222448,
      "months": [
        3,
        4,
        5
      ]
    },
    "AMJ": {
      "efp": 0.2588616513585191,
      "months": [
        4,
        5,
        6
      ]
    },
    "MJJ": {
      "efp": 0.31158861860162146,
      "months": [
        5,
        6,
        7
      ]
    },
    "JJA": {
      "efp": 0.33607121893513203,
      "months": [
        6,
        7,
        8
      ]
    },
    "JAS": {
      "efp": 0.3148825717805296,
      "months": [
        7,
        8,
        9
      ]
    },
    "ASO": {
      "efp": 0.2980542313943162,
      "months": [
        8,
        9,
        10
      ]
    },
    "SON": {
      "efp": 0.2889747075266063,
      "months": [
        9,
        10,
        11
      ]
    },
    "OND": {
      "efp": 0.29180625663184206,
      "months": [
        10,
        11,
        12
      ]
    },
    "NDJ": {
      "efp": 0.2650798287216413,
      "months": [
        11,
        12,
        1
      ]
    }
  },
  "efp_sh_123": {
    "DJF": {
      "efp": 0.06748308766576178,
      "months": [
        12,
        1,
        2
      ]
    },
    "JFM": {
      "efp": 0.06621891296706746,
      "months": [
        1,
        2,
        3
      ]
    },
    "FMA": {
      "efp": 0.03955415866749387,
      "months": [
        2,
        3,
        4
      ]
    },
    "MAM": {
      "efp": 0.020981899575896537,
      "months": [
        3,
        4,
        5
      ]
    },
    "AMJ": {
      "efp": 0.011514448006251374,
      "months": [
        4,
        5,
        6
      ]
    },
    "MJJ": {
      "efp": 0.020152686601573655,
      "months": [
        5,
        6,
        7
      ]
    },
    "JJA": {
      "efp": 0.03833862389770111,
      "months": [
        6,
        7,
        8
      ]
    },
    "JAS": {
      "efp": 0.043360858014569764,
      "months": [
        7,
        8,
        9
      ]
    },
    "ASO": {
      "efp": 0.02583064160088426,
      "months": [
        8,
        9,
        10
      ]
    },
    "SON": {
      "efp": 0.022459285562070573,
      "months": [
        9,
        10,
        11
      ]
    },
    "OND": {
      "efp": 0.025769201692549176,
      "months": [
        10,
        11,
        12
      ]
    },
    "NDJ": {
      "efp": 0.0496271497470304,
      "months": [
        11,
        12,
        1
      ]
    }
  },
  "efp_sh_gt3": {
    "DJF": {
      "efp": 0.17115814455585487,
      "months": [
        12,
        1,
        2
      ]
    },
    "JFM": {
      "efp": 0.1811946230198091,
      "months": [
        1,
        2,
        3
      ]
    },
    "FMA": {
      "efp": 0.1982063532211142,
      "months": [
        2,
        3,
        4
      ]
    },
    "MAM": {
      "efp": 0.19784301553165956,
      "months": [
        3,
        4,
        5
      ]
    },
    "AMJ": {
      "efp": 0.20171115389648364,
      "months": [
        4,
        5,
        6
      ]
    },
    "MJJ": {
      "efp": 0.24130696560702078,
      "months": [
        5,
        6,
        7
      ]
    },
    "JJA": {
      "efp": 0.2732099760466919,
      "months": [
        6,
        7,
        8
      ]
    },
    "JAS": {
      "efp": 0.2511601151926164,
      "months": [
        7,
        8,
        9
      ]
    },
    "ASO": {
      "efp": 0.23755713137153384,
      "months": [
        8,
        9,
        10
      ]
    },
    "SON": {
      "efp": 0.25067290737775283,
      "months": [
        9,
        10,
        11
      ]
    },