{
  "efp_nh": {
    "DJF": {
      "efp": 0.2579980531859057,
      "months": [
        12,
        1,
        2
      ]
    },
    "JFM": {
      "efp": 0.2945143771738416,
      "months": [
        1,
        2,
        3
      ]
    },
    "FMA": {
      "efp": 0.2967064087704408,
      "months": [
        2,
        3,
        4
      ]
    },
    "MAM": {
      "efp": 0.2498041133702687,
      "months": [
        3,
        4,
        5
      ]
    },
    "AMJ": {
      "efp": 0.20827801642508362,
      "months": [
        4,
        5,
        6
      ]
    },
    "MJJ": {
      "efp": 0.18455221003337982,
      "months": [
        5,
        6,
        7
      ]
    },
    "JJA": {
      "efp": 0.1407233384955267,
      "months": [
        6,
        7,
        8
      ]
    },
    "JAS": {
      "efp": 0.12651425471449998,
      "months": [
        7,
        8,
        9
      ]
    },
    "ASO": {
      "efp": 0.11693621045917817,
      "months": [
        8,
        9,
        10
      ]
    },
    "SON": {
      "efp": 0.12495156344976177,
      "months": [
        9,
        10,
        11
      ]
    },
    "OND": {
      "efp": 0.15857762955917531,
      "months": [
        10,
        11,
        12
      ]
    },
    "NDJ": {
      "efp": 0.21031888274054594,
      "months": [
        11,
        12,
        1
      ]
    }
  },
  "efp_nh_123": {
    "DJF": {
      "efp": 0.12155090087339077,
      "months": [
        12,
        1,
        2
      ]
    },
    "JFM": {
      "efp": 0.13458055262457863,
      "months": [
        1,
        2,
        3
      ]
    },
    "FMA": {
      "efp": 0.11398270095946228,
      "months": [
        2,
        3,
        4
      ]
    },
    "MAM": {
      "efp": 0.09869795967925647,
      "months": [
        3,
        4,
        5
      ]
    },
    "AMJ": {
      "efp": 0.07683398620937913,
      "months": [
        4,
        5,
        6
      ]
    },
    "MJJ": {
      "efp": 0.04074387300420286,
      "months": [
        5,
        6,
        7
      ]
    },
    "JJA": {
      "efp": 0.02954016156612343,
      "months": [
        6,
        7,
        8
      ]
    },
    "JAS": {
      "efp": 0.056620695164252874,
      "months": [
        7,
        8,
        9
      ]
    },
    "ASO": {
      "efp": 0.03486784621443089,
      "months": [
        8,
        9,
        10
      ]
    },
    "SON": {
      "efp": 0.047517003864625464,
      "months": [
        9,
        10,
        11
      ]
    },
    "OND": {
      "efp": 0.06043195268885172,
      "months": [
        10,
        11,
        12
      ]
    },
    "NDJ": {
      "efp": 0.09458294015759525,
      "months": [
        11,
        12,
        1
      ]
    }
  },
  "efp_nh_gt3": {
    "DJF": {
      "efp": 0.13152010435133887,
      "months": [
        12,
        1,
        2
      ]
    },
    "JFM": {
      "efp": 0.16661260417247548,
      "months": [
        1,
        2,
        3
      ]
    },
    "FMA": {
      "efp": 0.18691468668212066,
      "months": [
        2,
        3,
        4
      ]
    },
    "MAM": {
      "efp": 0.1334176767592621,
      "months": [
        3,
        4,
        5
      ]
    },
    "AMJ": {
      "efp": 0.0995520494832047,
      "months": [
        4,
        5,
        6
      ]
    },
    "MJJ": {
      "efp": 0.10360798851143392,
      "months": [
        5,
        6,
        7
      ]
    },
    "JJA": {
      "efp": 0.1058479193877537,
      "months": [
        6,
        7,
        8
      ]
    },
    "JAS": {
      "efp": 0.0908768354640001,
      "months": [
        7,
        8,
        9
      ]
    },
    "ASO": {
      "efp": 0.0807167040690199,
      "months": [
        8,
        9,
        10
      ]
    },
    "SON": {
      "efp": 0.07532230096750654,
      "months": [
        9,
        10,
        11
      ]
    },
    "OND": {
      "efp": 0.08995745521641488,
      "months": [
        10,
        11,
        12
      ]
    },
    "NDJ": {
      "efp": 0.10181831573117353,
      "months": [
        11,
        12,
        1
      ]
    }
  },
  "efp_sh": {
    "DJF": {
      "efp": 0.14292859622012552,
      "months": [
        12,
        1,
        2
      ]
    },
    "JFM": {
      "efp": 0.14463035446583786,
      "months": [
        1,
        2,
        3
      ]
    },
    "FMA": {
      "efp": 0.14450915488967886,
      "months": [
        2,
        3,
        4
      ]
    },
    "MAM": {
      "efp": 0.16916475070460374,
      "months": [
        3,
        4,
        5
      ]
    },
    "AMJ": {
      "efp": 0.18054408191477217,
      "months": [
        4,
        5,
        6
      ]
    },
    "MJJ": {
      "efp": 0.22519581831409885,
      "months": [
        5,
        6,
        7
      ]
    },
    "JJA": {
      "efp": 0.2632650274518018,
      "months": [
        6,
        7,
        8
      ]
    },
    "JAS": {
      "efp": 0.23744939713034194,
      "months": [
        7,
        8,
        9
      ]
    },
    "ASO": {
      "efp": 0.24517539899404847,
      "months": [
        8,
        9,
        10
      ]
    },
    "SON": {
      "efp": 0.24563597742094503,
      "months": [
        9,
        10,
        11
      ]
    },
    "OND": {
      "efp": 0.2291719260056578,
      "months": [
        10,
        11,
        12
      ]
    },
    "NDJ": {
      "efp": 0.14769908415575067,
      "months": [
        11,
        12,
        1
      ]
    }
  },
  "efp_sh_123": {
    "DJF": {
      "efp": 0.0360687902845679,
      "months": [
        12,
        1,
        2
      ]
    },
    "JFM": {
      "efp": 0.02627545912992601,
      "months": [
        1,
        2,
        3
      ]
    },
    "FMA": {
      "efp": 0.030075090291208632,
      "months": [
        2,
        3,
        4
      ]
    },
    "MAM": {
      "efp": 0.04830501673606068,
      "months": [
        3,
        4,
        5
      ]
    },
    "AMJ": {
      "efp": 0.05088912276187289,
      "months": [
        4,
        5,
        6
      ]
    },
    "MJJ": {
      "efp": 0.03893257722905538,
      "months": [
        5,
        6,
        7
      ]
    },
    "JJA": {
      "efp": 0.040382032122678616,
      "months": [
        6,
        7,
        8
      ]
    },
    "JAS": {
      "efp": 0.031236038420001316,
      "months": [
        7,
        8,
        9
      ]
    },
    "ASO": {
      "efp": 0.04052584436175429,
      "months": [
        8,
        9,
        10
      ]
    },
    "SON": {
      "efp": 0.030333031504222344,
      "months": [
        9,
        10,
        11
      ]
    },
    "OND": {
      "efp": 0.038863822498138655,
      "months": [
        10,
        11,
        12
      ]
    },
    "NDJ": {
      "efp": 0.040886635314593994,
      "months": [
        11,
        12,
        1
      ]
    }
  },
  "efp_sh_gt3": {
    "DJF": {
      "efp": 0.07254332696217773,
      "months": [
        12,
        1,
        2
      ]
    },
    "JFM": {
      "efp": 0.08812249275848975,
      "months": [
        1,
        2,
        3
      ]
    },
    "FMA": {
      "efp": 0.135789325499776,
      "months": [
        2,
        3,
        4
      ]
    },
    "MAM": {
      "efp": 0.16412947243221643,
      "months": [
        3,
        4,
        5
      ]
    },
    "AMJ": {
      "efp": 0.1806497397104119,
      "months": [
        4,
        5,
        6
      ]
    },
    "MJJ": {
      "efp": 0.15938818397656554,
      "months": [
        5,
        6,
        7
      ]
    },
    "JJA": {
      "efp": 0.18009045486567032,
      "months": [
        6,
        7,
        8
      ]
    },
    "JAS": {
      "efp": 0.17886108297044284,
      "months": [
        7,
        8,
        9
      ]
    },
    "ASO": {
      "efp": 0.2237613626357382,
      "months": [
        8,
        9,
        10
      ]
    },
    "SON": {
      "efp": 0.19942454717969363,