{
  "efp_nh": {
    "DJF": {
      "efp": 0.3505397697448397,
      "months": [
        12,
        1,
        2
      ]
    },
    "JFM": {
      "efp": 0.36521238205959916,
      "months": [
        1,
        2,
        3
      ]
    },
    "FMA": {
      "efp": 0.35714967203272363,
      "months": [
        2,
        3,
        4
      ]
    },
    "MAM": {
      "efp": 0.3829280531288876,
      "months": [
        3,
        4,
        5
      ]
    },
    "AMJ": {
      "efp": 0.2743855784395079,
      "months": [
        4,
        5,
        6
      ]
    },
    "MJJ": {
      "efp": 0.1439739319787591,
      "months": [
        5,
        6,
        7
      ]
    },
    "JJA": {
      "efp": 0.11338293185914795,
      "months": [
        6,
        7,
        8
      ]
    },
    "JAS": {
      "efp": 0.11525104205385084,
      "months": [
        7,
        8,
        9
      ]
    },
    "ASO": {
      "efp": 0.1590102782373507,
      "months": [
        8,
        9,
        10
      ]
    },
    "SON": {
      "efp": 0.175991372233921,
      "months": [
        9,
        10,
        11
      ]
    },
    "OND": {
      "efp": 0.1713311068479291,
      "months": [
        10,
        11,
        12
      ]
    },
    "NDJ": {
      "efp": 0.20524142091746728,
      "months": [
        11,
        12,
        1
      ]
    }
  },
  "efp_nh_123": {
    "DJF": {
      "efp": 0.13518103478971435,
      "months": [
        12,
        1,
        2
      ]
    },
    "JFM": {
      "efp": 0.1505972831511255,
      "months": [
        1,
        2,
        3
      ]
    },
    "FMA": {
      "efp": 0.13681541144965567,
      "months": [
        2,
        3,
        4
      ]
    },
    "MAM": {
      "efp": 0.1045075448683954,
      "months": [
        3,
        4,
        5
      ]
    },
    "AMJ": {
      "efp": 0.036119567271594974,
      "months": [
        4,
        5,
        6
      ]
    },
    "MJJ": {
      "efp": 0.06691595718553678,
      "months": [
        5,
        6,
        7
      ]
    },
    "JJA": {
      "efp": 0.04135330232272396,
      "months": [
        6,
        7,
        8
      ]
    },
    "JAS": {
      "efp": 0.03884173165531811,
      "months": [
        7,
        8,
        9
      ]
    },
    "ASO": {
      "efp": 0.04281082936725635,
      "months": [
        8,
        9,
        10
      ]
    },
    "SON": {
      "efp": 0.0366279581167962,
      "months": [
        9,
        10,
        11
      ]
    },
    "OND": {
      "efp": 0.030519141600553332,
      "months": [
        10,
        11,
        12
      ]
    },
    "NDJ": {
      "efp": 0.04404357727099471,
      "months": [
        11,
        12,
        1
      ]
    }
  },
  "efp_nh_gt3": {
    "DJF": {
      "efp": 0.187649119819975,
      "months": [
        12,
        1,
        2
      ]
    },
    "JFM": {
      "efp": 0.16325803465121103,
      "months": [
        1,
        2,
        3
      ]
    },
    "FMA": {
      "efp": 0.20028419158119662,
      "months": [
        2,
        3,
        4
      ]
    },
    "MAM": {
      "efp": 0.21847283365286269,
      "months": [
        3,
        4,
        5
      ]
    },
    "AMJ": {
      "efp": 0.23742681128671428,
      "months": [
        4,
        5,
        6
      ]
    },
    "MJJ": {
      "efp": 0.1349015797790103,
      "months": [
        5,
        6,
        7
      ]
    },
    "JJA": {
      "efp": 0.08301047003646582,
      "months": [
        6,
        7,
        8
      ]
    },
    "JAS": {
      "efp": 0.07110430559033283,
      "months": [
        7,
        8,
        9
      ]
    },
    "ASO": {
      "efp": 0.08438410377972555,
      "months": [
        8,
        9,
        10
      ]
    },
    "SON": {
      "efp": 0.12262632194831519,
      "months": [
        9,
        10,
        11
      ]
    },
    "OND": {
      "efp": 0.11031854247349314,
      "months": [
        10,
        11,
        12
      ]
    },
    "NDJ": {
      "efp": 0.1392223843657574,
      "months": [
        11,
        12,
        1
      ]
    }
  },
  "efp_sh": {
    "DJF": {
      "efp": 0.19760604511379518,
      "months": [
        12,
        1,
        2
      ]
    },
    "JFM": {
      "efp": 0.12926857865188796,
      "months": [
        1,
        2,
        3
      ]
    },
    "FMA": {
      "efp": 0.10743786660893337,
      "months": [
        2,
        3,
        4
      ]
    },
    "MAM": {
      "efp": 0.18104043805977718,
      "months": [
        3,
        4,
        5
      ]
    },
    "AMJ": {
      "efp": 0.2327528489902668,
      "months": [
        4,
        5,
        6
      ]
    },
    "MJJ": {
      "efp": 0.29873488769921325,
      "months": [
        5,
        6,
        7
      ]
    },
    "JJA": {
      "efp": 0.3366411516423418,
      "months": [
        6,
        7,
        8
      ]
    },
    "JAS": {
      "efp": 0.33529939803361913,
      "months": [
        7,
        8,
        9
      ]
    },
    "ASO": {
      "efp": 0.30790832450636807,
      "months": [
        8,
        9,
        10
      ]
    },
    "SON": {
      "efp": 0.3353731216702368,
      "months": [
        9,
        10,
        11
      ]
    },
    "OND": {
      "efp": 0.34767318571032346,
      "months": [
        10,
        11,
        12
      ]
    },
    "NDJ": {
      "efp": 0.2469337058495018,
      "months": [
        11,
        12,
        1
      ]
    }
  },
  "efp_sh_123": {
    "DJF": {
      "efp": 0.03362802632484299,
      "months": [
        12,
        1,
        2
      ]
    },
    "JFM": {
      "efp": 0.03195446334426016,
      "months": [
        1,
        2,
        3
      ]
    },
    "FMA": {
      "efp": 0.06503930879213779,
      "months": [
        2,
        3,
        4
      ]
    },
    "MAM": {
      "efp": 0.024564316046166785,
      "months": [
        3,
        4,
        5
      ]
    },
    "AMJ": {
      "efp": 0.0234315463955931,
      "months": [
        4,
        5,
        6
      ]
    },
    "MJJ": {
      "efp": 0.047238176170094535,
      "months": [
        5,
        6,
        7
      ]
    },
    "JJA": {
      "efp": 0.047427083056700584,
      "months": [
        6,
        7,
        8
      ]
    },
    "JAS": {
      "efp": 0.04446746939749327,
      "months": [
        7,
        8,
        9
      ]
    },
    "ASO": {
      "efp": 0.05972950209769585,
      "months": [
        8,
        9,
        10
      ]
    },
    "SON": {
      "efp": 0.03180792541619217,
      "months": [
        9,
        10,
        11
      ]
    },
    "OND": {
      "efp": 0.04097466865511773,
      "months": [
        10,
        11,
        12
      ]
    },
    "NDJ": {
      "efp": 0.088678668554444,
      "months": [
        11,
        12,
        1
      ]
    }
  },
  "efp_sh_gt3": {
    "DJF": {
      "efp": 0.14008323019114308,
      "months": [
        12,
        1,
        2
      ]
    },
    "JFM": {
      "efp": 0.09941344406380866,
      "months": [
        1,
        2,
        3
      ]
    },
    "FMA": {
      "efp": 0.09021156626962323,
      "months": [
        2,
        3,
        4
      ]
    },
    "MAM": {
      "efp": 0.1267082360721694,
      "months": [
        3,
        4,
        5
      ]
    },
    "AMJ": {
      "efp": 0.15218843366572093,
      "months": [
        4,
        5,
        6
      ]
    },
    "MJJ": {
      "efp": 0.20457688112794895,
      "months": [
        5,
        6,
        7
      ]
    },
    "JJA": {
      "efp": 0.24177805201721736,
      "months": [
        6,
        7,
        8
      ]
    },
    "JAS": {
      "efp": 0.23097776390653169,
      "months": [
        7,
        8,
        9
      ]
    },
    "ASO": {
      "efp": 0.25900909653575005,
      "months": [
        8,
        9,
        10
      ]
    },
    "SON": {
      "efp": 0.2866405938043468,
      "months": [
        9,
        10,
        11
      ]
    },