{
  "efp_nh": {
    "DJF": {
      "efp": 0.1991868896640418,
      "months": [
        12,
        1,
        2
      ]
    },
    "JFM": {
      "efp": 0.1890885832044929,
      "months": [
        1,
        2,
        3
      ]
    },
    "FMA": {
      "efp": 0.14101963268960954,
      "months": [
        2,
        3,
        4
      ]
    },
    "MAM": {
      "efp": 0.1432933403788252,
      "months": [
        3,
        4,
        5
      ]
    },
    "AMJ": {
      "efp": 0.1410444267515374,
      "months": [
        4,
        5,
        6
      ]
    },
    "MJJ": {
      "efp": 0.23003604660181742,
      "months": [
        5,
        6,
        7
      ]
    },
    "JJA": {
      "efp": 0.19163649196357077,
      "months": [
        6,
        7,
        8
      ]
    },
    "JAS": {
      "efp": 0.13420234403666992,
      "months": [
        7,
        8,
        9
      ]
    },
    "ASO": {
      "efp": 0.2155055708059072,
      "months": [
        8,
        9,
        10
      ]
    },
    "SON": {
      "efp": 0.19015112820779698,
      "months": [
        9,
        10,
        11
      ]
    },
    "OND": {
      "efp": 0.27793215345648103,
      "months": [
        10,
        11,
        12
      ]
    },
    "NDJ": {
      "efp": 0.2525432052573105,
      "months": [
        11,
        12,
        1
      ]
    }
  },
  "efp_nh_123": {
    "DJF": {
      "efp": 0.04508871733818344,
      "months": [
        12,
        1,
        2
      ]
    },
    "JFM": {
      "efp": 0.01995169390372353,
      "months": [
        1,
        2,
        3
      ]
    },
    "FMA": {
      "efp": 0.02428653284027541,
      "months": [
        2,
        3,
        4
      ]
    },
    "MAM": {
      "efp": 0.030899761801427412,
      "months": [
        3,
        4,
        5
      ]
    },
    "AMJ": {
      "efp": 0.02284344671912494,
      "months": [
        4,
        5,
        6
      ]
    },
    "MJJ": {
      "efp": 0.020541806346744757,
      "months": [
        5,
        6,
        7
      ]
    },
    "JJA": {
      "efp": 0.06482319893028006,
      "months": [
        6,
        7,
        8
      ]
    },
    "JAS": {
      "efp": 0.04932192053435712,
      "months": [
        7,
        8,
        9
      ]
    },
    "ASO": {
      "efp": 0.035144068615172615,
      "months": [
        8,
        9,
        10
      ]
    },
    "SON": {
      "efp": 0.050447215749735125,
      "months": [
        9,
        10,
        11
      ]
    },
    "OND": {
      "efp": 0.06811470297234934,
      "months": [
        10,
        11,
        12
      ]
    },
    "NDJ": {
      "efp": 0.055654663664125664,
      "months": [
        11,
        12,
        1
      ]
    }
  },
  "efp_nh_gt3": {
    "DJF": {
      "efp": 0.1580408185264067,
      "months": [
        12,
        1,
        2
      ]
    },
    "JFM": {
      "efp": 0.18145016775909095,
      "months": [
        1,
        2,
        3
      ]
    },
    "FMA": {
      "efp": 0.17375842640195074,
      "months": [
        2,
        3,
        4
      ]
    },
    "MAM": {
      "efp": 0.1655350799932675,
      "months": [
        3,
        4,
        5
      ]
    },
    "AMJ": {
      "efp": 0.17009601262243407,
      "months": [
        4,
        5,
        6
      ]
    },
    "MJJ": {
      "efp": 0.19263840680769448,
      "months": [
        5,
        6,
        7
      ]
    },
    "JJA": {
      "efp": 0.2072949301802994,
      "months": [
        6,
        7,
        8
      ]
    },
    "JAS": {
      "efp": 0.15448771085950358,
      "months": [
        7,
        8,
        9
      ]
    },
    "ASO": {
      "efp": 0.16313165183979203,
      "months": [
        8,
        9,
        10
      ]
    },
    "SON": {
      "efp": 0.11752455655785093,
      "months": [
        9,
        10,
        11
      ]
    },
    "OND": {
      "efp": 0.16851292961914363,
      "months": [
        10,
        11,
        12
      ]
    },
    "NDJ": {
      "efp": 0.19206634661990496,
      "months": [
        11,
        12,
        1
      ]
    }
  },
  "efp_sh": {
    "DJF": {
      "efp": 0.21821071420830748,
      "months": [
        12,
        1,
        2
      ]
    },
    "JFM": {
      "efp": 0.18451373559235265,
      "months": [
        1,
        2,
        3
      ]
    },
    "FMA": {
      "efp": 0.23184344108625554,
      "months": [
        2,
        3,
        4
      ]
    },
    "MAM": {
      "efp": 0.3372650536807902,
      "months": [
        3,
        4,
        5
      ]
    },
    "AMJ": {
      "efp": 0.3205849142683559,
      "months": [
        4,
        5,
        6
      ]
    },
    "MJJ": {
      "efp": 0.34893988430592293,
      "months": [
        5,
        6,
        7
      ]
    },
    "JJA": {
      "efp": 0.3782867994645958,
      "months": [
        6,
        7,
        8
      ]
    },
    "JAS": {
      "efp": 0.4273369921329601,
      "months": [
        7,
        8,
        9
      ]
    },
    "ASO": {
      "efp": 0.4589025626812913,
      "months": [
        8,
        9,
        10
      ]
    },
    "SON": {
      "efp": 0.40718489344458303,
      "months": [
        9,
        10,
        11
      ]
    },
    "OND": {
      "efp": 0.30191918381820604,
      "months": [
        10,
        11,
        12
      ]
    },
    "NDJ": {
      "efp": 0.24695432996312142,
      "months": [
        11,
        12,
        1
      ]
    }
  },
  "efp_sh_123": {
    "DJF": {
      "efp": 0.13962551178715718,
      "months": [
        12,
        1,
        2
      ]
    },
    "JFM": {
      "efp": 0.10601863577012484,
      "months": [
        1,
        2,
        3
      ]
    },
    "FMA": {
      "efp": 0.07545804145677323,
      "months": [
        2,
        3,
        4
      ]
    },
    "MAM": {
      "efp": 0.04689383231161303,
      "months": [
        3,
        4,
        5
      ]
    },
    "AMJ": {
      "efp": 0.06726762994376745,
      "months": [
        4,
        5,
        6
      ]
    },
    "MJJ": {
      "efp": 0.047552210648887545,
      "months": [
        5,
        6,
        7
      ]
    },
    "JJA": {
      "efp": 0.061479394682074244,
      "months": [
        6,
        7,
        8
      ]
    },
    "JAS": {
      "efp": 0.0447858387829706,
      "months": [
        7,
        8,
        9
      ]
    },
    "ASO": {
      "efp": 0.055654863722538396,
      "months": [
        8,
        9,
        10
      ]
    },
    "SON": {
      "efp": 0.05229296003824307,
      "months": [
        9,
        10,
        11
      ]
    },
    "OND": {
      "efp": 0.05703141625274246,
      "months": [
        10,
        11,
        12
      ]
    },
    "NDJ": {
      "efp": 0.08943783833389381,
      "months": [
        11,
        12,
        1
      ]
    }
  },
  "efp_sh_gt3": {
    "DJF": {
      "efp": 0.181425006984107,
      "months": [
        12,
        1,
        2
      ]
    },
    "JFM": {
      "efp": 0.21718008103319492,
      "months": [
        1,
        2,
        3
      ]
    },
    "FMA": {
      "efp": 0.282590064206766,
      "months": [
        2,
        3,
        4
      ]
    },
    "MAM": {
      "efp": 0.28410496506314065,
      "months": [
        3,
        4,
        5
      ]
    },
    "AMJ": {
      "efp": 0.2865509497551598,
      "months": [
        4,
        5,
        6
      ]
    },
    "MJJ": {
      "efp": 0.2667338546878282,
      "months": [
        5,
        6,
        7
      ]
    },
    "JJA": {
      "efp": 0.24606081126713453,
      "months": [
        6,
        7,
        8
      ]
    },
    "JAS": {
      "efp": 0.3272606547296755,
      "months": [
        7,
        8,
        9
      ]
    },
    "ASO": {
      "efp": 0.34371511463271576,
      "months": [
        8,
        9,
        10
      ]
    },
    "SON": {
      "efp": 0.33496714310216746,
      "months": [
        9,
        10,
        11
      ]
    },