{
  "efp_nh": {
    "DJF": {
      "efp": 0.34039213315018724,
      "months": [
        12,
        1,
        2
      ]
    },
    "JFM": {
      "efp": 0.33762249443552766,
      "months": [
        1,
        2,
        3
      ]
    },
    "FMA": {
      "efp": 0.2742107746723612,
      "months": [
        2,
        3,
        4
      ]
    },
    "MAM": {
      "efp": 0.22273794756835041,
      "months": [
        3,
        4,
        5
      ]
    },
    "AMJ": {
      "efp": 0.22787771138340562,
      "months": [
        4,
        5,
        6
      ]
    },
    "MJJ": {
      "efp": 0.16016800857015379,
      "months": [
        5,
        6,
        7
      ]
    },
    "JJA": {
      "efp": 0.1601966319440721,
      "months": [
        6,
        7,
        8
      ]
    },
    "JAS": {
      "efp": 0.15617227787636304,
      "months": [
        7,
        8,
        9
      ]
    },
    "ASO": {
      "efp": 0.11983211046545654,
      "months": [
        8,
        9,
        10
      ]
    },
    "SON": {
      "efp": 0.1428965424820796,
      "months": [
        9,
        10,
        11
      ]
    },
    "OND": {
      "efp": 0.19649176575457483,
      "months": [
        10,
        11,
        12
      ]
    },
    "NDJ": {
      "efp": 0.2955954475869098,
      "months": [
        11,
        12,
        1
      ]
    }
  },
  "efp_nh_123": {
    "DJF": {
      "efp": 0.1661785126874172,
      "months": [
        12,
        1,
        2
      ]
    },
    "JFM": {
      "efp": 0.15041406394477838,
      "months": [
        1,
        2,
        3
      ]
    },
    "FMA": {
      "efp": 0.09953757546943187,
      "months": [
        2,
        3,
        4
      ]
    },
    "MAM": {
      "efp": 0.06625740465902508,
      "months": [
        3,
        4,
        5
      ]
    },
    "AMJ": {
      "efp": 0.08742480576013803,
      "months": [
        4,
        5,
        6
      ]
    },
    "MJJ": {
      "efp": 0.05155532363230811,
      "months": [
        5,
        6,
        7
      ]
    },
    "JJA": {
      "efp": 0.07611594239578982,
      "months": [
        6,
        7,
        8
      ]
    },
    "JAS": {
      "efp": 0.03850563917546939,
      "months": [
        7,
        8,
        9
      ]
    },
    "ASO": {
      "efp": 0.04266269850330408,
      "months": [
        8,
        9,
        10
      ]
    },
    "SON": {
      "efp": 0.046320274956369784,
      "months": [
        9,
        10,
        11
      ]
    },
    "OND": {
      "efp": 0.05862647911748233,
      "months": [
        10,
        11,
        12
      ]
    },
    "NDJ": {
      "efp": 0.09701532960259222,
      "months": [
        11,
        12,
        1
      ]
    }
  },
  "efp_nh_gt3": {
    "DJF": {
      "efp": 0.22609582336634618,
      "months": [
        12,
        1,
        2
      ]
    },
    "JFM": {
      "efp": 0.21219820914491094,
      "months": [
        1,
        2,
        3
      ]
    },
    "FMA": {
      "efp": 0.17347952423462218,
      "months": [
        2,
        3,
        4
      ]
    },
    "MAM": {
      "efp": 0.1606527410597108,
      "months": [
        3,
        4,
        5
      ]
    },
    "AMJ": {
      "efp": 0.12556572900420226,
      "months": [
        4,
        5,
        6
      ]
    },
    "MJJ": {
      "efp": 0.10921666833443988,
      "months": [
        5,
        6,
        7
      ]
    },
    "JJA": {
      "efp": 0.12895624159676317,
      "months": [
        6,
        7,
        8
      ]
    },
    "JAS": {
      "efp": 0.1203549839593877,
      "months": [
        7,
        8,
        9
      ]
    },
    "ASO": {
      "efp": 0.1062307297082326,
      "months": [
        8,
        9,
        10
      ]
    },
    "SON": {
      "efp": 0.10034988705898404,
      "months": [
        9,
        10,
        11
      ]
    },
    "OND": {
      "efp": 0.14021311185481514,
      "months": [
        10,
        11,
        12
      ]
    },
    "NDJ": {
      "efp": 0.19237656715337476,
      "months": [
        11,
        12,
        1
      ]
    }
  },
  "efp_sh": {
    "DJF": {
      "efp": 0.2058998732983222,
      "months": [
        12,
        1,
        2
      ]
    },
    "JFM": {
      "efp": 0.1649389355599074,
      "months": [
        1,
        2,
        3
      ]
    },
    "FMA": {
      "efp": 0.16643667249366678,
      "months": [
        2,
        3,
        4
      ]
    },
    "MAM": {
      "efp": 0.25312272632933347,
      "months": [
        3,
        4,
        5
      ]
    },
    "AMJ": {
      "efp": 0.2599463981120255,
      "months": [
        4,
        5,
        6
      ]
    },
    "MJJ": {
      "efp": 0.3122426672620112,
      "months": [
        5,
        6,
        7
      ]
    },
    "JJA": {
      "efp": 0.3369373075228253,
      "months": [
        6,
        7,
        8
      ]
    },
    "JAS": {
      "efp": 0.2726417106083958,
      "months": [
        7,
        8,
        9
      ]
    },
    "ASO": {
      "efp": 0.2725064089932843,
      "months": [
        8,
        9,
        10
      ]
    },
    "SON": {
      "efp": 0.2760861904451534,
      "months": [
        9,
        10,
        11
      ]
    },
    "OND": {
      "efp": 0.3019205519652647,
      "months": [
        10,
        11,
        12
      ]
    },
    "NDJ": {
      "efp": 0.26399977701312166,
      "months": [
        11,
        12,
        1
      ]
    }
  },
  "efp_sh_123": {
    "DJF": {
      "efp": 0.09362613672661073,
      "months": [
        12,
        1,
        2
      ]
    },
    "JFM": {
      "efp": 0.07774801247214229,
      "months": [
        1,
        2,
        3
      ]
    },
    "FMA": {
      "efp": 0.05728256870941601,
      "months": [
        2,
        3,
        4
      ]
    },
    "MAM": {
      "efp": 0.029365137359857057,
      "months": [
        3,
        4,
        5
      ]
    },
    "AMJ": {
      "efp": 0.021862011836420017,
      "months": [
        4,
        5,
        6
      ]
    },
    "MJJ": {
      "efp": 0.03722759281517656,
      "months": [
        5,
        6,
        7
      ]
    },
    "JJA": {
      "efp": 0.04227941316024108,
      "months": [
        6,
        7,
        8
      ]
    },
    "JAS": {
      "efp": 0.04795730532632338,
      "months": [
        7,
        8,
        9
      ]
    },
    "ASO": {
      "efp": 0.02026180252491319,
      "months": [
        8,
        9,
        10
      ]
    },
    "SON": {
      "efp": 0.025916348995993693,
      "months": [
        9,
        10,
        11
      ]
    },
    "OND": {
      "efp": 0.04797329702782216,
      "months": [
        10,
        11,
        12
      ]
    },
    "NDJ": {
      "efp": 0.04762992821104282,
      "months": [
        11,
        12,
        1
      ]
    }
  },
  "efp_sh_gt3": {
    "DJF": {
      "efp": 0.19889119792425236,
      "months": [
        12,
        1,
        2
      ]
    },
    "JFM": {
      "efp": 0.18000891506892397,
      "months": [
        1,
        2,
        3
      ]
    },
    "FMA": {
      "efp": 0.19342684761499707,
      "months": [
        2,
        3,
        4
      ]
    },
    "MAM": {
      "efp": 0.21420974934533868,
      "months": [
        3,
        4,
        5
      ]
    },
    "AMJ": {
      "efp": 0.19444559202258158,
      "months": [
        4,
        5,
        6
      ]
    },
    "MJJ": {
      "efp": 0.2452739665020172,
      "months": [
        5,
        6,
        7
      ]
    },
    "JJA": {
      "efp": 0.2740505250660664,
      "months": [
        6,
        7,
        8
      ]
    },
    "JAS": {
      "efp": 0.2255951763708603,
      "months": [
        7,
        8,
        9
      ]
    },
    "ASO": {
      "efp": 0.18652660829235512,
      "months": [
        8,
        9,
        10
      ]
    },
    "SON": {
      "efp": 0.2099203797681462,
      "months": [
        9,
        10,
        11
      ]
    },