{
  "efp_nh": {
    "DJF": {
      "efp": 0.31451194958211487,
      "months": [
        12,
        1,
        2
      ]
    },
    "JFM": {
      "efp": 0.32851165402557975,
      "months": [
        1,
        2,
        3
      ]
    },
    "FMA": {
      "efp": 0.31812539918233873,
      "months": [
        2,
        3,
        4
      ]
    },
    "MAM": {
      "efp": 0.2755090943178536,
      "months": [
        3,
        4,
        5
      ]
    },
    "AMJ": {
      "efp": 0.22856573487955706,
      "months": [
        4,
        5,
        6
      ]
    },
    "MJJ": {
      "efp": 0.1985224712430405,
      "months": [
        5,
        6,
        7
      ]
    },
    "JJA": {
      "efp": 0.15787003087030074,
      "months": [
        6,
        7,
        8
      ]
    },
    "JAS": {
      "efp": 0.10786475495124871,
      "months": [
        7,
        8,
        9
      ]
    },
    "ASO": {
      "efp": 0.09895226054674398,
      "months": [
        8,
        9,
        10
      ]
    },
    "SON": {
      "efp": 0.1223004968994248,
      "months": [
        9,
        10,
        11
      ]
    },
    "OND": {
      "efp": 0.2041490327450241,
      "months": [
        10,
        11,
        12
      ]
    },
    "NDJ": {
      "efp": 0.23286015954335376,
      "months": [
        11,
        12,
        1
      ]
    }
  },
  "efp_nh_123": {
    "DJF": {
      "efp": 0.1277974934707727,
      "months": [
        12,
        1,
        2
      ]
    },
    "JFM": {
      "efp": 0.13698909676740859,
      "months": [
        1,
        2,
        3
      ]
    },
    "FMA": {
      "efp": 0.11245412368368085,
      "months": [
        2,
        3,
        4
      ]
    },
    "MAM": {
      "efp": 0.066786759116798,
      "months": [
        3,
        4,
        5
      ]
    },
    "AMJ": {
      "efp": 0.05304526432166065,
      "months": [
        4,
        5,
        6
      ]
    },
    "MJJ": {
      "efp": 0.03315563739398614,
      "months": [
        5,
        6,
        7
      ]
    },
    "JJA": {
      "efp": 0.02506355635715471,
      "months": [
        6,
        7,
        8
      ]
    },
    "JAS": {
      "efp": 0.025273456130014492,
      "months": [
        7,
        8,
        9
      ]
    },
    "ASO": {
      "efp": 0.015202853864569018,
      "months": [
        8,
        9,
        10
      ]
    },
    "SON": {
      "efp": 0.02455137373214655,
      "months": [
        9,
        10,
        11
      ]
    },
    "OND": {
      "efp": 0.044897904392246876,
      "months": [
        10,
        11,
        12
      ]
    },
    "NDJ": {
      "efp": 0.07375143518192274,
      "months": [
        11,
        12,
        1
      ]
    }
  },
  "efp_nh_gt3": {
    "DJF": {
      "efp": 0.16008536176623667,
      "months": [
        12,
        1,
        2
      ]
    },
    "JFM": {
      "efp": 0.19462417943213717,
      "months": [
        1,
        2,
        3
      ]
    },
    "FMA": {
      "efp": 0.19685904864765658,
      "months": [
        2,
        3,
        4
      ]
    },
    "MAM": {
      "efp": 0.18242468218344884,
      "months": [
        3,
        4,
        5
      ]
    },
    "AMJ": {
      "efp": 0.15993561419730626,
      "months": [
        4,
        5,
        6
      ]
    },
    "MJJ": {
      "efp": 0.12189530750786504,
      "months": [
        5,
        6,
        7
      ]
    },
    "JJA": {
      "efp": 0.10421541572419257,
      "months": [
        6,
        7,
        8
      ]
    },
    "JAS": {
      "efp": 0.08693151912499425,
      "months": [
        7,
        8,
        9
      ]
    },
    "ASO": {
      "efp": 0.07468976253714037,
      "months": [
        8,
        9,
        10
      ]
    },
    "SON": {
      "efp": 0.10071528511556947,
      "months": [
        9,
        10,
        11
      ]
    },
    "OND": {
      "efp": 0.14515986144800305,
      "months": [
        10,
        11,
        12
      ]
    },
    "NDJ": {
      "efp": 0.1366678822396562,
      "months": [
        11,
        12,
        1
      ]
    }
  },
  "efp_sh": {
    "DJF": {
      "efp": 0.15130238445143282,
      "months": [
        12,
        1,
        2
      ]
    },
    "JFM": {
      "efp": 0.17514672236932818,
      "months": [
        1,
        2,
        3
      ]
    },
    "FMA": {
      "efp": 0.1315989736056067,
      "months": [
        2,
        3,
        4
      ]
    },
    "MAM": {
      "efp": 0.17872334259059225,
      "months": [
        3,
        4,
        5
      ]
    },
    "AMJ": {
      "efp": 0.2253231908613123,
      "months": [
        4,
        5,
        6
      ]
    },
    "MJJ": {
      "efp": 0.3243056391107824,
      "months": [
        5,
        6,
        7
      ]
    },
    "JJA": {
      "efp": 0.32578949463402457,
      "months": [
        6,
        7,
        8
      ]
    },
    "JAS": {
      "efp": 0.31952783572640603,
      "months": [
        7,
        8,
        9
      ]
    },
    "ASO": {
      "efp": 0.34669451669388296,
      "months": [
        8,
        9,
        10
      ]
    },
    "SON": {
      "efp": 0.3419278238306562,
      "months": [
        9,
        10,
        11
      ]
    },
    "OND": {
      "efp": 0.2829376070096738,
      "months": [
        10,
        11,
        12
      ]
    },
    "NDJ": {
      "efp": 0.19495768792186302,
      "months": [
        11,
        12,
        1
      ]
    }
  },
  "efp_sh_123": {
    "DJF": {
      "efp": 0.029296122331112093,
      "months": [
        12,
        1,
        2
      ]
    },
    "JFM": {
      "efp": 0.0266589158157477,
      "months": [
        1,
        2,
        3
      ]
    },
    "FMA": {
      "efp": 0.021136507571698958,
      "months": [
        2,
        3,
        4
      ]
    },
    "MAM": {
      "efp": 0.012390960515493394,
      "months": [
        3,
        4,
        5
      ]
    },
    "AMJ": {
      "efp": 0.012914502133511687,
      "months": [
        4,
        5,
        6
      ]
    },
    "MJJ": {
      "efp": 0.018389880787185283,
      "months": [
        5,
        6,
        7
      ]
    },
    "JJA": {
      "efp": 0.030130060623156735,
      "months": [
        6,
        7,
        8
      ]
    },
    "JAS": {
      "efp": 0.021814108276864266,
      "months": [
        7,
        8,
        9
      ]
    },
    "ASO": {
      "efp": 0.03297002446348657,
      "months": [
        8,
        9,
        10
      ]
    },
    "SON": {
      "efp": 0.033413698954438194,
      "months": [
        9,
        10,
        11
      ]
    },
    "OND": {
      "efp": 0.03250309525656262,
      "months": [
        10,
        11,
        12
      ]
    },
    "NDJ": {
      "efp": 0.03678537855723037,
      "months": [
        11,
        12,
        1
      ]
    }
  },
  "efp_sh_gt3": {
    "DJF": {
      "efp": 0.1106197350495958,
      "months": [
        12,
        1,
        2
      ]
    },
    "JFM": {
      "efp": 0.12750147671492698,
      "months": [
        1,
        2,
        3
      ]
    },
    "FMA": {
      "efp": 0.09755350824758899,
      "months": [
        2,
        3,
        4
      ]
    },
    "MAM": {
      "efp": 0.1403549413470916,
      "months": [
        3,
        4,
        5
      ]
    },
    "AMJ": {
      "efp": 0.1735831129528321,
      "months": [
        4,
        5,
        6
      ]
    },
    "MJJ": {
      "efp": 0.2082349619223314,
      "months": [
        5,
        6,
        7
      ]
    },
    "JJA": {
      "efp": 0.23042223527183314,
      "months": [
        6,
        7,
        8
      ]
    },
    "JAS": {
      "efp": 0.24209691937711578,
      "months": [
        7,
        8,
        9
      ]
    },
    "ASO": {
      "efp": 0.2585796177236848,
      "months": [
        8,
        9,
        10
      ]
    },
    "SON": {
      "efp": 0.23994489514770778,